model,category,concat_variant,reference_variant,layer,mean_cos,std_across_pairs,n_pairs,n_rows_total,sem_across_pairs
Llama-3.2-3B-Instruct,ideology,negpos,negative,0,0.9983650315702355,0.00019158449617150285,50,5000,2.7094139282615564e-05
Llama-3.2-3B-Instruct,ideology,negpos,negative,1,0.9975589224536199,0.0001717105721937895,50,5000,2.4283541999930154e-05
Llama-3.2-3B-Instruct,ideology,negpos,negative,2,0.9957651353360343,0.00019477949454846114,50,5000,2.7545980286261007e-05
Llama-3.2-3B-Instruct,ideology,negpos,negative,3,0.9832410718154313,0.0007164042067132144,50,5000,0.0001013148545274966
Llama-3.2-3B-Instruct,ideology,negpos,negative,4,0.936684298928333,0.0022084307613873064,50,5000,0.0003123192734315869
Llama-3.2-3B-Instruct,ideology,negpos,negative,5,0.8970551375992936,0.0030318298209581103,50,5000,0.0004287654851606152
Llama-3.2-3B-Instruct,ideology,negpos,negative,6,0.8335808846017533,0.00728990331589524,50,5000,0.0010309480137727645
Llama-3.2-3B-Instruct,ideology,negpos,negative,7,0.7825280949317285,0.009758398899029835,50,5000,0.001380046007005467
Llama-3.2-3B-Instruct,ideology,negpos,negative,8,0.7220037138973613,0.010279382341052138,50,5000,0.001453724191953443
Llama-3.2-3B-Instruct,ideology,negpos,negative,9,0.692520755833621,0.01015768120733285,50,5000,0.001436513052567243
Llama-3.2-3B-Instruct,ideology,negpos,negative,10,0.64828064476414,0.01307237352044359,50,5000,0.0018487127925018245
Llama-3.2-3B-Instruct,ideology,negpos,negative,11,0.6625249725854172,0.01170883786309296,50,5000,0.0016558797305613671
Llama-3.2-3B-Instruct,ideology,negpos,negative,12,0.6155171456035898,0.01772278806304634,50,5000,0.0025063807241824127
Llama-3.2-3B-Instruct,ideology,negpos,negative,13,0.6114135511473163,0.021438663393100774,50,5000,0.003031884852967471
Llama-3.2-3B-Instruct,ideology,negpos,negative,14,0.6263851875339502,0.02155297584114649,50,5000,0.0030480510744049032
Llama-3.2-3B-Instruct,ideology,negpos,negative,15,0.603503558762356,0.023634753514654737,50,5000,0.0033424588963769904
Llama-3.2-3B-Instruct,ideology,negpos,negative,16,0.6020478831228426,0.02395445865979523,50,5000,0.0033876720315988047
Llama-3.2-3B-Instruct,ideology,negpos,negative,17,0.6232589297037758,0.022600679479656813,50,5000,0.003196218743897797
Llama-3.2-3B-Instruct,ideology,negpos,negative,18,0.6043785617399694,0.02452262169669822,50,5000,0.0034680224188415342
Llama-3.2-3B-Instruct,ideology,negpos,negative,19,0.594186424254422,0.02596545976844691,50,5000,0.003672070535779058
Llama-3.2-3B-Instruct,ideology,negpos,negative,20,0.5888952445544664,0.02846769857159051,50,5000,0.0040259405409492485
Llama-3.2-3B-Instruct,ideology,negpos,negative,21,0.5794724259198298,0.0294494169086581,50,5000,0.004164776479620383
Llama-3.2-3B-Instruct,ideology,negpos,negative,22,0.5816633476614039,0.03013768335814726,50,5000,0.004262112054359778
Llama-3.2-3B-Instruct,ideology,negpos,negative,23,0.5672229567090654,0.030875655639819314,50,5000,0.004366477095299382
Llama-3.2-3B-Instruct,ideology,negpos,negative,24,0.6003187287169197,0.02757065907451878,50,5000,0.0038990799986749303
Llama-3.2-3B-Instruct,ideology,negpos,negative,25,0.6340360683460833,0.025844396008175327,50,5000,0.0036549495346102625
Llama-3.2-3B-Instruct,ideology,negpos,negative,26,0.7452506421154784,0.01960602938798086,50,5000,0.0027727112664768004
Llama-3.2-3B-Instruct,ideology,negpos,negative,27,0.8158302441786427,0.015170391169052125,50,5000,0.0021454172937778546
Llama-3.2-3B-Instruct,ideology,negpos,positive,0,0.997603491662007,0.00018263939665856945,50,5000,2.5829111177818822e-05
Llama-3.2-3B-Instruct,ideology,negpos,positive,1,0.9967520838479759,0.00017574530230030246,50,5000,2.485413900364472e-05
Llama-3.2-3B-Instruct,ideology,negpos,positive,2,0.994785781139956,0.00020684541460908002,50,5000,2.925235906548469e-05
Llama-3.2-3B-Instruct,ideology,negpos,positive,3,0.9780181130812126,0.0007907166824543949,50,5000,0.00011182422563216651
Llama-3.2-3B-Instruct,ideology,negpos,positive,4,0.9257792883099062,0.0024492179129452186,50,5000,0.00034637171896942544
Llama-3.2-3B-Instruct,ideology,negpos,positive,5,0.8790836552359774,0.004426068831398493,50,5000,0.0006259406569360584
Llama-3.2-3B-Instruct,ideology,negpos,positive,6,0.816668586301356,0.009882373037163479,50,5000,0.0013975785977586785
Llama-3.2-3B-Instruct,ideology,negpos,positive,7,0.7659396547315285,0.01375788091623978,50,5000,0.001945658178126028
Llama-3.2-3B-Instruct,ideology,negpos,positive,8,0.7036425569210354,0.014929978786264961,50,5000,0.002111417848547851
Llama-3.2-3B-Instruct,ideology,negpos,positive,9,0.6824345167712318,0.014953229618515302,50,5000,0.00211470601277834
Llama-3.2-3B-Instruct,ideology,negpos,positive,10,0.6414566936324988,0.015882351401714043,50,5000,0.0022461036754679335
Llama-3.2-3B-Instruct,ideology,negpos,positive,11,0.6543284007592479,0.013605567850503125,50,5000,0.0019241178577968877
Llama-3.2-3B-Instruct,ideology,negpos,positive,12,0.6008897064433205,0.01779181884030617,50,5000,0.0025161431503246136
Llama-3.2-3B-Instruct,ideology,negpos,positive,13,0.5909830791684202,0.026632838335738707,50,5000,0.0037664521178891767
Llama-3.2-3B-Instruct,ideology,negpos,positive,14,0.6081469391600197,0.028016641068807822,50,5000,0.003962151377164706
Llama-3.2-3B-Instruct,ideology,negpos,positive,15,0.58481962570757,0.031234884416991838,50,5000,0.00441727971616659
Llama-3.2-3B-Instruct,ideology,negpos,positive,16,0.5833668190307484,0.03263944003812872,50,5000,0.004615913877018505
Llama-3.2-3B-Instruct,ideology,negpos,positive,17,0.6105617871557242,0.03168439429687757,50,5000,0.0044808500130221005
Llama-3.2-3B-Instruct,ideology,negpos,positive,18,0.5899677078317354,0.034467997530475025,50,5000,0.004874510957544012
Llama-3.2-3B-Instruct,ideology,negpos,positive,19,0.5782615296832028,0.03577470250723118,50,5000,0.00505930694755891
Llama-3.2-3B-Instruct,ideology,negpos,positive,20,0.5718428686012136,0.03713080399720063,50,5000,0.005251088659465826
Llama-3.2-3B-Instruct,ideology,negpos,positive,21,0.5628028807446346,0.037388218851735704,50,5000,0.005287492617309805
Llama-3.2-3B-Instruct,ideology,negpos,positive,22,0.5673221016089545,0.038046598655011976,50,5000,0.005380601582008389
Llama-3.2-3B-Instruct,ideology,negpos,positive,23,0.5526717080509096,0.03894345614526189,50,5000,0.005507436384631121
Llama-3.2-3B-Instruct,ideology,negpos,positive,24,0.5869112612696015,0.03446184855085592,50,5000,0.004873641360506803
Llama-3.2-3B-Instruct,ideology,negpos,positive,25,0.6206592545697984,0.030484314847919868,50,5000,0.0043111331497579794
Llama-3.2-3B-Instruct,ideology,negpos,positive,26,0.7392382831571159,0.021067862320246836,50,5000,0.0029794456623502175
Llama-3.2-3B-Instruct,ideology,negpos,positive,27,0.8150389176805837,0.015131625283969918,50,5000,0.0021399349697337894
Llama-3.2-3B-Instruct,ideology,posneg,negative,0,0.9983897538094378,0.00017296512999955067,50,5000,2.4460963266299004e-05
Llama-3.2-3B-Instruct,ideology,posneg,negative,1,0.9975768905173242,0.0001565020983093414,50,5000,2.21327389968918e-05
Llama-3.2-3B-Instruct,ideology,posneg,negative,2,0.9957338396761891,0.00018319356763917105,50,5000,2.5907482789482862e-05
Llama-3.2-3B-Instruct,ideology,posneg,negative,3,0.9828921818697741,0.0008043698281779143,50,5000,0.00011375507201729225
Llama-3.2-3B-Instruct,ideology,posneg,negative,4,0.9357380093590406,0.002247628596908812,50,5000,0.00031786268449260526
Llama-3.2-3B-Instruct,ideology,posneg,negative,5,0.8959441831385009,0.0031809246336494523,50,5000,0.0004498506757793724
Llama-3.2-3B-Instruct,ideology,posneg,negative,6,0.8325268833282581,0.007371184440001656,50,5000,0.001042442900580387
Llama-3.2-3B-Instruct,ideology,posneg,negative,7,0.7813528482018655,0.009705606912887615,50,5000,0.001372580092726773
Llama-3.2-3B-Instruct,ideology,posneg,negative,8,0.7217022091077737,0.010637766407590328,50,5000,0.0015044073526971158
Llama-3.2-3B-Instruct,ideology,posneg,negative,9,0.6927461599377813,0.010776412166073892,50,5000,0.001524014823898412
Llama-3.2-3B-Instruct,ideology,posneg,negative,10,0.6483570264346047,0.012760330628067439,50,5000,0.0018045832634577764
Llama-3.2-3B-Instruct,ideology,posneg,negative,11,0.6626558591538034,0.01108438704250136,50,5000,0.0015675690486098022
Llama-3.2-3B-Instruct,ideology,posneg,negative,12,0.6106345219735223,0.01617492736363491,50,5000,0.002287480164805218
Llama-3.2-3B-Instruct,ideology,posneg,negative,13,0.5947524956077287,0.022849130624813054,50,5000,0.003231355041804505
Llama-3.2-3B-Instruct,ideology,posneg,negative,14,0.6078751093255881,0.024066314477929226,50,5000,0.0034034908331023483
Llama-3.2-3B-Instruct,ideology,posneg,negative,15,0.5825393100838606,0.025169400439411793,50,5000,0.0035594907458215493
Llama-3.2-3B-Instruct,ideology,posneg,negative,16,0.5803676669922111,0.026242778057990374,50,5000,0.003711289264395706
Llama-3.2-3B-Instruct,ideology,posneg,negative,17,0.6042546850249141,0.02516699410616569,50,5000,0.0035591504389103266
Llama-3.2-3B-Instruct,ideology,posneg,negative,18,0.5829073757736147,0.027567216676632676,50,5000,0.003898593170097169
Llama-3.2-3B-Instruct,ideology,posneg,negative,19,0.572267999849869,0.029024866235692393,50,5000,0.00410473594765811
Llama-3.2-3B-Instruct,ideology,posneg,negative,20,0.5654440263219045,0.03172075007458785,50,5000,0.00448599149641295
Llama-3.2-3B-Instruct,ideology,posneg,negative,21,0.5551746906230107,0.03201834682377603,50,5000,0.004528078032294957
Llama-3.2-3B-Instruct,ideology,posneg,negative,22,0.5579569210780062,0.03232353986163339,50,5000,0.004571238845622929
Llama-3.2-3B-Instruct,ideology,posneg,negative,23,0.5426288807788882,0.033504908898201825,50,5000,0.0047383096569912015
Llama-3.2-3B-Instruct,ideology,posneg,negative,24,0.5764055025484843,0.030108037522396082,50,5000,0.004257919500061057
Llama-3.2-3B-Instruct,ideology,posneg,negative,25,0.6121375325777368,0.02726675917959585,50,5000,0.0038561020633745536
Llama-3.2-3B-Instruct,ideology,posneg,negative,26,0.7310164441935126,0.019937951621699822,50,5000,0.0028196521589346534
Llama-3.2-3B-Instruct,ideology,posneg,negative,27,0.8060511618697942,0.014711542662899842,50,5000,0.002080526315730335
Llama-3.2-3B-Instruct,ideology,posneg,positive,0,0.9975758364158156,0.00019661414261281775,50,5000,2.7805438703740472e-05
Llama-3.2-3B-Instruct,ideology,posneg,positive,1,0.9967330732363151,0.00018691865979661814,50,5000,2.6434290374497994e-05
Llama-3.2-3B-Instruct,ideology,posneg,positive,2,0.994823264045983,0.00020416716002720798,50,5000,2.8873596670167555e-05
Llama-3.2-3B-Instruct,ideology,posneg,positive,3,0.9782341611103225,0.0007567767335494216,50,5000,0.0001070243920274002
Llama-3.2-3B-Instruct,ideology,posneg,positive,4,0.9260502422523493,0.0025889108169264933,50,5000,0.00036612727890718554
Llama-3.2-3B-Instruct,ideology,posneg,positive,5,0.8793324539330767,0.004309674706633115,50,5000,0.000609480041953684
Llama-3.2-3B-Instruct,ideology,posneg,positive,6,0.8173550831166068,0.009902978393321084,50,5000,0.0014004926351722398
Llama-3.2-3B-Instruct,ideology,posneg,positive,7,0.7670258549506876,0.013450617970783037,50,5000,0.0019022046356580648
Llama-3.2-3B-Instruct,ideology,posneg,positive,8,0.7034889409167211,0.01617568565967969,50,5000,0.0022875874040603
Llama-3.2-3B-Instruct,ideology,posneg,positive,9,0.6820296622874065,0.017328529643844574,50,5000,0.0024506241638309213
Llama-3.2-3B-Instruct,ideology,posneg,positive,10,0.6403039792204979,0.01890630704208691,50,5000,0.0026737555833309264
Llama-3.2-3B-Instruct,ideology,posneg,positive,11,0.65319809821939,0.01409669610233564,50,5000,0.001993573881257501
Llama-3.2-3B-Instruct,ideology,posneg,positive,12,0.607357424374853,0.018923359690779493,50,5000,0.0026761671920364698
Llama-3.2-3B-Instruct,ideology,posneg,positive,13,0.6109441087133396,0.026867983922124247,50,5000,0.0037997067256290372
Llama-3.2-3B-Instruct,ideology,posneg,positive,14,0.6289516174761879,0.029693023343364943,50,5000,0.00419922763200476
Llama-3.2-3B-Instruct,ideology,posneg,positive,15,0.6086901780290332,0.0331972403250582,50,5000,0.004694798750105631
Llama-3.2-3B-Instruct,ideology,posneg,positive,16,0.6079702454195521,0.034412277174267744,50,5000,0.004866630909199153
Llama-3.2-3B-Instruct,ideology,posneg,positive,17,0.633476244311621,0.032064777945390276,50,5000,0.004534644384485263
Llama-3.2-3B-Instruct,ideology,posneg,positive,18,0.6156013109587524,0.03508742627611419,50,5000,0.004962111410844679
Llama-3.2-3B-Instruct,ideology,posneg,positive,19,0.6041868594836278,0.03699577536211852,50,5000,0.005231992726761641
Llama-3.2-3B-Instruct,ideology,posneg,positive,20,0.598819216764705,0.038195911952401185,50,5000,0.0054017176710294355
Llama-3.2-3B-Instruct,ideology,posneg,positive,21,0.5915746734774163,0.03818831044945988,50,5000,0.005400642656174035
Llama-3.2-3B-Instruct,ideology,posneg,positive,22,0.5953337956460801,0.038072731838139785,50,5000,0.005384297372209122
Llama-3.2-3B-Instruct,ideology,posneg,positive,23,0.5814335291626498,0.03888924497329245,50,5000,0.0054997697671679896
Llama-3.2-3B-Instruct,ideology,posneg,positive,24,0.6137376288120208,0.03534171508249629,50,5000,0.004998073278719202
Llama-3.2-3B-Instruct,ideology,posneg,positive,25,0.6444210236074267,0.03245456561448492,50,5000,0.004589768685293207
Llama-3.2-3B-Instruct,ideology,posneg,positive,26,0.7537469929844474,0.02306033763519665,50,5000,0.0032612242236597804
Llama-3.2-3B-Instruct,ideology,posneg,positive,27,0.8252971311842966,0.016482911442315604,50,5000,0.00233103569091174
Llama-3.2-3B-Instruct,linguistic_style,negpos,negative,0,0.9983711351906899,0.00037336471247348705,50,5000,5.280174400915365e-05
Llama-3.2-3B-Instruct,linguistic_style,negpos,negative,1,0.9975518786748703,0.0003649901471531489,50,5000,5.161740162365349e-05
Llama-3.2-3B-Instruct,linguistic_style,negpos,negative,2,0.995707957955013,0.0003524122715358033,50,5000,4.9838621395264284e-05
Llama-3.2-3B-Instruct,linguistic_style,negpos,negative,3,0.9821033606428913,0.0011115235731889452,50,5000,0.00015719317121012097
Llama-3.2-3B-Instruct,linguistic_style,negpos,negative,4,0.9297587336656405,0.002903075181273747,50,5000,0.00041055682939460645
Llama-3.2-3B-Instruct,linguistic_style,negpos,negative,5,0.8963608196238152,0.006236321082313373,50,5000,0.0008819489853920831
Llama-3.2-3B-Instruct,linguistic_style,negpos,negative,6,0.8510447181090622,0.012973737940022144,50,5000,0.0018347636149453695
Llama-3.2-3B-Instruct,linguistic_style,negpos,negative,7,0.81756362533761,0.016591662798662275,50,5000,0.002346415455218933
Llama-3.2-3B-Instruct,linguistic_style,negpos,negative,8,0.7786371426007898,0.020820005347664622,50,5000,0.0029443933931347674
Llama-3.2-3B-Instruct,linguistic_style,negpos,negative,9,0.7487700442228383,0.026461863669092277,50,5000,0.0037422726486498166
Llama-3.2-3B-Instruct,linguistic_style,negpos,negative,10,0.7233451307507197,0.032608461172469454,50,5000,0.004611532803822278
Llama-3.2-3B-Instruct,linguistic_style,negpos,negative,11,0.7391069956519868,0.026933042519476712,50,5000,0.00380890740070152
Llama-3.2-3B-Instruct,linguistic_style,negpos,negative,12,0.6703475248258431,0.04153349588930097,50,5000,0.0058737233179416625
Llama-3.2-3B-Instruct,linguistic_style,negpos,negative,13,0.6507493146747388,0.05377147228293475,50,5000,0.007604434537129529
Llama-3.2-3B-Instruct,linguistic_style,negpos,negative,14,0.64572100263155,0.05540612203931014,50,5000,0.007835608922649125
Llama-3.2-3B-Instruct,linguistic_style,negpos,negative,15,0.6196847040212345,0.05955022522559407,50,5000,0.008421673615640753
Llama-3.2-3B-Instruct,linguistic_style,negpos,negative,16,0.617484362352124,0.06952175258212566,50,5000,0.009831860538158885
Llama-3.2-3B-Instruct,linguistic_style,negpos,negative,17,0.6186273331257879,0.06982550735270296,50,5000,0.009874817949777478
Llama-3.2-3B-Instruct,linguistic_style,negpos,negative,18,0.5981592602335394,0.07467452228833836,50,5000,0.010560572218390008
Llama-3.2-3B-Instruct,linguistic_style,negpos,negative,19,0.58682138027233,0.07712765625205112,50,5000,0.010907497750570072
Llama-3.2-3B-Instruct,linguistic_style,negpos,negative,20,0.5754713143857252,0.0805449059540073,50,5000,0.011390769838022258
Llama-3.2-3B-Instruct,linguistic_style,negpos,negative,21,0.5603874483392898,0.08274534591954784,50,5000,0.01170195904226778
Llama-3.2-3B-Instruct,linguistic_style,negpos,negative,22,0.5547585480203636,0.08281820737246988,50,5000,0.011712263207757435
Llama-3.2-3B-Instruct,linguistic_style,negpos,negative,23,0.5367629409179691,0.08351874132288771,50,5000,0.011811333669115805
Llama-3.2-3B-Instruct,linguistic_style,negpos,negative,24,0.5637221756765873,0.07694081440075702,50,5000,0.010881074322558172
Llama-3.2-3B-Instruct,linguistic_style,negpos,negative,25,0.6061619825861826,0.07054074827116029,50,5000,0.009975968290502133
Llama-3.2-3B-Instruct,linguistic_style,negpos,negative,26,0.7218735469618659,0.05195788649140592,50,5000,0.007347954774838807
Llama-3.2-3B-Instruct,linguistic_style,negpos,negative,27,0.7799250115309174,0.03761828739174472,50,5000,0.005320029222265418
Llama-3.2-3B-Instruct,linguistic_style,negpos,positive,0,0.9974747661351974,0.0004391800818793584,50,5000,6.210944281179149e-05
Llama-3.2-3B-Instruct,linguistic_style,negpos,positive,1,0.9966168932337618,0.00038188542608018247,50,5000,5.400675488352221e-05
Llama-3.2-3B-Instruct,linguistic_style,negpos,positive,2,0.9945484506897294,0.00033802024216908206,50,5000,4.780328108321538e-05
Llama-3.2-3B-Instruct,linguistic_style,negpos,positive,3,0.976410277155951,0.0010302184051714652,50,5000,0.00014569488407998663
Llama-3.2-3B-Instruct,linguistic_style,negpos,positive,4,0.9189480303885543,0.0035619428825933554,50,5000,0.000503734793296184
Llama-3.2-3B-Instruct,linguistic_style,negpos,positive,5,0.8811241477506502,0.008625117947746652,50,5000,0.001219775877877091
Llama-3.2-3B-Instruct,linguistic_style,negpos,positive,6,0.8373751200419093,0.016951512388392372,50,5000,0.002397305872240003
Llama-3.2-3B-Instruct,linguistic_style,negpos,positive,7,0.8132144157454839,0.022563504262687193,50,5000,0.003190961374295537
Llama-3.2-3B-Instruct,linguistic_style,negpos,positive,8,0.7768215554081478,0.028159630878711657,50,5000,0.003982373190009422
Llama-3.2-3B-Instruct,linguistic_style,negpos,positive,9,0.7621572112597711,0.032612245946976745,50,5000,0.004612068051766151
Llama-3.2-3B-Instruct,linguistic_style,negpos,positive,10,0.7433438163423071,0.036106877187436714,50,5000,0.005106283541341271
Llama-3.2-3B-Instruct,linguistic_style,negpos,positive,11,0.7499088146020219,0.030500889732342044,50,5000,0.00431347719239244
Llama-3.2-3B-Instruct,linguistic_style,negpos,positive,12,0.6755462480544102,0.040835210021930614,50,5000,0.0057749707835368005
Llama-3.2-3B-Instruct,linguistic_style,negpos,positive,13,0.6403419588764302,0.04464119123636374,50,5000,0.006313217808695655
Llama-3.2-3B-Instruct,linguistic_style,negpos,positive,14,0.6176894680051511,0.04559570746932546,50,5000,0.006448206788911629
Llama-3.2-3B-Instruct,linguistic_style,negpos,positive,15,0.5805954725292959,0.047254237533917685,50,5000,0.006682758360006614
Llama-3.2-3B-Instruct,linguistic_style,negpos,positive,16,0.5679161678329809,0.053733766120320284,50,5000,0.0075991020804740865
Llama-3.2-3B-Instruct,linguistic_style,negpos,positive,17,0.5701928289103908,0.053825496494457295,50,5000,0.007612074714392699
Llama-3.2-3B-Instruct,linguistic_style,negpos,positive,18,0.5471219446524695,0.05775288379329496,50,5000,0.008167491152663506
Llama-3.2-3B-Instruct,linguistic_style,negpos,positive,19,0.5288776271970576,0.056337124882412895,50,5000,0.007967272607381507
Llama-3.2-3B-Instruct,linguistic_style,negpos,positive,20,0.5149383296631193,0.05794468030136939,50,5000,0.008194615274956971
Llama-3.2-3B-Instruct,linguistic_style,negpos,positive,21,0.4993412124994883,0.05854084259286812,50,5000,0.008278925354758264
Llama-3.2-3B-Instruct,linguistic_style,negpos,positive,22,0.49527075297604434,0.05774578316125933,50,5000,0.008166486971650884
Llama-3.2-3B-Instruct,linguistic_style,negpos,positive,23,0.47444727569060935,0.058045133085597195,50,5000,0.00820882144394028
Llama-3.2-3B-Instruct,linguistic_style,negpos,positive,24,0.5104009961861993,0.052925501186105076,50,5000,0.007484796157278312
Llama-3.2-3B-Instruct,linguistic_style,negpos,positive,25,0.5609526364646643,0.04983357329415085,50,5000,0.00704753152141018
Llama-3.2-3B-Instruct,linguistic_style,negpos,positive,26,0.6964165719460013,0.035628808098769595,50,5000,0.005038674362446833
Llama-3.2-3B-Instruct,linguistic_style,negpos,positive,27,0.7615159368227253,0.027051919169766063,50,5000,0.0038257190978103883
Llama-3.2-3B-Instruct,linguistic_style,posneg,negative,0,0.9983834419161566,0.00036196678836533837,50,5000,5.1189834123489335e-05
Llama-3.2-3B-Instruct,linguistic_style,posneg,negative,1,0.9975555128581962,0.0003555597140827056,50,5000,5.028373698892622e-05
Llama-3.2-3B-Instruct,linguistic_style,posneg,negative,2,0.995664525057382,0.0003511741011928317,50,5000,4.966351766610843e-05
Llama-3.2-3B-Instruct,linguistic_style,posneg,negative,3,0.982015834585079,0.001049991544821103,50,5000,0.00014849122830630813
Llama-3.2-3B-Instruct,linguistic_style,posneg,negative,4,0.9294606686346699,0.0027872294684011967,50,5000,0.00039417377156589244
Llama-3.2-3B-Instruct,linguistic_style,posneg,negative,5,0.8958088333817154,0.00592284369759952,50,5000,0.0008376165884961252
Llama-3.2-3B-Instruct,linguistic_style,posneg,negative,6,0.8502531433661029,0.012624495542484066,50,5000,0.0017853732814299649
Llama-3.2-3B-Instruct,linguistic_style,posneg,negative,7,0.8167266923922679,0.015974622012922938,50,5000,0.0022591527104459407
Llama-3.2-3B-Instruct,linguistic_style,posneg,negative,8,0.7791801463673987,0.02033612593675456,50,5000,0.002875962510588556
Llama-3.2-3B-Instruct,linguistic_style,posneg,negative,9,0.7515659855521793,0.024649124219263917,50,5000,0.003485912577150216
Llama-3.2-3B-Instruct,linguistic_style,posneg,negative,10,0.7251802218496024,0.029787999429686164,50,5000,0.004212659278942419
Llama-3.2-3B-Instruct,linguistic_style,posneg,negative,11,0.7404759834689805,0.02450680513328443,50,5000,0.003465785618992543
Llama-3.2-3B-Instruct,linguistic_style,posneg,negative,12,0.6686346513374969,0.03509677976651139,50,5000,0.004963434194142203
Llama-3.2-3B-Instruct,linguistic_style,posneg,negative,13,0.6310805064434521,0.04702344955513221,50,5000,0.006650120011043505
Llama-3.2-3B-Instruct,linguistic_style,posneg,negative,14,0.6227900217040426,0.0500374188283412,50,5000,0.007076359633318299
Llama-3.2-3B-Instruct,linguistic_style,posneg,negative,15,0.5940516206289701,0.05396319170897576,50,5000,0.007631547758377288
Llama-3.2-3B-Instruct,linguistic_style,posneg,negative,16,0.5860322062091874,0.06472868482393279,50,5000,0.009154018395257929
Llama-3.2-3B-Instruct,linguistic_style,posneg,negative,17,0.5878058121914411,0.06601147141557445,50,5000,0.009335431814810927
Llama-3.2-3B-Instruct,linguistic_style,posneg,negative,18,0.5664154450321373,0.06883826809199001,50,5000,0.009735201234596735
Llama-3.2-3B-Instruct,linguistic_style,posneg,negative,19,0.554841659793698,0.07097225737974211,50,5000,0.010036992893866527
Llama-3.2-3B-Instruct,linguistic_style,posneg,negative,20,0.5428973108329297,0.07382648279637653,50,5000,0.010440641323293967
Llama-3.2-3B-Instruct,linguistic_style,posneg,negative,21,0.5273729843818694,0.07519668625722126,50,5000,0.010634417355047682
Llama-3.2-3B-Instruct,linguistic_style,posneg,negative,22,0.5214969637139338,0.07464913339424684,50,5000,0.010556981686554218
Llama-3.2-3B-Instruct,linguistic_style,posneg,negative,23,0.5023692861648235,0.07440269810999094,50,5000,0.010522130474430022
Llama-3.2-3B-Instruct,linguistic_style,posneg,negative,24,0.5312393011139344,0.06762421993985925,50,5000,0.009563508898385002
Llama-3.2-3B-Instruct,linguistic_style,posneg,negative,25,0.5777790369048836,0.06245828643469859,50,5000,0.008832935575853426
Llama-3.2-3B-Instruct,linguistic_style,posneg,negative,26,0.7025850743722851,0.047017187374132206,50,5000,0.006649234404913481
Llama-3.2-3B-Instruct,linguistic_style,posneg,negative,27,0.7643196588862939,0.03401470354704784,50,5000,0.0048104055076335275
Llama-3.2-3B-Instruct,linguistic_style,posneg,positive,0,0.9974547148447112,0.00045355715613435023,50,5000,6.414266815165695e-05
Llama-3.2-3B-Instruct,linguistic_style,posneg,positive,1,0.9966047160089131,0.00038843352215508175,50,5000,5.493279551120667e-05
Llama-3.2-3B-Instruct,linguistic_style,posneg,positive,2,0.9945807869879458,0.0003388188978532602,50,5000,4.791622805323849e-05
Llama-3.2-3B-Instruct,linguistic_style,posneg,positive,3,0.976434891449589,0.001120000846940422,50,5000,0.00015839203876124978
Llama-3.2-3B-Instruct,linguistic_style,posneg,positive,4,0.9193104969309212,0.00396044925584204,50,5000,0.0005600921050702244
Llama-3.2-3B-Instruct,linguistic_style,posneg,positive,5,0.8815374203305342,0.009156319646231148,50,5000,0.001294899142512331
Llama-3.2-3B-Instruct,linguistic_style,posneg,positive,6,0.8379540336701818,0.01774857732606411,50,5000,0.0025100278767347466
Llama-3.2-3B-Instruct,linguistic_style,posneg,positive,7,0.8139157039772007,0.02350576297855249,50,5000,0.0033242168798196326
Llama-3.2-3B-Instruct,linguistic_style,posneg,positive,8,0.775730983981556,0.028934296726510732,50,5000,0.004091927484835892
Llama-3.2-3B-Instruct,linguistic_style,posneg,positive,9,0.7588203461904905,0.03288994714817032,50,5000,0.004651340932267677
Llama-3.2-3B-Instruct,linguistic_style,posneg,positive,10,0.7409004124078348,0.03657281060119162,50,5000,0.00517217647663077
Llama-3.2-3B-Instruct,linguistic_style,posneg,positive,11,0.7467051133829528,0.031717092877718144,50,5000,0.00448547429067161
Llama-3.2-3B-Instruct,linguistic_style,posneg,positive,12,0.6763222014510378,0.04380441966980285,50,5000,0.006194880438891796
Llama-3.2-3B-Instruct,linguistic_style,posneg,positive,13,0.6586290407045334,0.0522961563960127,50,5000,0.007395793363522563
Llama-3.2-3B-Instruct,linguistic_style,posneg,positive,14,0.6383176799916093,0.05032503229941937,50,5000,0.007117034320470294
Llama-3.2-3B-Instruct,linguistic_style,posneg,positive,15,0.6028461564897387,0.05131833429642292,50,5000,0.0072575084360397635
Llama-3.2-3B-Instruct,linguistic_style,posneg,positive,16,0.5957403066053598,0.05600428236374217,50,5000,0.00792020156697765
Llama-3.2-3B-Instruct,linguistic_style,posneg,positive,17,0.5965696652302065,0.054298699640861,50,5000,0.007678995745132873
Llama-3.2-3B-Instruct,linguistic_style,posneg,positive,18,0.5738668035453383,0.05653975910384379,50,5000,0.007995929413796355
Llama-3.2-3B-Instruct,linguistic_style,posneg,positive,19,0.5554085741029323,0.05647522217519049,50,5000,0.007986802513818815
Llama-3.2-3B-Instruct,linguistic_style,posneg,positive,20,0.5420015919045721,0.05925252826898448,50,5000,0.008379572908289305
Llama-3.2-3B-Instruct,linguistic_style,posneg,positive,21,0.5263938751296006,0.06046343715567528,50,5000,0.008550821285324929
Llama-3.2-3B-Instruct,linguistic_style,posneg,positive,22,0.5211126600457909,0.06125426806145229,50,5000,0.008662661664574293
Llama-3.2-3B-Instruct,linguistic_style,posneg,positive,23,0.5011963937370947,0.06176529908021416,50,5000,0.00873493236432693
Llama-3.2-3B-Instruct,linguistic_style,posneg,positive,24,0.5347403292167475,0.0554274998754407,50,5000,0.007838632205228126
Llama-3.2-3B-Instruct,linguistic_style,posneg,positive,25,0.5829900780368663,0.0514144114628673,50,5000,0.007271095799221765
Llama-3.2-3B-Instruct,linguistic_style,posneg,positive,26,0.7116885225375279,0.036459814632074775,50,5000,0.005156196433428916
Llama-3.2-3B-Instruct,linguistic_style,posneg,positive,27,0.7747777358745114,0.02597739928814515,50,5000,0.0036737590388476052
Llama-3.2-3B-Instruct,semantic_framing,negpos,negative,0,0.9983970817743267,0.00023816395591808232,50,5000,3.3681469652778e-05
Llama-3.2-3B-Instruct,semantic_framing,negpos,negative,1,0.997561007377929,0.00021287697272266291,50,5000,3.010535019413173e-05
Llama-3.2-3B-Instruct,semantic_framing,negpos,negative,2,0.9957097190536786,0.00020533857853203364,50,5000,2.9039260263841482e-05
Llama-3.2-3B-Instruct,semantic_framing,negpos,negative,3,0.9806639534151794,0.0008440588248792859,50,5000,0.00011936794375849834
Llama-3.2-3B-Instruct,semantic_framing,negpos,negative,4,0.9328612919500431,0.0019915015372890766,50,5000,0.000281640848352108
Llama-3.2-3B-Instruct,semantic_framing,negpos,negative,5,0.8957601925643205,0.0037539082308529785,50,5000,0.0005308827931976274
Llama-3.2-3B-Instruct,semantic_framing,negpos,negative,6,0.8448521207801828,0.008925346275678061,50,5000,0.0012622345751940106
Llama-3.2-3B-Instruct,semantic_framing,negpos,negative,7,0.7944520152585978,0.012675241642613543,50,5000,0.0017925498637340299
Llama-3.2-3B-Instruct,semantic_framing,negpos,negative,8,0.7402942535276331,0.01638479892014078,50,5000,0.002317160484961913
Llama-3.2-3B-Instruct,semantic_framing,negpos,negative,9,0.7112815303255461,0.018987889307436327,50,5000,0.0026852930579415527
Llama-3.2-3B-Instruct,semantic_framing,negpos,negative,10,0.6752707065242913,0.023557051780753697,50,5000,0.0033314702117867145
Llama-3.2-3B-Instruct,semantic_framing,negpos,negative,11,0.6822685722378848,0.019421101721015577,50,5000,0.0027465585450087687
Llama-3.2-3B-Instruct,semantic_framing,negpos,negative,12,0.6260548802141204,0.020313298499444694,50,5000,0.0028727342234447727
Llama-3.2-3B-Instruct,semantic_framing,negpos,negative,13,0.6185855107060602,0.024052658983817102,50,5000,0.0034015596546049212
Llama-3.2-3B-Instruct,semantic_framing,negpos,negative,14,0.6326018789876083,0.025437905735263198,50,5000,0.0035974631289177553
Llama-3.2-3B-Instruct,semantic_framing,negpos,negative,15,0.6087789236451051,0.030605905006767232,50,5000,0.004328328594927283
Llama-3.2-3B-Instruct,semantic_framing,negpos,negative,16,0.5947207874263979,0.03135975684739662,50,5000,0.004434939344631083
Llama-3.2-3B-Instruct,semantic_framing,negpos,negative,17,0.6041214894959738,0.03143458715336686,50,5000,0.0044455219479890475
Llama-3.2-3B-Instruct,semantic_framing,negpos,negative,18,0.5808115990893481,0.03509454641627322,50,5000,0.004963118350722569
Llama-3.2-3B-Instruct,semantic_framing,negpos,negative,19,0.5604500336405713,0.03779051429967095,50,5000,0.0053443857851649046
Llama-3.2-3B-Instruct,semantic_framing,negpos,negative,20,0.5535699014115536,0.038309271505924836,50,5000,0.0054177491328312065
Llama-3.2-3B-Instruct,semantic_framing,negpos,negative,21,0.5445347466651055,0.03851105221115311,50,5000,0.00544628523382711
Llama-3.2-3B-Instruct,semantic_framing,negpos,negative,22,0.544302730433431,0.037109532327341155,50,5000,0.005248080391064867
Llama-3.2-3B-Instruct,semantic_framing,negpos,negative,23,0.5286416250960297,0.038331159562641895,50,5000,0.005420844571497532
Llama-3.2-3B-Instruct,semantic_framing,negpos,negative,24,0.558731325936528,0.03545632974548381,50,5000,0.005014282239803579
Llama-3.2-3B-Instruct,semantic_framing,negpos,negative,25,0.6182822567888253,0.032379239480557584,50,5000,0.0045791159612730906
Llama-3.2-3B-Instruct,semantic_framing,negpos,negative,26,0.737194274442816,0.025097705690362213,50,5000,0.0035493515771758645
Llama-3.2-3B-Instruct,semantic_framing,negpos,negative,27,0.8035658330726488,0.019157054299980644,50,5000,0.0027092166006150446
Llama-3.2-3B-Instruct,semantic_framing,negpos,positive,0,0.9976485630924387,0.00017825171072849145,50,5000,2.5208598682843832e-05
Llama-3.2-3B-Instruct,semantic_framing,negpos,positive,1,0.9967726617268337,0.0001656013006995313,50,5000,2.341956053959023e-05
Llama-3.2-3B-Instruct,semantic_framing,negpos,positive,2,0.9947012030635762,0.00017442695647833635,50,5000,2.4667696749512486e-05
Llama-3.2-3B-Instruct,semantic_framing,negpos,positive,3,0.974716324376565,0.0011192376789010729,50,5000,0.00015828411050208805
Llama-3.2-3B-Instruct,semantic_framing,negpos,positive,4,0.9237315423076871,0.0036060542419318106,50,5000,0.0005099730815592996
Llama-3.2-3B-Instruct,semantic_framing,negpos,positive,5,0.8814243083252015,0.006854421878829212,50,5000,0.0009693616383267143
Llama-3.2-3B-Instruct,semantic_framing,negpos,positive,6,0.8321500723895351,0.012539068468495077,50,5000,0.001773292068767057
Llama-3.2-3B-Instruct,semantic_framing,negpos,positive,7,0.7875157085353358,0.01864490867595382,50,5000,0.0026367882718741674
Llama-3.2-3B-Instruct,semantic_framing,negpos,positive,8,0.7331273740614325,0.024268124271700012,50,5000,0.0034320310478393847
Llama-3.2-3B-Instruct,semantic_framing,negpos,positive,9,0.7168326289834339,0.027343620314858038,50,5000,0.0038669718693652715
Llama-3.2-3B-Instruct,semantic_framing,negpos,positive,10,0.6842932870668996,0.03190742910141383,50,5000,0.004512391897567742
Llama-3.2-3B-Instruct,semantic_framing,negpos,positive,11,0.6838538820389755,0.026020530053714803,50,5000,0.0036798586502100193
Llama-3.2-3B-Instruct,semantic_framing,negpos,positive,12,0.615990875812568,0.028071369668570035,50,5000,0.003969891169968048
Llama-3.2-3B-Instruct,semantic_framing,negpos,positive,13,0.5909958635210177,0.039157656451333844,50,5000,0.005537728882422264
Llama-3.2-3B-Instruct,semantic_framing,negpos,positive,14,0.598298223329944,0.03604226004092111,50,5000,0.00509714529684485
Llama-3.2-3B-Instruct,semantic_framing,negpos,positive,15,0.564546175184065,0.035136373852846924,50,5000,0.0049690336435307516
Llama-3.2-3B-Instruct,semantic_framing,negpos,positive,16,0.5496001356812669,0.03591044241435273,50,5000,0.0050785034693195666
Llama-3.2-3B-Instruct,semantic_framing,negpos,positive,17,0.5683413458945258,0.036682762852673745,50,5000,0.005187726073156717
Llama-3.2-3B-Instruct,semantic_framing,negpos,positive,18,0.5435083246352201,0.03561451193776305,50,5000,0.0050366525799683
Llama-3.2-3B-Instruct,semantic_framing,negpos,positive,19,0.5204883916960994,0.035516315292180044,50,5000,0.005022765477171997
Llama-3.2-3B-Instruct,semantic_framing,negpos,positive,20,0.5116661454728437,0.0365175297711401,50,5000,0.00516435858667096
Llama-3.2-3B-Instruct,semantic_framing,negpos,positive,21,0.5026706596160708,0.037746008330460296,50,5000,0.0053380916906384775
Llama-3.2-3B-Instruct,semantic_framing,negpos,positive,22,0.5045089741715626,0.037004189543557366,50,5000,0.005233182671712349
Llama-3.2-3B-Instruct,semantic_framing,negpos,positive,23,0.4883861433749328,0.037951993106909956,50,5000,0.005367222337088228
Llama-3.2-3B-Instruct,semantic_framing,negpos,positive,24,0.5239919609846804,0.03515608829173245,50,5000,0.004971821686215401
Llama-3.2-3B-Instruct,semantic_framing,negpos,positive,25,0.5875278173947215,0.03400262112383012,50,5000,0.004808696794955444
Llama-3.2-3B-Instruct,semantic_framing,negpos,positive,26,0.7168570888871802,0.026844707357522927,50,5000,0.0037964149222945733
Llama-3.2-3B-Instruct,semantic_framing,negpos,positive,27,0.7891387595540447,0.021327635301479297,50,5000,0.0030161831096699216
Llama-3.2-3B-Instruct,semantic_framing,posneg,negative,0,0.9984095009457356,0.00022493021156524276,50,5000,3.180993557830159e-05
Llama-3.2-3B-Instruct,semantic_framing,posneg,negative,1,0.9975681901861542,0.00020234298656678052,50,5000,2.86156195853818e-05
Llama-3.2-3B-Instruct,semantic_framing,posneg,negative,2,0.9956412763622984,0.00018990884887030017,50,5000,2.685716696870409e-05
Llama-3.2-3B-Instruct,semantic_framing,posneg,negative,3,0.9802877290393559,0.0007886093710615744,50,5000,0.0001115262067969795
Llama-3.2-3B-Instruct,semantic_framing,posneg,negative,4,0.9319920917730258,0.0023368041456428247,50,5000,0.0003304740115377756
Llama-3.2-3B-Instruct,semantic_framing,posneg,negative,5,0.8942035404125858,0.004295207273522748,50,5000,0.0006074340379419434
Llama-3.2-3B-Instruct,semantic_framing,posneg,negative,6,0.8423039801440606,0.009518693073283228,50,5000,0.001346146484030398
Llama-3.2-3B-Instruct,semantic_framing,posneg,negative,7,0.7911035353453283,0.013922010266133782,50,5000,0.0019688695733863855
Llama-3.2-3B-Instruct,semantic_framing,posneg,negative,8,0.7359835551224814,0.017891104554957203,50,5000,0.002530184270745553
Llama-3.2-3B-Instruct,semantic_framing,posneg,negative,9,0.7066060357013737,0.021112514636302593,50,5000,0.0029857604534459597
Llama-3.2-3B-Instruct,semantic_framing,posneg,negative,10,0.6698426281482257,0.025519238477778816,50,5000,0.0036089653156708137
Llama-3.2-3B-Instruct,semantic_framing,posneg,negative,11,0.6779823336897008,0.021163116846409948,50,5000,0.002992916686627947
Llama-3.2-3B-Instruct,semantic_framing,posneg,negative,12,0.6168615139926374,0.020059384586736968,50,5000,0.002836825373542124
Llama-3.2-3B-Instruct,semantic_framing,posneg,negative,13,0.5959935909298355,0.02787989106441938,50,5000,0.003942812006078635
Llama-3.2-3B-Instruct,semantic_framing,posneg,negative,14,0.6092704982144461,0.02840806516617672,50,5000,0.004017507103878581
Llama-3.2-3B-Instruct,semantic_framing,posneg,negative,15,0.5756295493109966,0.03275666338485845,50,5000,0.0046324917616956994
Llama-3.2-3B-Instruct,semantic_framing,posneg,negative,16,0.564281160028716,0.0355833439698,50,5000,0.005032244763667804
Llama-3.2-3B-Instruct,semantic_framing,posneg,negative,17,0.5757912997545425,0.03696468613268509,50,5000,0.005227596045770793
Llama-3.2-3B-Instruct,semantic_framing,posneg,negative,18,0.5499796099383307,0.038376098406971565,50,5000,0.005427199883810371
Llama-3.2-3B-Instruct,semantic_framing,posneg,negative,19,0.5278659723199932,0.04177035891037964,50,5000,0.005907220807625074
Llama-3.2-3B-Instruct,semantic_framing,posneg,negative,20,0.5185643077064223,0.041821985019539085,50,5000,0.005914521841999658
Llama-3.2-3B-Instruct,semantic_framing,posneg,negative,21,0.5058720458084051,0.04023671471510035,50,5000,0.0056903307655431995
Llama-3.2-3B-Instruct,semantic_framing,posneg,negative,22,0.5038917546759489,0.038816943336673404,50,5000,0.005489544771659147
Llama-3.2-3B-Instruct,semantic_framing,posneg,negative,23,0.4890915753669906,0.039625719249613514,50,5000,0.0056039229581592055
Llama-3.2-3B-Instruct,semantic_framing,posneg,negative,24,0.5213058047034843,0.03785542197313974,50,5000,0.005353565116377069
Llama-3.2-3B-Instruct,semantic_framing,posneg,negative,25,0.5874683642598301,0.03286268479594288,50,5000,0.004647485453441453
Llama-3.2-3B-Instruct,semantic_framing,posneg,negative,26,0.7175063591783593,0.025323638595305883,50,5000,0.003581303315011633
Llama-3.2-3B-Instruct,semantic_framing,posneg,negative,27,0.7885825179084626,0.020702684726590224,50,5000,0.0029278017517878224
Llama-3.2-3B-Instruct,semantic_framing,posneg,positive,0,0.9976284659572328,0.00019362897549531468,50,5000,2.738327232138817e-05
Llama-3.2-3B-Instruct,semantic_framing,posneg,positive,1,0.9967569381250639,0.00017545510033308392,50,5000,2.481309824785794e-05
Llama-3.2-3B-Instruct,semantic_framing,posneg,positive,2,0.9947513359022796,0.00016257135045938628,50,5000,2.2991060867297358e-05
Llama-3.2-3B-Instruct,semantic_framing,posneg,positive,3,0.9750580476813607,0.0011377578181986237,50,5000,0.00016090325371925158
Llama-3.2-3B-Instruct,semantic_framing,posneg,positive,4,0.9243620636778863,0.0033993941519572866,50,5000,0.00048074693135497805
Llama-3.2-3B-Instruct,semantic_framing,posneg,positive,5,0.8817517038606871,0.0062155517631138114,50,5000,0.0008790117601027554
Llama-3.2-3B-Instruct,semantic_framing,posneg,positive,6,0.831779308569156,0.012088498416828434,50,5000,0.0017095718409804459
Llama-3.2-3B-Instruct,semantic_framing,posneg,positive,7,0.7869239597222062,0.0181619014623906,50,5000,0.002568480736659653
Llama-3.2-3B-Instruct,semantic_framing,posneg,positive,8,0.7324649787291996,0.024508583107302154,50,5000,0.0034660370624894836
Llama-3.2-3B-Instruct,semantic_framing,posneg,positive,9,0.7158490801147036,0.02820095656873958,50,5000,0.003988217525140614
Llama-3.2-3B-Instruct,semantic_framing,posneg,positive,10,0.6840878717961378,0.03285439572946728,50,5000,0.0046463132024185325
Llama-3.2-3B-Instruct,semantic_framing,posneg,positive,11,0.6852027727072535,0.02691492790266301,50,5000,0.0038063456070240066
Llama-3.2-3B-Instruct,semantic_framing,posneg,positive,12,0.6276902930240442,0.025557772129864847,50,5000,0.003614414797009597
Llama-3.2-3B-Instruct,semantic_framing,posneg,positive,13,0.618018031897564,0.02964735361067809,50,5000,0.00419276895646919
Llama-3.2-3B-Instruct,semantic_framing,posneg,positive,14,0.6220711266738536,0.029337852427397983,50,5000,0.004148998879372665
Llama-3.2-3B-Instruct,semantic_framing,posneg,positive,15,0.5998349882850096,0.03232543228353799,50,5000,0.004571506474495252
Llama-3.2-3B-Instruct,semantic_framing,posneg,positive,16,0.5846562843524822,0.03157652075512703,50,5000,0.004465594390445617
Llama-3.2-3B-Instruct,semantic_framing,posneg,positive,17,0.6012587419194514,0.03041270401597877,50,5000,0.004301005848783587
Llama-3.2-3B-Instruct,semantic_framing,posneg,positive,18,0.5803565248197804,0.032388793265220824,50,5000,0.004580467070457365
Llama-3.2-3B-Instruct,semantic_framing,posneg,positive,19,0.5599095495925733,0.032420951407163286,50,5000,0.00458501491850494
Llama-3.2-3B-Instruct,semantic_framing,posneg,positive,20,0.5531578160421201,0.0329099191137852,50,5000,0.004654165394731658
Llama-3.2-3B-Instruct,semantic_framing,posneg,positive,21,0.549361005307138,0.035264865622104895,50,5000,0.004987205123804545
Llama-3.2-3B-Instruct,semantic_framing,posneg,positive,22,0.5524421876499944,0.035896662187626924,50,5000,0.0050765546509667445
Llama-3.2-3B-Instruct,semantic_framing,posneg,positive,23,0.5379997148622757,0.03601755980890589,50,5000,0.005093652156533881
Llama-3.2-3B-Instruct,semantic_framing,posneg,positive,24,0.5702028523710707,0.03301749246494091,50,5000,0.0046693785639470905
Llama-3.2-3B-Instruct,semantic_framing,posneg,positive,25,0.625979073913896,0.03135750613368441,50,5000,0.0044346210456454
Llama-3.2-3B-Instruct,semantic_framing,posneg,positive,26,0.7409181623498569,0.025121182114628448,50,5000,0.0035526716449351976
Llama-3.2-3B-Instruct,semantic_framing,posneg,positive,27,0.80524839356067,0.0196125516409036,50,5000,0.002773633652330857
Qwen2.5-1.5B-Instruct,ideology,negpos,negative,0,0.998713974555993,0.00012110647937305468,50,5000,1.712704256206314e-05
Qwen2.5-1.5B-Instruct,ideology,negpos,negative,1,0.9985141171768197,0.0001390654796508676,50,5000,1.966682873801766e-05
Qwen2.5-1.5B-Instruct,ideology,negpos,negative,2,0.9984090668047947,0.00012127517355387419,50,5000,1.7150899521903978e-05
Qwen2.5-1.5B-Instruct,ideology,negpos,negative,3,0.9978311355696735,9.809924553420908e-05,50,5000,1.3873328349304674e-05
Qwen2.5-1.5B-Instruct,ideology,negpos,negative,4,0.9978774423741976,9.687625432800812e-05,50,5000,1.3700371274257433e-05
Qwen2.5-1.5B-Instruct,ideology,negpos,negative,5,0.9980065204038903,0.0001288562647525882,50,5000,1.8223027720984845e-05
Qwen2.5-1.5B-Instruct,ideology,negpos,negative,6,0.9982028468582722,9.629997481892336e-05,50,5000,1.3618873044510894e-05
Qwen2.5-1.5B-Instruct,ideology,negpos,negative,7,0.997973437122632,0.00011453224996074564,50,5000,1.6197306122359186e-05
Qwen2.5-1.5B-Instruct,ideology,negpos,negative,8,0.9980691180128897,0.00010566371022094512,50,5000,1.494310520451212e-05
Qwen2.5-1.5B-Instruct,ideology,negpos,negative,9,0.9978643704994997,0.00012393497583690257,50,5000,1.7527052368092945e-05
Qwen2.5-1.5B-Instruct,ideology,negpos,negative,10,0.9981385222081711,9.495766147361215e-05,50,5000,1.3429041270721544e-05
Qwen2.5-1.5B-Instruct,ideology,negpos,negative,11,0.9981299377251521,6.82485705650725e-05,50,5000,9.651805410570273e-06
Qwen2.5-1.5B-Instruct,ideology,negpos,negative,12,0.9982736700072992,5.2741295230098535e-05,50,5000,7.458745501152878e-06
Qwen2.5-1.5B-Instruct,ideology,negpos,negative,13,0.9979594939655224,6.91662585246883e-05,50,5000,9.78158608642179e-06
Qwen2.5-1.5B-Instruct,ideology,negpos,negative,14,0.9979648232001065,6.34953300166226e-05,50,5000,8.979595685686316e-06
Qwen2.5-1.5B-Instruct,ideology,negpos,negative,15,0.9979294643909359,6.676696876900701e-05,50,5000,9.442275275167058e-06
Qwen2.5-1.5B-Instruct,ideology,negpos,negative,16,0.9981675168891034,6.389515386196554e-05,50,5000,9.036139316150731e-06
Qwen2.5-1.5B-Instruct,ideology,negpos,negative,17,0.9984042705346181,5.9384210946148874e-05,50,5000,8.398195651086854e-06
Qwen2.5-1.5B-Instruct,ideology,negpos,negative,18,0.9984827404011919,6.558880649167615e-05,50,5000,9.27565796803929e-06
Qwen2.5-1.5B-Instruct,ideology,negpos,negative,19,0.9988223432814958,5.905816475390538e-05,50,5000,8.352085756383769e-06
Qwen2.5-1.5B-Instruct,ideology,negpos,negative,20,0.9988486943128728,6.667198939554455e-05,50,5000,9.428843163357427e-06
Qwen2.5-1.5B-Instruct,ideology,negpos,negative,21,0.9990527152462474,6.370451500177347e-05,50,5000,9.009178909990833e-06
Qwen2.5-1.5B-Instruct,ideology,negpos,negative,22,0.999008674761847,6.71620671807007e-05,50,5000,9.498150628395988e-06
Qwen2.5-1.5B-Instruct,ideology,negpos,negative,23,0.9991584038502959,5.8381196841796425e-05,50,5000,8.25634803612418e-06
Qwen2.5-1.5B-Instruct,ideology,negpos,negative,24,0.9992513602463745,4.771372810278867e-05,50,5000,6.747740139434601e-06
Qwen2.5-1.5B-Instruct,ideology,negpos,negative,25,0.9992087476852584,5.2665961171752295e-05,50,5000,7.448091656450691e-06
Qwen2.5-1.5B-Instruct,ideology,negpos,negative,26,0.9991204760079272,5.42100159720362e-05,50,5000,7.66645398041157e-06
Qwen2.5-1.5B-Instruct,ideology,negpos,negative,27,0.9957584998823019,0.00020757556585864135,50,5000,2.9355618045456016e-05
Qwen2.5-1.5B-Instruct,ideology,negpos,positive,0,0.9985854015522301,7.959598878253447e-05,50,5000,1.1256572684675698e-05
Qwen2.5-1.5B-Instruct,ideology,negpos,positive,1,0.9983191759386293,0.0001033731338306004,50,5000,1.461916878482441e-05
Qwen2.5-1.5B-Instruct,ideology,negpos,positive,2,0.9981778125977252,9.576306122669563e-05,50,5000,1.3542941996115804e-05
Qwen2.5-1.5B-Instruct,ideology,negpos,positive,3,0.9974603884480097,9.379075306248801e-05,50,5000,1.3264015500615645e-05
Qwen2.5-1.5B-Instruct,ideology,negpos,positive,4,0.9974989502125342,8.293929657194407e-05,50,5000,1.1729387806572764e-05
Qwen2.5-1.5B-Instruct,ideology,negpos,positive,5,0.9977106110314007,9.864104186665022e-05,50,5000,1.3949949921442902e-05
Qwen2.5-1.5B-Instruct,ideology,negpos,positive,6,0.9979277378736391,7.996659325276369e-05,50,5000,1.1308984071483124e-05
Qwen2.5-1.5B-Instruct,ideology,negpos,positive,7,0.9976961629301887,0.00010006527935592663,50,5000,1.4151367518780392e-05
Qwen2.5-1.5B-Instruct,ideology,negpos,positive,8,0.997811507590582,0.00011014920797788817,50,5000,1.5577450380698417e-05
Qwen2.5-1.5B-Instruct,ideology,negpos,positive,9,0.9976289292209765,0.00014333318983968726,50,5000,2.0270374100948323e-05
Qwen2.5-1.5B-Instruct,ideology,negpos,positive,10,0.997997675780192,9.766012576138576e-05,50,5000,1.3811227435481381e-05
Qwen2.5-1.5B-Instruct,ideology,negpos,positive,11,0.9980529755552194,9.11758987859723e-05,50,5000,1.2894219262467865e-05
Qwen2.5-1.5B-Instruct,ideology,negpos,positive,12,0.9982563278242889,6.755828971702463e-05,50,5000,9.554184956854703e-06
Qwen2.5-1.5B-Instruct,ideology,negpos,positive,13,0.9979493377128086,9.017213804759864e-05,50,5000,1.2752266057509297e-05
Qwen2.5-1.5B-Instruct,ideology,negpos,positive,14,0.9979693707857735,8.675742107303738e-05,50,5000,1.2269352151800281e-05
Qwen2.5-1.5B-Instruct,ideology,negpos,positive,15,0.9978978731167392,0.00011572564644622505,50,5000,1.6366077871864524e-05
Qwen2.5-1.5B-Instruct,ideology,negpos,positive,16,0.9981745459928358,9.964854339616153e-05,50,5000,1.4092432154157555e-05
Qwen2.5-1.5B-Instruct,ideology,negpos,positive,17,0.9983806976480983,9.59649513598393e-05,50,5000,1.3571493572555913e-05
Qwen2.5-1.5B-Instruct,ideology,negpos,positive,18,0.9984447404101441,8.388147462786032e-05,50,5000,1.1862631905057473e-05
Qwen2.5-1.5B-Instruct,ideology,negpos,positive,19,0.9988066481304968,6.44721199239844e-05,50,5000,9.117734639144337e-06
Qwen2.5-1.5B-Instruct,ideology,negpos,positive,20,0.9988404120192113,6.283094738507952e-05,50,5000,8.885637792872981e-06
Qwen2.5-1.5B-Instruct,ideology,negpos,positive,21,0.999045925021695,5.0183640737079303e-05,50,5000,7.097038533963649e-06
Qwen2.5-1.5B-Instruct,ideology,negpos,positive,22,0.9989308750609617,6.303343989696166e-05,50,5000,8.914274558531253e-06
Qwen2.5-1.5B-Instruct,ideology,negpos,positive,23,0.9990979724024543,5.369770821708407e-05,50,5000,7.594002722895348e-06
Qwen2.5-1.5B-Instruct,ideology,negpos,positive,24,0.9991920307533176,4.3925694147641104e-05,50,5000,6.2120312400246535e-06
Qwen2.5-1.5B-Instruct,ideology,negpos,positive,25,0.999143419332085,4.463073261743468e-05,50,5000,6.311738736622339e-06
Qwen2.5-1.5B-Instruct,ideology,negpos,positive,26,0.9990338850712973,5.0215819492869756e-05,50,5000,7.101589297249564e-06
Qwen2.5-1.5B-Instruct,ideology,negpos,positive,27,0.9955299843022318,0.00019594604159480704,50,5000,2.7710954951669872e-05
Qwen2.5-1.5B-Instruct,ideology,posneg,negative,0,0.998714772417416,0.00011708095511769393,50,5000,1.6557747462303838e-05
Qwen2.5-1.5B-Instruct,ideology,posneg,negative,1,0.9985142626250854,0.0001356264783772812,50,5000,1.9180480513805238e-05
Qwen2.5-1.5B-Instruct,ideology,posneg,negative,2,0.9984046030014194,0.00011871050504245658,50,5000,1.6788200622720177e-05
Qwen2.5-1.5B-Instruct,ideology,posneg,negative,3,0.9978222654834512,9.773476504511372e-05,50,5000,1.3821783024214772e-05
Qwen2.5-1.5B-Instruct,ideology,posneg,negative,4,0.9978686992042312,9.621684486301859e-05,50,5000,1.3607116693402895e-05
Qwen2.5-1.5B-Instruct,ideology,posneg,negative,5,0.9979966160468703,0.00012796464642461528,50,5000,1.809693384779687e-05
Qwen2.5-1.5B-Instruct,ideology,posneg,negative,6,0.9981937396416718,9.667664806324958e-05,50,5000,1.3672142685581817e-05
Qwen2.5-1.5B-Instruct,ideology,posneg,negative,7,0.9979607288456525,0.00011445862344056838,50,5000,1.6186893760020685e-05
Qwen2.5-1.5B-Instruct,ideology,posneg,negative,8,0.998059740232443,0.00010721607675823297,50,5000,1.5162642985592785e-05
Qwen2.5-1.5B-Instruct,ideology,posneg,negative,9,0.9978553824986639,0.00012362645907697606,50,5000,1.7483421509482197e-05
Qwen2.5-1.5B-Instruct,ideology,posneg,negative,10,0.9981295028014544,9.66951058369502e-05,50,5000,1.367475300897168e-05
Qwen2.5-1.5B-Instruct,ideology,posneg,negative,11,0.9981189918923138,7.311661361263874e-05,50,5000,1.0340250660578696e-05
Qwen2.5-1.5B-Instruct,ideology,posneg,negative,12,0.9982646813331787,5.9163021058543665e-05,50,5000,8.366914677195748e-06
Qwen2.5-1.5B-Instruct,ideology,posneg,negative,13,0.9979490251201181,7.812113566257315e-05,50,5000,1.1047996956199942e-05
Qwen2.5-1.5B-Instruct,ideology,posneg,negative,14,0.9979510717289379,7.535939063987294e-05,50,5000,1.0657427229508039e-05
Qwen2.5-1.5B-Instruct,ideology,posneg,negative,15,0.9979109969748192,8.140284918196176e-05,50,5000,1.1512101332894193e-05
Qwen2.5-1.5B-Instruct,ideology,posneg,negative,16,0.9981525169453647,7.615879139818216e-05,50,5000,1.0770479568925262e-05
Qwen2.5-1.5B-Instruct,ideology,posneg,negative,17,0.9983896197307118,7.124783518546102e-05,50,5000,1.0075965480900197e-05
Qwen2.5-1.5B-Instruct,ideology,posneg,negative,18,0.9984718383816843,7.5515017410989e-05,50,5000,1.0679436178546105e-05
Qwen2.5-1.5B-Instruct,ideology,posneg,negative,19,0.9988138105601196,6.701983974410652e-05,50,5000,9.478036631418681e-06
Qwen2.5-1.5B-Instruct,ideology,posneg,negative,20,0.9988412733653464,7.434888945585848e-05,50,5000,1.0514520781585305e-05
Qwen2.5-1.5B-Instruct,ideology,posneg,negative,21,0.9990464391259398,7.096858293428114e-05,50,5000,1.0036473248806017e-05
Qwen2.5-1.5B-Instruct,ideology,posneg,negative,22,0.9989806973710225,7.277867255126827e-05,50,5000,1.029245857735141e-05
Qwen2.5-1.5B-Instruct,ideology,posneg,negative,23,0.9991362992369648,6.455024231063821e-05,50,5000,9.128782813017414e-06
Qwen2.5-1.5B-Instruct,ideology,posneg,negative,24,0.9992307481636645,5.24992648958531e-05,50,5000,7.424517243033319e-06
Qwen2.5-1.5B-Instruct,ideology,posneg,negative,25,0.9991890084585338,5.71371346789922e-05,50,5000,8.080411077816886e-06
Qwen2.5-1.5B-Instruct,ideology,posneg,negative,26,0.9990893150392062,5.965109118967857e-05,50,5000,8.435938217079768e-06
Qwen2.5-1.5B-Instruct,ideology,posneg,negative,27,0.9956467822218857,0.00021480135307724358,50,5000,3.037749867379296e-05
Qwen2.5-1.5B-Instruct,ideology,posneg,positive,0,0.9985817493708687,7.800564854912059e-05,50,5000,1.1031664611987547e-05
Qwen2.5-1.5B-Instruct,ideology,posneg,positive,1,0.9983177650434341,0.00010418694643736473,50,5000,1.4734259267396042e-05
Qwen2.5-1.5B-Instruct,ideology,posneg,positive,2,0.9981788981794231,9.909552842149327e-05,50,5000,1.401422402642043e-05
Qwen2.5-1.5B-Instruct,ideology,posneg,positive,3,0.99746891720785,9.246736290314832e-05,50,5000,1.3076859869450716e-05
Qwen2.5-1.5B-Instruct,ideology,posneg,positive,4,0.9975086139352202,8.135690943796343e-05,50,5000,1.1505604471992753e-05
Qwen2.5-1.5B-Instruct,ideology,posneg,positive,5,0.9977196015776536,9.933946473589832e-05,50,5000,1.404872183083912e-05
Qwen2.5-1.5B-Instruct,ideology,posneg,positive,6,0.9979355109456262,8.203645386083583e-05,50,5000,1.1601706565898869e-05
Qwen2.5-1.5B-Instruct,ideology,posneg,positive,7,0.9977085962939931,0.00010250038633074635,50,5000,1.4495743649742328e-05
Qwen2.5-1.5B-Instruct,ideology,posneg,positive,8,0.9978273191334798,0.00010995665617336489,50,5000,1.555021944335679e-05
Qwen2.5-1.5B-Instruct,ideology,posneg,positive,9,0.9976491163743205,0.00014390300180298714,50,5000,2.0350957681598435e-05
Qwen2.5-1.5B-Instruct,ideology,posneg,positive,10,0.9980151250880559,9.72481816628805e-05,50,5000,1.3752969742376813e-05
Qwen2.5-1.5B-Instruct,ideology,posneg,positive,11,0.9980664174748715,9.124390279636376e-05,50,5000,1.2903836481847e-05
Qwen2.5-1.5B-Instruct,ideology,posneg,positive,12,0.9982666909910257,6.825915510983136e-05,50,5000,9.653302291245227e-06
Qwen2.5-1.5B-Instruct,ideology,posneg,positive,13,0.9979581843307268,8.616445086548317e-05,50,5000,1.2185493500839646e-05
Qwen2.5-1.5B-Instruct,ideology,posneg,positive,14,0.9979717961416056,8.503054200437614e-05,50,5000,1.2025134571852387e-05
Qwen2.5-1.5B-Instruct,ideology,posneg,positive,15,0.997893284444862,0.00011751005878804144,50,5000,1.661843188533079e-05
Qwen2.5-1.5B-Instruct,ideology,posneg,positive,16,0.9981666469565237,0.00011149463233817385,50,5000,1.5767722118444732e-05
Qwen2.5-1.5B-Instruct,ideology,posneg,positive,17,0.9983725962396445,0.00010510011156613465,50,5000,1.48634003183753e-05
Qwen2.5-1.5B-Instruct,ideology,posneg,positive,18,0.9984369576751045,9.711999623954223e-05,50,5000,1.373484158595846e-05
Qwen2.5-1.5B-Instruct,ideology,posneg,positive,19,0.9988012470395471,7.394888579333463e-05,50,5000,1.0457951721131291e-05
Qwen2.5-1.5B-Instruct,ideology,posneg,positive,20,0.9988367689065468,7.123953186856205e-05,50,5000,1.0074791214563077e-05
Qwen2.5-1.5B-Instruct,ideology,posneg,positive,21,0.999047495886278,5.498529342111741e-05,50,5000,7.776094768720835e-06
Qwen2.5-1.5B-Instruct,ideology,posneg,positive,22,0.9989392389656169,7.590014250380146e-05,50,5000,1.0733901091492662e-05
Qwen2.5-1.5B-Instruct,ideology,posneg,positive,23,0.9991055509499155,6.384695761902563e-05,50,5000,9.029323338108627e-06
Qwen2.5-1.5B-Instruct,ideology,posneg,positive,24,0.9992030789012216,5.175339171270023e-05,50,5000,7.319034845890801e-06
Qwen2.5-1.5B-Instruct,ideology,posneg,positive,25,0.9991560001648306,5.148643614974601e-05,50,5000,7.28128162812272e-06
Qwen2.5-1.5B-Instruct,ideology,posneg,positive,26,0.9990595674058973,5.616235814268743e-05,50,5000,7.942556858024359e-06
Qwen2.5-1.5B-Instruct,ideology,posneg,positive,27,0.9956152706099395,0.0002086289919331857,50,5000,2.9504594989613823e-05
Qwen2.5-1.5B-Instruct,linguistic_style,negpos,negative,0,0.9984958296396081,0.0001896443741622422,50,5000,2.6819764596800067e-05
Qwen2.5-1.5B-Instruct,linguistic_style,negpos,negative,1,0.998258904745641,0.00022590072564199583,50,5000,3.194718699528341e-05
Qwen2.5-1.5B-Instruct,linguistic_style,negpos,negative,2,0.9981882991896722,0.00020887963371534604,50,5000,2.9540041090376678e-05
Qwen2.5-1.5B-Instruct,linguistic_style,negpos,negative,3,0.9975578161723746,0.00015328812489882797,50,5000,2.167821451826634e-05
Qwen2.5-1.5B-Instruct,linguistic_style,negpos,negative,4,0.9976248765556717,0.00014791972554823314,50,5000,2.091900820128173e-05
Qwen2.5-1.5B-Instruct,linguistic_style,negpos,negative,5,0.9977096342772728,0.0002069016512057374,50,5000,2.9260312121254143e-05
Qwen2.5-1.5B-Instruct,linguistic_style,negpos,negative,6,0.9979753922224898,0.0001703609685071103,50,5000,2.409267921617711e-05
Qwen2.5-1.5B-Instruct,linguistic_style,negpos,negative,7,0.997744388777567,0.00018556529215498686,50,5000,2.6242895287130812e-05
Qwen2.5-1.5B-Instruct,linguistic_style,negpos,negative,8,0.9978461724147878,0.00016437337504559334,50,5000,2.3245905628251734e-05
Qwen2.5-1.5B-Instruct,linguistic_style,negpos,negative,9,0.9975752462553714,0.00021123072246162473,50,5000,2.9872535249509684e-05
Qwen2.5-1.5B-Instruct,linguistic_style,negpos,negative,10,0.9978988902871122,0.00014793446055786,50,5000,2.0921092046327332e-05
Qwen2.5-1.5B-Instruct,linguistic_style,negpos,negative,11,0.9978469042947729,0.00016443354999154294,50,5000,2.3254415650719435e-05
Qwen2.5-1.5B-Instruct,linguistic_style,negpos,negative,12,0.9979759019010936,0.000153390789836238,50,5000,2.1692733532952887e-05
Qwen2.5-1.5B-Instruct,linguistic_style,negpos,negative,13,0.9976375099264719,0.00023828703035144765,50,5000,3.369887500606266e-05
Qwen2.5-1.5B-Instruct,linguistic_style,negpos,negative,14,0.9975184673311026,0.00026516448967399853,50,5000,3.7499921755670924e-05
Qwen2.5-1.5B-Instruct,linguistic_style,negpos,negative,15,0.9975183143299187,0.0002791147047705633,50,5000,3.9472780094429304e-05
Qwen2.5-1.5B-Instruct,linguistic_style,negpos,negative,16,0.9977477324343416,0.00026523327832518454,50,5000,3.7509649940015384e-05
Qwen2.5-1.5B-Instruct,linguistic_style,negpos,negative,17,0.9979873577896322,0.00025275403722849985,50,5000,3.5744818739309865e-05
Qwen2.5-1.5B-Instruct,linguistic_style,negpos,negative,18,0.9980486722631697,0.0003083034859169383,50,5000,4.360069711106367e-05
Qwen2.5-1.5B-Instruct,linguistic_style,negpos,negative,19,0.9985450033096452,0.00021524611769922284,50,5000,3.0440397889839644e-05
Qwen2.5-1.5B-Instruct,linguistic_style,negpos,negative,20,0.9985811217154936,0.0002136029130135695,50,5000,3.0208013654619044e-05
Qwen2.5-1.5B-Instruct,linguistic_style,negpos,negative,21,0.9988614517931399,0.00017488801780837478,50,5000,2.4732900668115098e-05
Qwen2.5-1.5B-Instruct,linguistic_style,negpos,negative,22,0.9986850222531161,0.0004219954784648132,50,5000,5.967917289050622e-05
Qwen2.5-1.5B-Instruct,linguistic_style,negpos,negative,23,0.9988923583213449,0.00034441818173800706,50,5000,4.87080863741771e-05
Qwen2.5-1.5B-Instruct,linguistic_style,negpos,negative,24,0.9990101897400858,0.00028454794549421955,50,5000,4.024115636633255e-05
Qwen2.5-1.5B-Instruct,linguistic_style,negpos,negative,25,0.9989930185267508,0.00025488131195144573,50,5000,3.604566081571822e-05
Qwen2.5-1.5B-Instruct,linguistic_style,negpos,negative,26,0.9989000926630084,0.0002765193610447017,50,5000,3.910574306481596e-05
Qwen2.5-1.5B-Instruct,linguistic_style,negpos,negative,27,0.9952999847440022,0.0009688637755093009,50,5000,0.0001370180291417255
Qwen2.5-1.5B-Instruct,linguistic_style,negpos,positive,0,0.9984333476623563,0.00014458127019697888,50,5000,2.044687931776965e-05
Qwen2.5-1.5B-Instruct,linguistic_style,negpos,positive,1,0.998148385484012,0.00017333897378045966,50,5000,2.4513832760816035e-05
Qwen2.5-1.5B-Instruct,linguistic_style,negpos,positive,2,0.9980253813698415,0.0001555082918357179,50,5000,2.199219353755455e-05
Qwen2.5-1.5B-Instruct,linguistic_style,negpos,positive,3,0.9972323016262423,0.00010380913287226036,50,5000,1.4680828360614128e-05
Qwen2.5-1.5B-Instruct,linguistic_style,negpos,positive,4,0.9972948861398229,9.088520985613961e-05,50,5000,1.2853109639767751e-05
Qwen2.5-1.5B-Instruct,linguistic_style,negpos,positive,5,0.9974864597631726,0.00012756959318328465,50,5000,1.804106488262195e-05
Qwen2.5-1.5B-Instruct,linguistic_style,negpos,positive,6,0.9977591545191801,0.00010385293919702871,50,5000,1.4687023510474641e-05
Qwen2.5-1.5B-Instruct,linguistic_style,negpos,positive,7,0.9975156487817565,0.0001149851969033061,50,5000,1.626136249327963e-05
Qwen2.5-1.5B-Instruct,linguistic_style,negpos,positive,8,0.9976004852483118,0.00011323440460273343,50,5000,1.6013763071642803e-05
Qwen2.5-1.5B-Instruct,linguistic_style,negpos,positive,9,0.9973087113039231,0.00016692374942518364,50,5000,2.3606583031926283e-05
Qwen2.5-1.5B-Instruct,linguistic_style,negpos,positive,10,0.9977508076642754,0.00011466939213879763,50,5000,1.6216700955176635e-05
Qwen2.5-1.5B-Instruct,linguistic_style,negpos,positive,11,0.9977321996189704,0.00017234308666761253,50,5000,2.4372993054657938e-05
Qwen2.5-1.5B-Instruct,linguistic_style,negpos,positive,12,0.9979215201076765,0.00016155426905880958,50,5000,2.2847223836224058e-05
Qwen2.5-1.5B-Instruct,linguistic_style,negpos,positive,13,0.9975654613672611,0.0002775919455735548,50,5000,3.925742942356552e-05
Qwen2.5-1.5B-Instruct,linguistic_style,negpos,positive,14,0.9974962964081636,0.0003424226257897274,50,5000,4.842587214552396e-05
Qwen2.5-1.5B-Instruct,linguistic_style,negpos,positive,15,0.9975103168712184,0.00033688022427405995,50,5000,4.764205820636655e-05
Qwen2.5-1.5B-Instruct,linguistic_style,negpos,positive,16,0.997732391027487,0.0003265012583579072,50,5000,4.617425077016342e-05
Qwen2.5-1.5B-Instruct,linguistic_style,negpos,positive,17,0.9979463374783808,0.0002898795135167169,50,5000,4.0995153946945594e-05
Qwen2.5-1.5B-Instruct,linguistic_style,negpos,positive,18,0.9978406691299696,0.00037227209761664257,50,5000,5.264722493425366e-05
Qwen2.5-1.5B-Instruct,linguistic_style,negpos,positive,19,0.9984223380886614,0.0002874798293175485,50,5000,4.0655787352957954e-05
Qwen2.5-1.5B-Instruct,linguistic_style,negpos,positive,20,0.9984600506592478,0.0002758701792555666,50,5000,3.901393489575191e-05
Qwen2.5-1.5B-Instruct,linguistic_style,negpos,positive,21,0.9987530237197378,0.0002212945371840575,50,5000,3.1295773576477124e-05
Qwen2.5-1.5B-Instruct,linguistic_style,negpos,positive,22,0.9984599732624246,0.000457091189727469,50,5000,6.464245597538402e-05
Qwen2.5-1.5B-Instruct,linguistic_style,negpos,positive,23,0.9986997830222941,0.000380377416240713,50,5000,5.379349008680523e-05
Qwen2.5-1.5B-Instruct,linguistic_style,negpos,positive,24,0.9988305781232169,0.0003117893718185324,50,5000,4.4093675822955615e-05
Qwen2.5-1.5B-Instruct,linguistic_style,negpos,positive,25,0.9988056127196194,0.0002907077471798757,50,5000,4.111228387487091e-05
Qwen2.5-1.5B-Instruct,linguistic_style,negpos,positive,26,0.9987047046179411,0.00030498740421216575,50,5000,4.3131732338981e-05
Qwen2.5-1.5B-Instruct,linguistic_style,negpos,positive,27,0.99444767198391,0.0011909741224050278,50,5000,0.00016842917563405848
Qwen2.5-1.5B-Instruct,linguistic_style,posneg,negative,0,0.9984947040595991,0.00018646659155716324,50,5000,2.637035827096247e-05
Qwen2.5-1.5B-Instruct,linguistic_style,posneg,negative,1,0.9982566835766157,0.00022371772128071285,50,5000,3.163846355783881e-05
Qwen2.5-1.5B-Instruct,linguistic_style,posneg,negative,2,0.9981863737408654,0.00020820277735793434,50,5000,2.944431914633367e-05
Qwen2.5-1.5B-Instruct,linguistic_style,posneg,negative,3,0.9975524256126894,0.00015065280158556865,50,5000,2.130552352118141e-05
Qwen2.5-1.5B-Instruct,linguistic_style,posneg,negative,4,0.9976190234039588,0.00014544487331306534,50,5000,2.056901124169736e-05
Qwen2.5-1.5B-Instruct,linguistic_style,posneg,negative,5,0.9977036419632964,0.00020443074560064356,50,5000,2.8910873299447405e-05
Qwen2.5-1.5B-Instruct,linguistic_style,posneg,negative,6,0.9979684478040854,0.00016709636180013416,50,5000,2.3630994108095128e-05
Qwen2.5-1.5B-Instruct,linguistic_style,posneg,negative,7,0.9977295588708205,0.00018107876413682764,50,5000,2.5608404410006045e-05
Qwen2.5-1.5B-Instruct,linguistic_style,posneg,negative,8,0.9978323094772213,0.00015759663667908491,50,5000,2.2287530097594704e-05
Qwen2.5-1.5B-Instruct,linguistic_style,posneg,negative,9,0.9975553208369186,0.00020170667021140366,50,5000,2.852563086340842e-05
Qwen2.5-1.5B-Instruct,linguistic_style,posneg,negative,10,0.9978748677002486,0.0001448938236544303,50,5000,2.0491081051619088e-05
Qwen2.5-1.5B-Instruct,linguistic_style,posneg,negative,11,0.9978043164869408,0.00017591284595020165,50,5000,2.4877833253842416e-05
Qwen2.5-1.5B-Instruct,linguistic_style,posneg,negative,12,0.9979256962761821,0.0001688269034823243,50,5000,2.3875729659815652e-05
Qwen2.5-1.5B-Instruct,linguistic_style,posneg,negative,13,0.9975419027206646,0.00025779075894998205,50,5000,3.64571187561518e-05
Qwen2.5-1.5B-Instruct,linguistic_style,posneg,negative,14,0.9974056891398039,0.00026412758124524363,50,5000,3.7353280759382505e-05
Qwen2.5-1.5B-Instruct,linguistic_style,posneg,negative,15,0.9974080198754399,0.00027263702757476376,50,5000,3.855669820013184e-05
Qwen2.5-1.5B-Instruct,linguistic_style,posneg,negative,16,0.9976567093160454,0.0002526621552628382,50,5000,3.573182466711224e-05
Qwen2.5-1.5B-Instruct,linguistic_style,posneg,negative,17,0.9979039677625405,0.0002291465765925684,50,5000,3.2406219638857545e-05
Qwen2.5-1.5B-Instruct,linguistic_style,posneg,negative,18,0.99786912515636,0.00030246710278931493,50,5000,4.2775307893634616e-05
Qwen2.5-1.5B-Instruct,linguistic_style,posneg,negative,19,0.9984416589948714,0.00021501998899827596,50,5000,3.0408418462267554e-05
Qwen2.5-1.5B-Instruct,linguistic_style,posneg,negative,20,0.998481771169301,0.00021357212705948103,50,5000,3.0203659863238793e-05
Qwen2.5-1.5B-Instruct,linguistic_style,posneg,negative,21,0.9987828827760785,0.0001836937471667661,50,5000,2.5978218856637492e-05
Qwen2.5-1.5B-Instruct,linguistic_style,posneg,negative,22,0.9985245488333975,0.0004751622691325757,50,5000,6.719809253352632e-05
Qwen2.5-1.5B-Instruct,linguistic_style,posneg,negative,23,0.998769465896564,0.00038116524506306325,50,5000,5.3904905907344844e-05
Qwen2.5-1.5B-Instruct,linguistic_style,posneg,negative,24,0.998900207935968,0.00031506081640079656,50,5000,4.455632795263461e-05
Qwen2.5-1.5B-Instruct,linguistic_style,posneg,negative,25,0.9988924149832499,0.00028351997645698215,50,5000,4.0095779590916475e-05
Qwen2.5-1.5B-Instruct,linguistic_style,posneg,negative,26,0.9987972203854292,0.0003055720385703958,50,5000,4.321441212282482e-05
Qwen2.5-1.5B-Instruct,linguistic_style,posneg,negative,27,0.9950505280792846,0.0010340432853613612,50,5000,0.00014623580382388694
Qwen2.5-1.5B-Instruct,linguistic_style,posneg,positive,0,0.9984297184930817,0.0001432838452717084,50,5000,2.026339572522181e-05
Qwen2.5-1.5B-Instruct,linguistic_style,posneg,positive,1,0.9981455572249958,0.00017253092590751294,50,5000,2.4399557534719236e-05
Qwen2.5-1.5B-Instruct,linguistic_style,posneg,positive,2,0.9980258047298917,0.0001567464264643868,50,5000,2.2167292215945282e-05
Qwen2.5-1.5B-Instruct,linguistic_style,posneg,positive,3,0.9972375261961892,0.0001013458908203549,50,5000,1.4332473328892885e-05
Qwen2.5-1.5B-Instruct,linguistic_style,posneg,positive,4,0.9973013252519055,8.810608274595745e-05,50,5000,1.2460081714689917e-05
Qwen2.5-1.5B-Instruct,linguistic_style,posneg,positive,5,0.9974936201058452,0.00012594517680303063,50,5000,1.7811337715032323e-05
Qwen2.5-1.5B-Instruct,linguistic_style,posneg,positive,6,0.9977653030463736,0.00010212412018120212,50,5000,1.4442531580567594e-05
Qwen2.5-1.5B-Instruct,linguistic_style,posneg,positive,7,0.9975244843223254,0.0001088129792864467,50,5000,1.5388479106911556e-05
Qwen2.5-1.5B-Instruct,linguistic_style,posneg,positive,8,0.9976141254286925,0.00010069725040038885,50,5000,1.4240741720990948e-05
Qwen2.5-1.5B-Instruct,linguistic_style,posneg,positive,9,0.9973323151907801,0.00014605709709214574,50,5000,2.0655592758855642e-05
Qwen2.5-1.5B-Instruct,linguistic_style,posneg,positive,10,0.9977751413542596,0.00010088641292313744,50,5000,1.4267493341507324e-05
Qwen2.5-1.5B-Instruct,linguistic_style,posneg,positive,11,0.9977846138073219,0.00013543984507452214,50,5000,1.9154086579010003e-05
Qwen2.5-1.5B-Instruct,linguistic_style,posneg,positive,12,0.9979800002062446,0.00012428666441761265,50,5000,1.7576788644150136e-05
Qwen2.5-1.5B-Instruct,linguistic_style,posneg,positive,13,0.9976789162393416,0.00020167388213316112,50,5000,2.8520993928914946e-05
Qwen2.5-1.5B-Instruct,linguistic_style,posneg,positive,14,0.9976329527545623,0.00023978299294490034,50,5000,3.391043606490902e-05
Qwen2.5-1.5B-Instruct,linguistic_style,posneg,positive,15,0.9976469986243928,0.00024652875650171797,50,5000,3.486443109597039e-05
Qwen2.5-1.5B-Instruct,linguistic_style,posneg,positive,16,0.997863263535436,0.00024184121361798505,50,5000,3.420151242393233e-05
Qwen2.5-1.5B-Instruct,linguistic_style,posneg,positive,17,0.998064549928741,0.00023264075683565932,50,5000,3.2900371347773075e-05
Qwen2.5-1.5B-Instruct,linguistic_style,posneg,positive,18,0.9980461937712177,0.00028179990910628987,50,5000,3.9852525333362054e-05
Qwen2.5-1.5B-Instruct,linguistic_style,posneg,positive,19,0.9985557664686467,0.00021848862076022358,50,5000,3.089895707032999e-05
Qwen2.5-1.5B-Instruct,linguistic_style,posneg,positive,20,0.998584056006459,0.0002146474953498024,50,5000,3.0355739905310638e-05
Qwen2.5-1.5B-Instruct,linguistic_style,posneg,positive,21,0.998852055845455,0.0001740397695666399,50,5000,2.4612940251343036e-05
Qwen2.5-1.5B-Instruct,linguistic_style,posneg,positive,22,0.9985594653881129,0.0004422204959916416,50,5000,6.253942229907365e-05
Qwen2.5-1.5B-Instruct,linguistic_style,posneg,positive,23,0.9987833824969959,0.00036675236717597927,50,5000,5.18666171692707e-05
Qwen2.5-1.5B-Instruct,linguistic_style,posneg,positive,24,0.9989112073234371,0.00029814880758477095,50,5000,4.2164608729174934e-05
Qwen2.5-1.5B-Instruct,linguistic_style,posneg,positive,25,0.998888562643873,0.00026832604737415505,50,5000,3.7947033533449564e-05
Qwen2.5-1.5B-Instruct,linguistic_style,posneg,positive,26,0.9988011380589495,0.00027556935048681213,50,5000,3.8971391283279456e-05
Qwen2.5-1.5B-Instruct,linguistic_style,posneg,positive,27,0.9948233621293703,0.0010285787747025012,50,5000,0.00014546300531533774
Qwen2.5-1.5B-Instruct,semantic_framing,negpos,negative,0,0.9985308960958748,0.00014067367737940302,50,5000,1.98942622418849e-05
Qwen2.5-1.5B-Instruct,semantic_framing,negpos,negative,1,0.9983069644120159,0.0001672935391941114,50,5000,2.365887920257073e-05
Qwen2.5-1.5B-Instruct,semantic_framing,negpos,negative,2,0.9982308980713117,0.00015083471404046198,50,5000,2.1331249827268884e-05
Qwen2.5-1.5B-Instruct,semantic_framing,negpos,negative,3,0.9976297596899151,0.0001281038039200104,50,5000,1.8116613689526236e-05
Qwen2.5-1.5B-Instruct,semantic_framing,negpos,negative,4,0.997680416664465,0.00012334200706325897,50,5000,1.744319391991789e-05
Qwen2.5-1.5B-Instruct,semantic_framing,negpos,negative,5,0.9977656349033063,0.0001645182171714009,50,5000,2.3266389398123735e-05
Qwen2.5-1.5B-Instruct,semantic_framing,negpos,negative,6,0.9980036444565462,0.00012870567377253604,50,5000,1.8201730940348762e-05
Qwen2.5-1.5B-Instruct,semantic_framing,negpos,negative,7,0.9977244411434153,0.00014613014331123184,50,5000,2.066592305422681e-05
Qwen2.5-1.5B-Instruct,semantic_framing,negpos,negative,8,0.9978525824212677,0.00012638678624837295,50,5000,1.787379072171984e-05
Qwen2.5-1.5B-Instruct,semantic_framing,negpos,negative,9,0.9976073395309482,0.000146387833507952,50,5000,2.070236595133603e-05
Qwen2.5-1.5B-Instruct,semantic_framing,negpos,negative,10,0.9979405069713105,0.00010611086219975628,50,5000,1.5006342043799791e-05
Qwen2.5-1.5B-Instruct,semantic_framing,negpos,negative,11,0.9979924774624322,8.427376133502547e-05,50,5000,1.1918109623218636e-05
Qwen2.5-1.5B-Instruct,semantic_framing,negpos,negative,12,0.9981505254302547,6.78803826837747e-05,50,5000,9.599735781046998e-06
Qwen2.5-1.5B-Instruct,semantic_framing,negpos,negative,13,0.9978567625887637,9.785167881610562e-05,50,5000,1.3838317128271264e-05
Qwen2.5-1.5B-Instruct,semantic_framing,negpos,negative,14,0.997815256651646,0.0001280214819772435,50,5000,1.810497160873205e-05
Qwen2.5-1.5B-Instruct,semantic_framing,negpos,negative,15,0.9977716397424173,0.0001465108803305461,50,5000,2.0719767399867982e-05
Qwen2.5-1.5B-Instruct,semantic_framing,negpos,negative,16,0.9980242096012307,0.00013471192676817292,50,5000,1.9051143384896134e-05
Qwen2.5-1.5B-Instruct,semantic_framing,negpos,negative,17,0.9982609836970212,0.00011798414910105588,50,5000,1.6685478380376264e-05
Qwen2.5-1.5B-Instruct,semantic_framing,negpos,negative,18,0.9983803720675287,0.00010588040050870588,50,5000,1.49737498388907e-05
Qwen2.5-1.5B-Instruct,semantic_framing,negpos,negative,19,0.9987897872424785,7.367107106502959e-05,50,5000,1.0418662785471694e-05
Qwen2.5-1.5B-Instruct,semantic_framing,negpos,negative,20,0.998838016344193,6.182398174070199e-05,50,5000,8.743231345760734e-06
Qwen2.5-1.5B-Instruct,semantic_framing,negpos,negative,21,0.9990635507478423,4.592288200248502e-05,50,5000,6.494476255117363e-06
Qwen2.5-1.5B-Instruct,semantic_framing,negpos,negative,22,0.9990069061947976,0.00016175955248439833,50,5000,2.2876255296683857e-05
Qwen2.5-1.5B-Instruct,semantic_framing,negpos,negative,23,0.9991723740572764,0.00012425239033576194,50,5000,1.757194155701102e-05
Qwen2.5-1.5B-Instruct,semantic_framing,negpos,negative,24,0.9992608041373449,9.79407262001955e-05,50,5000,1.385091033009864e-05
Qwen2.5-1.5B-Instruct,semantic_framing,negpos,negative,25,0.9992294813379408,8.662194394850543e-05,50,5000,1.2250192793109842e-05
Qwen2.5-1.5B-Instruct,semantic_framing,negpos,negative,26,0.9991502675108939,9.148658979185388e-05,50,5000,1.293815760589037e-05
Qwen2.5-1.5B-Instruct,semantic_framing,negpos,negative,27,0.9962492322492199,0.0002531700028289814,50,5000,3.580364515867803e-05
Qwen2.5-1.5B-Instruct,semantic_framing,negpos,positive,0,0.9984743940374226,5.985004850807746e-05,50,5000,8.464075030881077e-06
Qwen2.5-1.5B-Instruct,semantic_framing,negpos,positive,1,0.9981945497537049,8.144781321286571e-05,50,5000,1.1518460207126524e-05
Qwen2.5-1.5B-Instruct,semantic_framing,negpos,positive,2,0.9980652615150523,7.955056385451311e-05,50,5000,1.1250148629747936e-05
Qwen2.5-1.5B-Instruct,semantic_framing,negpos,positive,3,0.9972726129469498,9.175868206148159e-05,50,5000,1.2976637263682808e-05
Qwen2.5-1.5B-Instruct,semantic_framing,negpos,positive,4,0.997326729432288,8.457949980221022e-05,50,5000,1.196134757190182e-05
Qwen2.5-1.5B-Instruct,semantic_framing,negpos,positive,5,0.9975445538408381,0.00010285618774719367,50,5000,1.4546061568607464e-05
Qwen2.5-1.5B-Instruct,semantic_framing,negpos,positive,6,0.9977912868103879,7.9289983255165e-05,50,5000,1.1213296967978993e-05
Qwen2.5-1.5B-Instruct,semantic_framing,negpos,positive,7,0.9975371773330068,9.623093538049297e-05,50,5000,1.3609109393494207e-05
Qwen2.5-1.5B-Instruct,semantic_framing,negpos,positive,8,0.9976846822275266,9.764547047286895e-05,50,5000,1.3809154864703285e-05
Qwen2.5-1.5B-Instruct,semantic_framing,negpos,positive,9,0.9975020777830843,0.0001265274870558755,50,5000,1.7893688820740538e-05
Qwen2.5-1.5B-Instruct,semantic_framing,negpos,positive,10,0.9979095401803123,8.350338401772068e-05,50,5000,1.1809161818190932e-05
Qwen2.5-1.5B-Instruct,semantic_framing,negpos,positive,11,0.9980187604142199,6.546399936336578e-05,50,5000,9.258007574685554e-06
Qwen2.5-1.5B-Instruct,semantic_framing,negpos,positive,12,0.9982121581550564,5.274766540177444e-05,50,5000,7.459646379470748e-06
Qwen2.5-1.5B-Instruct,semantic_framing,negpos,positive,13,0.9978728137388255,9.578119009462068e-05,50,5000,1.3545505805204812e-05
Qwen2.5-1.5B-Instruct,semantic_framing,negpos,positive,14,0.9978766642870722,0.00011469416341099667,50,5000,1.622020414208675e-05
Qwen2.5-1.5B-Instruct,semantic_framing,negpos,positive,15,0.9978143992602507,0.00012860533711195647,50,5000,1.8187541193729276e-05
Qwen2.5-1.5B-Instruct,semantic_framing,negpos,positive,16,0.9980371696952389,0.00012964201587906598,50,5000,1.8334149710956324e-05
Qwen2.5-1.5B-Instruct,semantic_framing,negpos,positive,17,0.9982444140482771,0.00011509118643014823,50,5000,1.6276351675912595e-05
Qwen2.5-1.5B-Instruct,semantic_framing,negpos,positive,18,0.9983389534538141,0.00010183771861801639,50,5000,1.4402028283073382e-05
Qwen2.5-1.5B-Instruct,semantic_framing,negpos,positive,19,0.9987715582106673,7.576798091028583e-05,50,5000,1.0715210619695197e-05
Qwen2.5-1.5B-Instruct,semantic_framing,negpos,positive,20,0.998829608519009,6.500794019281939e-05,50,5000,9.19351106826242e-06
Qwen2.5-1.5B-Instruct,semantic_framing,negpos,positive,21,0.999071390738846,4.724642079066688e-05,50,5000,6.681652905574727e-06
Qwen2.5-1.5B-Instruct,semantic_framing,negpos,positive,22,0.99898780992621,0.00010903686988997231,50,5000,1.542014201971094e-05
Qwen2.5-1.5B-Instruct,semantic_framing,negpos,positive,23,0.999148677177367,8.357909842035686e-05,50,5000,1.181986945169844e-05
Qwen2.5-1.5B-Instruct,semantic_framing,negpos,positive,24,0.9992192155536457,6.207134473672561e-05,50,5000,8.778213756141319e-06
Qwen2.5-1.5B-Instruct,semantic_framing,negpos,positive,25,0.9991632023048033,5.7839568788753e-05,50,5000,8.179750262286606e-06
Qwen2.5-1.5B-Instruct,semantic_framing,negpos,positive,26,0.9990689609601336,5.827132949500451e-05,50,5000,8.240810446934673e-06
Qwen2.5-1.5B-Instruct,semantic_framing,negpos,positive,27,0.9959618934711618,0.00017131374869878751,50,5000,2.4227422683080147e-05
Qwen2.5-1.5B-Instruct,semantic_framing,posneg,negative,0,0.9985320252253821,0.00014055825212107184,50,5000,1.9877938645307665e-05
Qwen2.5-1.5B-Instruct,semantic_framing,posneg,negative,1,0.9983042275704689,0.00016722202160813186,50,5000,2.3648765088566684e-05
Qwen2.5-1.5B-Instruct,semantic_framing,posneg,negative,2,0.9982272500401927,0.00015118136494488016,50,5000,2.1380273668312592e-05
Qwen2.5-1.5B-Instruct,semantic_framing,posneg,negative,3,0.9976194522819667,0.00012660417856307415,50,5000,1.790453463770045e-05
Qwen2.5-1.5B-Instruct,semantic_framing,posneg,negative,4,0.9976689216357922,0.00012210437505231459,50,5000,1.7268166322407427e-05
Qwen2.5-1.5B-Instruct,semantic_framing,posneg,negative,5,0.9977539839120964,0.00016227628721583688,50,5000,2.294933262321882e-05
Qwen2.5-1.5B-Instruct,semantic_framing,posneg,negative,6,0.9979922232361824,0.00012870943471893632,50,5000,1.8202262818489424e-05
Qwen2.5-1.5B-Instruct,semantic_framing,posneg,negative,7,0.9977066825792613,0.00014425441157840733,50,5000,2.0400654528633408e-05
Qwen2.5-1.5B-Instruct,semantic_framing,posneg,negative,8,0.9978349730128687,0.00012374867350356305,50,5000,1.7500705239441893e-05
Qwen2.5-1.5B-Instruct,semantic_framing,posneg,negative,9,0.9975812550300155,0.00014963768569319327,50,5000,2.1161964454943635e-05
Qwen2.5-1.5B-Instruct,semantic_framing,posneg,negative,10,0.9979146834887618,0.0001165397188072107,50,5000,1.6481205089230423e-05
Qwen2.5-1.5B-Instruct,semantic_framing,posneg,negative,11,0.9979616242753936,9.547693368615418e-05,50,5000,1.3502477451275587e-05
Qwen2.5-1.5B-Instruct,semantic_framing,posneg,negative,12,0.998121420824705,8.295586096442677e-05,50,5000,1.1731730365422916e-05
Qwen2.5-1.5B-Instruct,semantic_framing,posneg,negative,13,0.9978044828288811,0.00013698586769469214,50,5000,1.9372727194728005e-05
Qwen2.5-1.5B-Instruct,semantic_framing,posneg,negative,14,0.9977561227436229,0.00019824908351195587,50,5000,2.803665426306443e-05
Qwen2.5-1.5B-Instruct,semantic_framing,posneg,negative,15,0.9977060083612731,0.00022207679440336674,50,5000,3.140640145335827e-05
Qwen2.5-1.5B-Instruct,semantic_framing,posneg,negative,16,0.9979656329991663,0.0002091107036808667,50,5000,2.9572719318286316e-05
Qwen2.5-1.5B-Instruct,semantic_framing,posneg,negative,17,0.9982127923651372,0.0001823391289488399,50,5000,2.57866469110746e-05
Qwen2.5-1.5B-Instruct,semantic_framing,posneg,negative,18,0.9983328797762566,0.00015742536767792117,50,5000,2.226330900316872e-05
Qwen2.5-1.5B-Instruct,semantic_framing,posneg,negative,19,0.9987589636084466,0.0001102909084453424,50,5000,1.5597489852985255e-05
Qwen2.5-1.5B-Instruct,semantic_framing,posneg,negative,20,0.9988104730847391,9.310868288621245e-05,50,5000,1.3167556211237734e-05
Qwen2.5-1.5B-Instruct,semantic_framing,posneg,negative,21,0.9990446137923604,6.552090223672292e-05,50,5000,9.266054856209521e-06
Qwen2.5-1.5B-Instruct,semantic_framing,posneg,negative,22,0.9989339442363656,0.0001408692895177248,50,5000,1.9921925975782848e-05
Qwen2.5-1.5B-Instruct,semantic_framing,posneg,negative,23,0.9991152227039349,0.00011048530880787133,50,5000,1.562498221590712e-05
Qwen2.5-1.5B-Instruct,semantic_framing,posneg,negative,24,0.9992043619001716,8.654974698847264e-05,50,5000,1.2239982601105795e-05
Qwen2.5-1.5B-Instruct,semantic_framing,posneg,negative,25,0.999175296989156,7.624354782856468e-05,50,5000,1.0782465938259791e-05
Qwen2.5-1.5B-Instruct,semantic_framing,posneg,negative,26,0.9990808044651545,8.061292938503495e-05,50,5000,1.1400389803894103e-05
Qwen2.5-1.5B-Instruct,semantic_framing,posneg,negative,27,0.9960563151166367,0.0002469484911784987,50,5000,3.4923790543220544e-05
Qwen2.5-1.5B-Instruct,semantic_framing,posneg,positive,0,0.9984735633917353,5.9770471056138823e-05,50,5000,8.452821079702005e-06
Qwen2.5-1.5B-Instruct,semantic_framing,posneg,positive,1,0.9981958239071693,8.098605370114923e-05,50,5000,1.1453157550724102e-05
Qwen2.5-1.5B-Instruct,semantic_framing,posneg,positive,2,0.998069867882334,8.022063285663967e-05,50,5000,1.1344910696801254e-05
Qwen2.5-1.5B-Instruct,semantic_framing,posneg,positive,3,0.9972820352891874,9.126731481873939e-05,50,5000,1.290714744180362e-05
Qwen2.5-1.5B-Instruct,semantic_framing,posneg,positive,4,0.9973354763357407,8.478083567115268e-05,50,5000,1.198982076354688e-05
Qwen2.5-1.5B-Instruct,semantic_framing,posneg,positive,5,0.9975521604430617,0.00010439301498677074,50,5000,1.4763401761130894e-05
Qwen2.5-1.5B-Instruct,semantic_framing,posneg,positive,6,0.997797633445542,8.36350078126508e-05,50,5000,1.1827776233783052e-05
Qwen2.5-1.5B-Instruct,semantic_framing,posneg,positive,7,0.9975464155240629,0.0001030044967776285,50,5000,1.4567035632833799e-05
Qwen2.5-1.5B-Instruct,semantic_framing,posneg,positive,8,0.9976952689898755,0.00010270834578617294,50,5000,1.4525153557971129e-05
Qwen2.5-1.5B-Instruct,semantic_framing,posneg,positive,9,0.9975128243709094,0.0001301615573346912,50,5000,1.840762396823235e-05
Qwen2.5-1.5B-Instruct,semantic_framing,posneg,positive,10,0.9979215728162291,8.4515747437409e-05,50,5000,1.1952331626008296e-05
Qwen2.5-1.5B-Instruct,semantic_framing,posneg,positive,11,0.9980333588565048,5.9918759936921914e-05,50,5000,8.473792294337263e-06
Qwen2.5-1.5B-Instruct,semantic_framing,posneg,positive,12,0.9982304876518451,4.474867117659867e-05,50,5000,6.328417767611985e-06
Qwen2.5-1.5B-Instruct,semantic_framing,posneg,positive,13,0.9979107560672837,7.512130435477348e-05,50,5000,1.062375674416777e-05
Qwen2.5-1.5B-Instruct,semantic_framing,posneg,positive,14,0.9979062793913368,9.860412832355811e-05,50,5000,1.3944729558115291e-05
Qwen2.5-1.5B-Instruct,semantic_framing,posneg,positive,15,0.9978337253521576,0.0001201512668719149,50,5000,1.699195511465712e-05
Qwen2.5-1.5B-Instruct,semantic_framing,posneg,positive,16,0.9980535444240118,0.00012508243718847384,50,5000,1.768932790866205e-05
Qwen2.5-1.5B-Instruct,semantic_framing,posneg,positive,17,0.9982544266556163,0.00011327264733322456,50,5000,1.6019171410455078e-05
Qwen2.5-1.5B-Instruct,semantic_framing,posneg,positive,18,0.9983509691828032,9.903124725034705e-05,50,5000,1.4005133296016407e-05
Qwen2.5-1.5B-Instruct,semantic_framing,posneg,positive,19,0.9987790020911065,7.080955671939302e-05,50,5000,1.0013983545819252e-05
Qwen2.5-1.5B-Instruct,semantic_framing,posneg,positive,20,0.9988364557969187,5.854661343771769e-05,50,5000,8.279741475463524e-06
Qwen2.5-1.5B-Instruct,semantic_framing,posneg,positive,21,0.9990813774914404,3.570560435847325e-05,50,5000,5.049534993648077e-06
Qwen2.5-1.5B-Instruct,semantic_framing,posneg,positive,22,0.999023435195307,9.805771687873944e-05,50,5000,1.3867455310525446e-05
Qwen2.5-1.5B-Instruct,semantic_framing,posneg,positive,23,0.9991793884113314,7.514464094678543e-05,50,5000,1.0627057036660056e-05
Qwen2.5-1.5B-Instruct,semantic_framing,posneg,positive,24,0.9992505058631577,5.671347002822408e-05,50,5000,8.020495848315454e-06
Qwen2.5-1.5B-Instruct,semantic_framing,posneg,positive,25,0.99919317593073,5.339537504983049e-05,50,5000,7.551246356346826e-06
Qwen2.5-1.5B-Instruct,semantic_framing,posneg,positive,26,0.9991155771133187,5.1688623818473966e-05,50,5000,7.309875282448688e-06
Qwen2.5-1.5B-Instruct,semantic_framing,posneg,positive,27,0.9961342678227152,0.00013897293294584483,50,5000,1.9653740657478047e-05
Qwen2.5-3B-Instruct,ideology,negpos,negative,0,0.9992619319604131,1.1966806263959316e-05,50,5000,1.692361971678257e-06
Qwen2.5-3B-Instruct,ideology,negpos,negative,1,0.9990562342407798,3.6295242879018035e-05,50,5000,5.13292247291328e-06
Qwen2.5-3B-Instruct,ideology,negpos,negative,2,0.9989343051872689,3.7586525752319104e-05,50,5000,5.315537448141528e-06
Qwen2.5-3B-Instruct,ideology,negpos,negative,3,0.9985533372007189,6.316637407445083e-05,50,5000,8.933074290202061e-06
Qwen2.5-3B-Instruct,ideology,negpos,negative,4,0.9982520330487319,7.79372583310919e-05,50,5000,1.1021992774600567e-05
Qwen2.5-3B-Instruct,ideology,negpos,negative,5,0.9985200789274886,8.151766727295641e-05,50,5000,1.1528339063043235e-05
Qwen2.5-3B-Instruct,ideology,negpos,negative,6,0.998473224361562,7.276063751064569e-05,50,5000,1.0289908037446767e-05
Qwen2.5-3B-Instruct,ideology,negpos,negative,7,0.9985313198244821,7.499781618530706e-05,50,5000,1.0606292879762565e-05
Qwen2.5-3B-Instruct,ideology,negpos,negative,8,0.9984846680992581,7.48284430764024e-05,50,5000,1.058233990499114e-05
Qwen2.5-3B-Instruct,ideology,negpos,negative,9,0.998413706583351,7.557701628306927e-05,50,5000,1.068820414312088e-05
Qwen2.5-3B-Instruct,ideology,negpos,negative,10,0.998560656050504,7.166662383545237e-05,50,5000,1.0135191139758765e-05
Qwen2.5-3B-Instruct,ideology,negpos,negative,11,0.9986266603271787,7.122719876487109e-05,50,5000,1.0073047050312485e-05
Qwen2.5-3B-Instruct,ideology,negpos,negative,12,0.9988156132623821,7.101555893377578e-05,50,5000,1.0043116658365151e-05
Qwen2.5-3B-Instruct,ideology,negpos,negative,13,0.9986757857537204,5.9982174770872e-05,50,5000,8.482760506160047e-06
Qwen2.5-3B-Instruct,ideology,negpos,negative,14,0.9985892507887532,9.895716934923333e-05,50,5000,1.3994657098773692e-05
Qwen2.5-3B-Instruct,ideology,negpos,negative,15,0.998493406227472,0.00010283714752923643,50,5000,1.4543368875160898e-05
Qwen2.5-3B-Instruct,ideology,negpos,negative,16,0.998378161478237,0.00011978917821036621,50,5000,1.6940748045062752e-05
Qwen2.5-3B-Instruct,ideology,negpos,negative,17,0.9983163176829423,9.218087902855173e-05,50,5000,1.3036344931365146e-05
Qwen2.5-3B-Instruct,ideology,negpos,negative,18,0.9980628441346707,0.00010646276680424546,50,5000,1.5056108870232805e-05
Qwen2.5-3B-Instruct,ideology,negpos,negative,19,0.9980662654113732,8.851650503811664e-05,50,5000,1.2518124191877095e-05
Qwen2.5-3B-Instruct,ideology,negpos,negative,20,0.9979446078594971,9.593757007069349e-05,50,5000,1.3567621273509386e-05
Qwen2.5-3B-Instruct,ideology,negpos,negative,21,0.9981903875164275,7.125173682180166e-05,50,5000,1.0076517255603036e-05
Qwen2.5-3B-Instruct,ideology,negpos,negative,22,0.9985072580744654,5.9665952277922165e-05,50,5000,8.438039892334339e-06
Qwen2.5-3B-Instruct,ideology,negpos,negative,23,0.998501359418608,7.061374603117128e-05,50,5000,9.986291732725173e-06
Qwen2.5-3B-Instruct,ideology,negpos,negative,24,0.9983776495706057,0.00010280852621661214,50,5000,1.4539321210312278e-05
Qwen2.5-3B-Instruct,ideology,negpos,negative,25,0.9984212558148805,9.60487712278638e-05,50,5000,1.3583347491971568e-05
Qwen2.5-3B-Instruct,ideology,negpos,negative,26,0.9984367949558662,9.917792780715064e-05,50,5000,1.4025877059293214e-05
Qwen2.5-3B-Instruct,ideology,negpos,negative,27,0.9987422566300187,7.855836672794233e-05,50,5000,1.1109830766453534e-05
Qwen2.5-3B-Instruct,ideology,negpos,negative,28,0.998829999736162,8.390882348464177e-05,50,5000,1.1866499617475046e-05
Qwen2.5-3B-Instruct,ideology,negpos,negative,29,0.9991631761833548,5.532680737700911e-05,50,5000,7.824392135537009e-06
Qwen2.5-3B-Instruct,ideology,negpos,negative,30,0.9993488508515307,3.852243863983739e-05,50,5000,5.44789551801434e-06
Qwen2.5-3B-Instruct,ideology,negpos,negative,31,0.9991576017232496,6.848287867060643e-05,50,5000,9.684941580632278e-06
Qwen2.5-3B-Instruct,ideology,negpos,negative,32,0.9983147998031288,0.00021641828913304228,50,5000,3.060616796375302e-05
Qwen2.5-3B-Instruct,ideology,negpos,negative,33,0.9965962647772671,0.0004151131889215684,50,5000,5.870587016928268e-05
Qwen2.5-3B-Instruct,ideology,negpos,negative,34,0.995393770172146,0.0005333087437688087,50,5000,7.542124583700071e-05
Qwen2.5-3B-Instruct,ideology,negpos,negative,35,0.9929705561722467,0.0008237082471416617,50,5000,0.0001164899374546307
Qwen2.5-3B-Instruct,ideology,negpos,positive,0,0.9992072712829505,1.7454018226847717e-05,50,5000,2.468370929431524e-06
Qwen2.5-3B-Instruct,ideology,negpos,positive,1,0.9990066414500488,3.40496564895579e-05,50,5000,4.815348600167785e-06
Qwen2.5-3B-Instruct,ideology,negpos,positive,2,0.9988680839714504,3.319374042293805e-05,50,5000,4.694303789201102e-06
Qwen2.5-3B-Instruct,ideology,negpos,positive,3,0.9984363914514297,6.759405030713554e-05,50,5000,9.559242268008034e-06
Qwen2.5-3B-Instruct,ideology,negpos,positive,4,0.9981058878282316,6.095160010706713e-05,50,5000,8.619857951975572e-06
Qwen2.5-3B-Instruct,ideology,negpos,positive,5,0.9984063785829994,5.93820841917208e-05,50,5000,8.397894882591253e-06
Qwen2.5-3B-Instruct,ideology,negpos,positive,6,0.9983640520115755,5.569172457045158e-05,50,5000,7.875999219947956e-06
Qwen2.5-3B-Instruct,ideology,negpos,positive,7,0.998439366509107,5.97915286040578e-05,50,5000,8.45579906668774e-06
Qwen2.5-3B-Instruct,ideology,negpos,positive,8,0.9983883505897062,6.437095872154814e-05,50,5000,9.103428284697204e-06
Qwen2.5-3B-Instruct,ideology,negpos,positive,9,0.9983244035511484,6.621635899937284e-05,50,5000,9.364407294787881e-06
Qwen2.5-3B-Instruct,ideology,negpos,positive,10,0.9984764499864096,6.0795535896034955e-05,50,5000,8.597787139591296e-06
Qwen2.5-3B-Instruct,ideology,negpos,positive,11,0.9985614496485291,5.9794697518031714e-05,50,5000,8.456247218799729e-06
Qwen2.5-3B-Instruct,ideology,negpos,positive,12,0.9987588316405233,6.424656303207247e-05,50,5000,9.08583607758148e-06
Qwen2.5-3B-Instruct,ideology,negpos,positive,13,0.9986479925187871,4.8426544948355484e-05,50,5000,6.848547664483462e-06
Qwen2.5-3B-Instruct,ideology,negpos,positive,14,0.9985973902719572,7.216473195646681e-05,50,5000,1.0205634265785446e-05
Qwen2.5-3B-Instruct,ideology,negpos,positive,15,0.9985363039019607,9.359899559697172e-05,50,5000,1.32368968997737e-05
Qwen2.5-3B-Instruct,ideology,negpos,positive,16,0.9984842538898664,0.00010943018484912602,50,5000,1.547576515466288e-05
Qwen2.5-3B-Instruct,ideology,negpos,positive,17,0.9985108584355001,9.271408425889808e-05,50,5000,1.3111751538193555e-05
Qwen2.5-3B-Instruct,ideology,negpos,positive,18,0.9984106469753549,0.00010151139694545799,50,5000,1.4355879429570545e-05
Qwen2.5-3B-Instruct,ideology,negpos,positive,19,0.9983486361572754,9.35346515713446e-05,50,5000,1.3227797280403744e-05
Qwen2.5-3B-Instruct,ideology,negpos,positive,20,0.9983293838951137,0.00010046910581845925,50,5000,1.420847720479627e-05
Qwen2.5-3B-Instruct,ideology,negpos,positive,21,0.9985329625537482,8.01974488849868e-05,50,5000,1.1341631988087138e-05
Qwen2.5-3B-Instruct,ideology,negpos,positive,22,0.9987734602778385,6.535804262360302e-05,50,5000,9.243023028845821e-06
Qwen2.5-3B-Instruct,ideology,negpos,positive,23,0.9987790823701601,6.915549316461884e-05,50,5000,9.780063634600383e-06
Qwen2.5-3B-Instruct,ideology,negpos,positive,24,0.9986773711244972,9.02981250793471e-05,50,5000,1.2770083314407478e-05
Qwen2.5-3B-Instruct,ideology,negpos,positive,25,0.9987179544669158,8.58940850703905e-05,50,5000,1.2147258003417463e-05
Qwen2.5-3B-Instruct,ideology,negpos,positive,26,0.9986901034823602,9.010324140434117e-05,50,5000,1.2742522600779626e-05
Qwen2.5-3B-Instruct,ideology,negpos,positive,27,0.9989539412600417,7.145440837900269e-05,50,5000,1.0105179342093133e-05
Qwen2.5-3B-Instruct,ideology,negpos,positive,28,0.9990033018969982,7.482912006401468e-05,50,5000,1.0582435645497424e-05
Qwen2.5-3B-Instruct,ideology,negpos,positive,29,0.9993032262886943,4.793446325533587e-05,50,5000,6.778956804077077e-06
Qwen2.5-3B-Instruct,ideology,negpos,positive,30,0.9994329803859678,3.3884704921403296e-05,50,5000,4.79202092568589e-06
Qwen2.5-3B-Instruct,ideology,negpos,positive,31,0.9992283347277641,5.166191137419184e-05,50,5000,7.306097572349895e-06
Qwen2.5-3B-Instruct,ideology,negpos,positive,32,0.9983978502009353,0.00020268490733291538,50,5000,2.866397448385429e-05
Qwen2.5-3B-Instruct,ideology,negpos,positive,33,0.9967306469858491,0.00039029485892043495,50,5000,5.519602828097728e-05
Qwen2.5-3B-Instruct,ideology,negpos,positive,34,0.9956088833627419,0.0005142106466672234,50,5000,7.27203670433427e-05
Qwen2.5-3B-Instruct,ideology,negpos,positive,35,0.9932790653009637,0.000785518191495968,50,5000,0.00011108904799043838
Qwen2.5-3B-Instruct,ideology,posneg,negative,0,0.9992666739662649,1.3515035212017122e-05,50,5000,1.911314609278455e-06
Qwen2.5-3B-Instruct,ideology,posneg,negative,1,0.9990593589124545,3.790909508875314e-05,50,5000,5.361155641180598e-06
Qwen2.5-3B-Instruct,ideology,posneg,negative,2,0.9989370620877844,3.922709166863753e-05,50,5000,5.547548505023983e-06
Qwen2.5-3B-Instruct,ideology,posneg,negative,3,0.9985522354507731,6.33735620678326e-05,50,5000,8.962375097222198e-06
Qwen2.5-3B-Instruct,ideology,posneg,negative,4,0.9982417251173785,7.579076707119284e-05,50,5000,1.0718433069474109e-05
Qwen2.5-3B-Instruct,ideology,posneg,negative,5,0.9985069847664139,8.167847095317099e-05,50,5000,1.1551080137587132e-05
Qwen2.5-3B-Instruct,ideology,posneg,negative,6,0.9984603706779868,7.247405772311359e-05,50,5000,1.0249379535223778e-05
Qwen2.5-3B-Instruct,ideology,posneg,negative,7,0.9985177879898511,7.630080735435169e-05,50,5000,1.0790563658054095e-05
Qwen2.5-3B-Instruct,ideology,posneg,negative,8,0.9984685858108377,7.621249448247005e-05,50,5000,1.0778074331939381e-05
Qwen2.5-3B-Instruct,ideology,posneg,negative,9,0.9983954909055742,7.653035222353123e-05,50,5000,1.0823026204770782e-05
Qwen2.5-3B-Instruct,ideology,posneg,negative,10,0.9985448228907015,7.161215201429956e-05,50,5000,1.012748766093462e-05
Qwen2.5-3B-Instruct,ideology,posneg,negative,11,0.9986118964500065,7.065381827060116e-05,50,5000,9.991958803172812e-06
Qwen2.5-3B-Instruct,ideology,posneg,negative,12,0.9988028713773843,7.130795566640688e-05,50,5000,1.00844678008532e-05
Qwen2.5-3B-Instruct,ideology,posneg,negative,13,0.99865839101032,6.126898154605744e-05,50,5000,8.664742465522132e-06
Qwen2.5-3B-Instruct,ideology,posneg,negative,14,0.9985730750967021,9.951975520533905e-05,50,5000,1.407421875354409e-05
Qwen2.5-3B-Instruct,ideology,posneg,negative,15,0.9984794021193517,0.00010285169285870535,50,5000,1.4545425895381311e-05
Qwen2.5-3B-Instruct,ideology,posneg,negative,16,0.9983638903845329,0.0001226243310732455,50,5000,1.7341699208071232e-05
Qwen2.5-3B-Instruct,ideology,posneg,negative,17,0.9982998536048023,9.562199691448807e-05,50,5000,1.3522992489766726e-05
Qwen2.5-3B-Instruct,ideology,posneg,negative,18,0.9980451668732404,0.00011299767495385598,50,5000,1.5980284443636972e-05
Qwen2.5-3B-Instruct,ideology,posneg,negative,19,0.9980507078573637,9.60440512009741e-05,50,5000,1.3582679979367351e-05
Qwen2.5-3B-Instruct,ideology,posneg,negative,20,0.9979238029100518,0.0001082785959766617,50,5000,1.531290589449118e-05
Qwen2.5-3B-Instruct,ideology,posneg,negative,21,0.9981729960930535,8.270226218370126e-05,50,5000,1.1695866081912585e-05
Qwen2.5-3B-Instruct,ideology,posneg,negative,22,0.9984918809869664,7.216167857626689e-05,50,5000,1.0205202452616464e-05
Qwen2.5-3B-Instruct,ideology,posneg,negative,23,0.9984823441225202,9.442612414163766e-05,50,5000,1.3353870540342951e-05
Qwen2.5-3B-Instruct,ideology,posneg,negative,24,0.9983652204425308,0.0001279700782827616,50,5000,1.809770202854281e-05
Qwen2.5-3B-Instruct,ideology,posneg,negative,25,0.9984108475202621,0.00012071861219019406,50,5000,1.7072189859023046e-05
Qwen2.5-3B-Instruct,ideology,posneg,negative,26,0.9984315750262772,0.00012712116692110726,50,5000,1.7977647832452394e-05
Qwen2.5-3B-Instruct,ideology,posneg,negative,27,0.9987386587049641,0.00010389728855510743,50,5000,1.4693295456842387e-05
Qwen2.5-3B-Instruct,ideology,posneg,negative,28,0.9988235655256926,0.00010276999692944956,50,5000,1.453387234626689e-05
Qwen2.5-3B-Instruct,ideology,posneg,negative,29,0.9991592681460062,6.63064308005854e-05,50,5000,9.3771453710741e-06
Qwen2.5-3B-Instruct,ideology,posneg,negative,30,0.9993449876635496,4.726504506155642e-05,50,5000,6.684286775222857e-06
Qwen2.5-3B-Instruct,ideology,posneg,negative,31,0.9991402902907712,7.145341275312359e-05,50,5000,1.0105038539331005e-05
Qwen2.5-3B-Instruct,ideology,posneg,negative,32,0.9983058656805295,0.00020667920248952924,50,5000,2.922885312211474e-05
Qwen2.5-3B-Instruct,ideology,posneg,negative,33,0.9966072685964612,0.0004127837575903459,50,5000,5.837643883115951e-05
Qwen2.5-3B-Instruct,ideology,posneg,negative,34,0.9954127752598975,0.000531477717560926,50,5000,7.516229962737587e-05
Qwen2.5-3B-Instruct,ideology,posneg,negative,35,0.9929928853800463,0.0008104523388541921,50,5000,0.00011461526892645938
Qwen2.5-3B-Instruct,ideology,posneg,positive,0,0.9992040856071482,1.5282427154076857e-05,50,5000,2.161261574727435e-06
Qwen2.5-3B-Instruct,ideology,posneg,positive,1,0.9990023032093237,3.489518597430437e-05,50,5000,4.934924526639264e-06
Qwen2.5-3B-Instruct,ideology,posneg,positive,2,0.9988640145008388,3.36178751493577e-05,50,5000,4.7542854974387095e-06
Qwen2.5-3B-Instruct,ideology,posneg,positive,3,0.9984368110732565,6.80401975004414e-05,50,5000,9.622337009166818e-06
Qwen2.5-3B-Instruct,ideology,posneg,positive,4,0.9981142008692305,6.288248847754564e-05,50,5000,8.892926804071492e-06
Qwen2.5-3B-Instruct,ideology,posneg,positive,5,0.9984188166461949,5.917461695102249e-05,50,5000,8.368554584036885e-06
Qwen2.5-3B-Instruct,ideology,posneg,positive,6,0.9983786392951477,5.4527612626787693e-05,50,5000,7.711368930062958e-06
Qwen2.5-3B-Instruct,ideology,posneg,positive,7,0.9984529565938811,5.740344079261047e-05,50,5000,8.11807244957907e-06
Qwen2.5-3B-Instruct,ideology,posneg,positive,8,0.9984046623073314,5.9489230057879206e-05,50,5000,8.413047596298595e-06
Qwen2.5-3B-Instruct,ideology,posneg,positive,9,0.9983422060392994,5.915189666553137e-05,50,5000,8.365341450448631e-06
Qwen2.5-3B-Instruct,ideology,posneg,positive,10,0.9984937524154897,5.361817416740383e-05,50,5000,7.582754909722523e-06
Qwen2.5-3B-Instruct,ideology,posneg,positive,11,0.9985778066909758,5.331843309248458e-05,50,5000,7.540365120387413e-06
Qwen2.5-3B-Instruct,ideology,posneg,positive,12,0.9987732818478395,5.846552440615352e-05,50,5000,8.26827375464375e-06
Qwen2.5-3B-Instruct,ideology,posneg,positive,13,0.9986643997021902,4.57451973354606e-05,50,5000,6.469347848524195e-06
Qwen2.5-3B-Instruct,ideology,posneg,positive,14,0.9986162865859682,6.844050259392412e-05,50,5000,9.678948698395849e-06
Qwen2.5-3B-Instruct,ideology,posneg,positive,15,0.9985529165165439,9.093448777109941e-05,50,5000,1.2860078589333914e-05
Qwen2.5-3B-Instruct,ideology,posneg,positive,16,0.9985006465422075,0.00010857089951854595,50,5000,1.5354243857817422e-05
Qwen2.5-3B-Instruct,ideology,posneg,positive,17,0.9985257039588424,9.148060395453357e-05,50,5000,1.2937311080658317e-05
Qwen2.5-3B-Instruct,ideology,posneg,positive,18,0.9984277470779199,9.835079539958073e-05,50,5000,1.3908902872426846e-05
Qwen2.5-3B-Instruct,ideology,posneg,positive,19,0.9983647060501208,8.982663231956805e-05,50,5000,1.2703404168863452e-05
Qwen2.5-3B-Instruct,ideology,posneg,positive,20,0.9983430108733375,0.0001002007344195146,50,5000,1.4170523757582215e-05
Qwen2.5-3B-Instruct,ideology,posneg,positive,21,0.9985490917299109,7.438057989933029e-05,50,5000,1.051900248708085e-05
Qwen2.5-3B-Instruct,ideology,posneg,positive,22,0.9987862862473169,6.231253189597458e-05,50,5000,8.812322771309332e-06
Qwen2.5-3B-Instruct,ideology,posneg,positive,23,0.9987895104563802,6.331685922553796e-05,50,5000,8.95435610436238e-06
Qwen2.5-3B-Instruct,ideology,posneg,positive,24,0.9986889915059872,7.623455681339456e-05,50,5000,1.0781194416700482e-05
Qwen2.5-3B-Instruct,ideology,posneg,positive,25,0.9987268009993804,7.740160524206491e-05,50,5000,1.0946239988277663e-05
Qwen2.5-3B-Instruct,ideology,posneg,positive,26,0.9986938828112817,8.200314242178355e-05,50,5000,1.1596995617009879e-05
Qwen2.5-3B-Instruct,ideology,posneg,positive,27,0.9989569289105664,6.95134015383956e-05,50,5000,9.830679522228583e-06
Qwen2.5-3B-Instruct,ideology,posneg,positive,28,0.9990099574216186,6.950588859504957e-05,50,5000,9.829617031591252e-06
Qwen2.5-3B-Instruct,ideology,posneg,positive,29,0.9993073399367836,4.508749178470858e-05,50,5000,6.376334237532038e-06
Qwen2.5-3B-Instruct,ideology,posneg,positive,30,0.9994359181751858,3.207911235941485e-05,50,5000,4.536671576757486e-06
Qwen2.5-3B-Instruct,ideology,posneg,positive,31,0.9992420908236724,4.1929155955348e-05,50,5000,5.929678101090977e-06
Qwen2.5-3B-Instruct,ideology,posneg,positive,32,0.9984173780449805,0.00019392905376245227,50,5000,2.742570979690411e-05
Qwen2.5-3B-Instruct,ideology,posneg,positive,33,0.9967587414751036,0.0003872391059417524,50,5000,5.47638795504058e-05
Qwen2.5-3B-Instruct,ideology,posneg,positive,34,0.9956548856356403,0.0005084181995486716,50,5000,7.190119131590419e-05
Qwen2.5-3B-Instruct,ideology,posneg,positive,35,0.9933521548058307,0.0007706635883928887,50,5000,0.00010898828987323397
Qwen2.5-3B-Instruct,linguistic_style,negpos,negative,0,0.9992484719669106,1.4061731941600867e-05,50,5000,1.98862920222669e-06
Qwen2.5-3B-Instruct,linguistic_style,negpos,negative,1,0.9990470139661615,1.9422237337114827e-05,50,5000,2.7467191453776892e-06
Qwen2.5-3B-Instruct,linguistic_style,negpos,negative,2,0.9989282104704208,1.9101637644523065e-05,50,5000,2.701379502042098e-06
Qwen2.5-3B-Instruct,linguistic_style,negpos,negative,3,0.9984961500797482,5.621241565134677e-05,50,5000,7.949636058788824e-06
Qwen2.5-3B-Instruct,linguistic_style,negpos,negative,4,0.9982870722201774,3.833607310099648e-05,50,5000,5.421539450755562e-06
Qwen2.5-3B-Instruct,linguistic_style,negpos,negative,5,0.9985593025832723,2.9755073774070985e-05,50,5000,4.208002888070318e-06
Qwen2.5-3B-Instruct,linguistic_style,negpos,negative,6,0.9985131239808799,2.7745465079084893e-05,50,5000,3.923801300919096e-06
Qwen2.5-3B-Instruct,linguistic_style,negpos,negative,7,0.9985698459041599,2.6258692657114274e-05,50,5000,3.713539928587781e-06
Qwen2.5-3B-Instruct,linguistic_style,negpos,negative,8,0.9985112236038833,2.876982897187032e-05,50,5000,4.06866823191734e-06
Qwen2.5-3B-Instruct,linguistic_style,negpos,negative,9,0.9984451673986837,3.27303249653842e-05,50,5000,4.6287669466925034e-06
Qwen2.5-3B-Instruct,linguistic_style,negpos,negative,10,0.9985904647794919,2.9195332452559396e-05,50,5000,4.128843511240085e-06
Qwen2.5-3B-Instruct,linguistic_style,negpos,negative,11,0.9986600260770601,3.0272916857018137e-05,50,5000,4.281236959178814e-06
Qwen2.5-3B-Instruct,linguistic_style,negpos,negative,12,0.9988392453203793,5.7647298858715985e-05,50,5000,8.152559188017118e-06
Qwen2.5-3B-Instruct,linguistic_style,negpos,negative,13,0.9987036429301941,6.229835365431313e-05,50,5000,8.810317665144508e-06
Qwen2.5-3B-Instruct,linguistic_style,negpos,negative,14,0.9986615845060706,7.14475329687349e-05,50,5000,1.0104207012248372e-05
Qwen2.5-3B-Instruct,linguistic_style,negpos,negative,15,0.9985242987122821,8.123446461331238e-05,50,5000,1.1488288158826364e-05
Qwen2.5-3B-Instruct,linguistic_style,negpos,negative,16,0.9984255482282505,9.553920541639857e-05,50,5000,1.351128400382199e-05
Qwen2.5-3B-Instruct,linguistic_style,negpos,negative,17,0.9983249692727071,0.00012810976913856572,50,5000,1.811745729882458e-05
Qwen2.5-3B-Instruct,linguistic_style,negpos,negative,18,0.9980576224450988,0.0001754131241512099,50,5000,2.4807161919287655e-05
Qwen2.5-3B-Instruct,linguistic_style,negpos,negative,19,0.9979594357919045,0.00025944536794406814,50,5000,3.66911158041379e-05
Qwen2.5-3B-Instruct,linguistic_style,negpos,negative,20,0.9978003970548515,0.00032561555032168,50,5000,4.604899273844989e-05
Qwen2.5-3B-Instruct,linguistic_style,negpos,negative,21,0.9977042784542443,0.0004999126131500858,50,5000,7.069831975182257e-05
Qwen2.5-3B-Instruct,linguistic_style,negpos,negative,22,0.9980265052491449,0.0004330173578314561,50,5000,6.123790201882087e-05
Qwen2.5-3B-Instruct,linguistic_style,negpos,negative,23,0.9974781797887803,0.00048398814199638197,50,5000,6.844625944390386e-05
Qwen2.5-3B-Instruct,linguistic_style,negpos,negative,24,0.9968940910596022,0.0007266882854615358,50,5000,0.00010276924289173551
Qwen2.5-3B-Instruct,linguistic_style,negpos,negative,25,0.9970981235657729,0.0006687581910803412,50,5000,9.457669037739163e-05
Qwen2.5-3B-Instruct,linguistic_style,negpos,negative,26,0.9969880046425917,0.0007001957469053562,50,5000,9.902263215895138e-05
Qwen2.5-3B-Instruct,linguistic_style,negpos,negative,27,0.9977627851644655,0.0004742902270795864,50,5000,6.707476716369661e-05
Qwen2.5-3B-Instruct,linguistic_style,negpos,negative,28,0.9979409499334089,0.0004747363480845325,50,5000,6.713785820126204e-05
Qwen2.5-3B-Instruct,linguistic_style,negpos,negative,29,0.9986106000765139,0.0003190107564760658,50,5000,4.511493383513529e-05
Qwen2.5-3B-Instruct,linguistic_style,negpos,negative,30,0.9989446992583957,0.00024402182322907418,50,5000,3.450989719255667e-05
Qwen2.5-3B-Instruct,linguistic_style,negpos,negative,31,0.9987026500936058,0.0003075630935575143,50,5000,4.349598981944618e-05
Qwen2.5-3B-Instruct,linguistic_style,negpos,negative,32,0.9977472206453548,0.00031591147849442745,50,5000,4.467662973961556e-05
Qwen2.5-3B-Instruct,linguistic_style,negpos,negative,33,0.9956976563073393,0.0004416060192867635,50,5000,6.245252217009356e-05
Qwen2.5-3B-Instruct,linguistic_style,negpos,negative,34,0.9944883227752218,0.0005287907047055281,50,5000,7.478229862513843e-05
Qwen2.5-3B-Instruct,linguistic_style,negpos,negative,35,0.9914659750896397,0.0008712247469381124,50,5000,0.00012320978529949461
Qwen2.5-3B-Instruct,linguistic_style,negpos,positive,0,0.9991931611775083,1.1029158447819763e-05,50,5000,1.5597585458468501e-06
Qwen2.5-3B-Instruct,linguistic_style,negpos,positive,1,0.9989561594507715,3.8657878069827046e-05,50,5000,5.467049545891485e-06
Qwen2.5-3B-Instruct,linguistic_style,negpos,positive,2,0.9988191825173811,3.8887750209011465e-05,50,5000,5.499558375576117e-06
Qwen2.5-3B-Instruct,linguistic_style,negpos,positive,3,0.9983240020922683,7.170045012221527e-05,50,5000,1.0139974899109246e-05
Qwen2.5-3B-Instruct,linguistic_style,negpos,positive,4,0.998056846250561,5.536637599198316e-05,50,5000,7.82998798273107e-06
Qwen2.5-3B-Instruct,linguistic_style,negpos,positive,5,0.9983697748671301,3.9604922491565696e-05,50,5000,5.600981852430743e-06
Qwen2.5-3B-Instruct,linguistic_style,negpos,positive,6,0.9983286338396604,3.857511052554066e-05,50,5000,5.455344447526073e-06
Qwen2.5-3B-Instruct,linguistic_style,negpos,positive,7,0.9984089174347466,3.458378304467818e-05,50,5000,4.890885501995258e-06
Qwen2.5-3B-Instruct,linguistic_style,negpos,positive,8,0.9983463849528431,3.9047747622245966e-05,50,5000,5.5221854267502015e-06
Qwen2.5-3B-Instruct,linguistic_style,negpos,positive,9,0.9982928079180671,4.1422297897233287e-05,50,5000,5.857997547092585e-06
Qwen2.5-3B-Instruct,linguistic_style,negpos,positive,10,0.9984371051218701,3.996336453530289e-05,50,5000,5.65167321238853e-06
Qwen2.5-3B-Instruct,linguistic_style,negpos,positive,11,0.9985364660251538,3.661444171299737e-05,50,5000,5.178064004924005e-06
Qwen2.5-3B-Instruct,linguistic_style,negpos,positive,12,0.9987317961369792,4.915153601175419e-05,50,5000,6.951076883929236e-06
Qwen2.5-3B-Instruct,linguistic_style,negpos,positive,13,0.9986010031034951,6.0939122264428305e-05,50,5000,8.618093318546674e-06
Qwen2.5-3B-Instruct,linguistic_style,negpos,positive,14,0.9985757832118415,7.730823261391684e-05,50,5000,1.0933035104569522e-05
Qwen2.5-3B-Instruct,linguistic_style,negpos,positive,15,0.9984804525369229,7.702355646175917e-05,50,5000,1.0892775817042965e-05
Qwen2.5-3B-Instruct,linguistic_style,negpos,positive,16,0.9984013848156,9.29838826147976e-05,50,5000,1.3149906787595462e-05
Qwen2.5-3B-Instruct,linguistic_style,negpos,positive,17,0.9983169904967898,0.00016093325365391825,50,5000,2.2759398995420064e-05
Qwen2.5-3B-Instruct,linguistic_style,negpos,positive,18,0.9981042283254208,0.00023259454996032996,50,5000,3.2893836708796505e-05
Qwen2.5-3B-Instruct,linguistic_style,negpos,positive,19,0.9980165960962702,0.00024825724435904184,50,5000,3.510887619299285e-05
Qwen2.5-3B-Instruct,linguistic_style,negpos,positive,20,0.9978794023628401,0.0002979450194233607,50,5000,4.213578873100319e-05
Qwen2.5-3B-Instruct,linguistic_style,negpos,positive,21,0.9977292446533508,0.00048572663177810375,50,5000,6.869211902663967e-05
Qwen2.5-3B-Instruct,linguistic_style,negpos,positive,22,0.9980013553722838,0.00044101069588250525,50,5000,6.236833072686354e-05
Qwen2.5-3B-Instruct,linguistic_style,negpos,positive,23,0.9973986559270288,0.0006010566749733411,50,5000,8.500225015021762e-05
Qwen2.5-3B-Instruct,linguistic_style,negpos,positive,24,0.9966941516455172,0.0009249664061145181,50,5000,0.00013081000362666516
Qwen2.5-3B-Instruct,linguistic_style,negpos,positive,25,0.9969437378158564,0.0008064433298053817,50,5000,0.00011404830942960896
Qwen2.5-3B-Instruct,linguistic_style,negpos,positive,26,0.9968631914914816,0.0008122930230465429,50,5000,0.0001148755809813462
Qwen2.5-3B-Instruct,linguistic_style,negpos,positive,27,0.9976838267069102,0.0005531073716419576,50,5000,7.822119464245922e-05
Qwen2.5-3B-Instruct,linguistic_style,negpos,positive,28,0.9978466383525654,0.0005211719539789452,50,5000,7.370484456455108e-05
Qwen2.5-3B-Instruct,linguistic_style,negpos,positive,29,0.9985929850036854,0.0003267983302673943,50,5000,4.6216263082503095e-05
Qwen2.5-3B-Instruct,linguistic_style,negpos,positive,30,0.9989485239296582,0.000231770521328867,50,5000,3.277730146215664e-05
Qwen2.5-3B-Instruct,linguistic_style,negpos,positive,31,0.9986826503043926,0.00031045799555826363,50,5000,4.3905390786566254e-05
Qwen2.5-3B-Instruct,linguistic_style,negpos,positive,32,0.9976942419844772,0.000320433959524581,50,5000,4.531620514045739e-05
Qwen2.5-3B-Instruct,linguistic_style,negpos,positive,33,0.9956284305808313,0.0004225187018957951,50,5000,5.9753167857730816e-05
Qwen2.5-3B-Instruct,linguistic_style,negpos,positive,34,0.9943279314007352,0.000550514991261683,50,5000,7.78545766931978e-05
Qwen2.5-3B-Instruct,linguistic_style,negpos,positive,35,0.9914210993327779,0.0007992973047791705,50,5000,0.0001130377088786964
Qwen2.5-3B-Instruct,linguistic_style,posneg,negative,0,0.9992501923853497,1.5622912342341866e-05,50,5000,2.2094134518305884e-06
Qwen2.5-3B-Instruct,linguistic_style,posneg,negative,1,0.9990500757160768,2.1440465772152006e-05,50,5000,3.03213974785735e-06
Qwen2.5-3B-Instruct,linguistic_style,posneg,negative,2,0.9989309858889744,2.1363712279205945e-05,50,5000,3.0212851647889673e-06
Qwen2.5-3B-Instruct,linguistic_style,posneg,negative,3,0.9984960260175174,5.853443241615549e-05,50,5000,8.278018818873842e-06
Qwen2.5-3B-Instruct,linguistic_style,posneg,negative,4,0.9982720492153824,4.025642212081829e-05,50,5000,5.693117813587749e-06
Qwen2.5-3B-Instruct,linguistic_style,posneg,negative,5,0.9985421806822579,3.3865051902099645e-05,50,5000,4.78924156904181e-06
Qwen2.5-3B-Instruct,linguistic_style,posneg,negative,6,0.9984925775195188,3.2234955473421184e-05,50,5000,4.558711121300507e-06
Qwen2.5-3B-Instruct,linguistic_style,posneg,negative,7,0.9985482588350801,3.1506942774885205e-05,50,5000,4.455754578115565e-06
Qwen2.5-3B-Instruct,linguistic_style,posneg,negative,8,0.9984820737113076,3.179565365118948e-05,50,5000,4.496584461802978e-06
Qwen2.5-3B-Instruct,linguistic_style,posneg,negative,9,0.9984148944761322,3.379637674467456e-05,50,5000,4.779529435138943e-06
Qwen2.5-3B-Instruct,linguistic_style,posneg,negative,10,0.9985621053960791,3.1606882694396067e-05,50,5000,4.469888217075039e-06
Qwen2.5-3B-Instruct,linguistic_style,posneg,negative,11,0.9986327935862049,3.289701148905095e-05,50,5000,4.652339980935938e-06
Qwen2.5-3B-Instruct,linguistic_style,posneg,negative,12,0.9988154719791169,4.893647149428708e-05,50,5000,6.920662168190515e-06
Qwen2.5-3B-Instruct,linguistic_style,posneg,negative,13,0.9986715082874733,5.574143585491325e-05,50,5000,7.883029457216823e-06
Qwen2.5-3B-Instruct,linguistic_style,posneg,negative,14,0.9986316078961234,6.317250361713366e-05,50,5000,8.933941138441382e-06
Qwen2.5-3B-Instruct,linguistic_style,posneg,negative,15,0.998492411011096,6.801749607537207e-05,50,5000,9.619126542844995e-06
Qwen2.5-3B-Instruct,linguistic_style,posneg,negative,16,0.9983890517998459,8.44867643647354e-05,50,5000,1.194823280056287e-05
Qwen2.5-3B-Instruct,linguistic_style,posneg,negative,17,0.9982698419082987,0.00014681074182566284,50,5000,2.076217421919074e-05
Qwen2.5-3B-Instruct,linguistic_style,posneg,negative,18,0.9979830940678985,0.00022889144256974387,50,5000,3.237013823932742e-05
Qwen2.5-3B-Instruct,linguistic_style,posneg,negative,19,0.9979138018519927,0.0002857361983516191,50,5000,4.040920069697886e-05
Qwen2.5-3B-Instruct,linguistic_style,posneg,negative,20,0.9977490909461466,0.0003623369952633483,50,5000,5.12421892850943e-05
Qwen2.5-3B-Instruct,linguistic_style,posneg,negative,21,0.9976408749012837,0.0006830570869514857,50,5000,9.659885962418494e-05
Qwen2.5-3B-Instruct,linguistic_style,posneg,negative,22,0.9979430656875329,0.0006816987837860539,50,5000,9.640676654834815e-05
Qwen2.5-3B-Instruct,linguistic_style,posneg,negative,23,0.9972294291965897,0.0008106710089978213,50,5000,0.00011464619355474001
Qwen2.5-3B-Instruct,linguistic_style,posneg,negative,24,0.9964068491177394,0.0011570970333946793,50,5000,0.00016363823176084296
Qwen2.5-3B-Instruct,linguistic_style,posneg,negative,25,0.9967034042187621,0.0010082863994712694,50,5000,0.00014259323008886053
Qwen2.5-3B-Instruct,linguistic_style,posneg,negative,26,0.9966432874782963,0.0009971408180289103,50,5000,0.00014101700684522874
Qwen2.5-3B-Instruct,linguistic_style,posneg,negative,27,0.9975029526053464,0.0007126156857627138,50,5000,0.00010077907675654335
Qwen2.5-3B-Instruct,linguistic_style,posneg,negative,28,0.9977292677306678,0.0006647061225509547,50,5000,9.400364135039926e-05
Qwen2.5-3B-Instruct,linguistic_style,posneg,negative,29,0.9984646815587456,0.00043689805212569207,50,5000,6.178671506905411e-05
Qwen2.5-3B-Instruct,linguistic_style,posneg,negative,30,0.9988434168956296,0.0003139123031794921,50,5000,4.4393903655221256e-05
Qwen2.5-3B-Instruct,linguistic_style,posneg,negative,31,0.9985971234639401,0.0003701735963073341,50,5000,5.235045203302549e-05
Qwen2.5-3B-Instruct,linguistic_style,posneg,negative,32,0.9976451263617382,0.00034901441093532605,50,5000,4.935809134083947e-05
Qwen2.5-3B-Instruct,linguistic_style,posneg,negative,33,0.9955766866575888,0.0004587026254153875,50,5000,6.487034739585866e-05
Qwen2.5-3B-Instruct,linguistic_style,posneg,negative,34,0.9943375188885005,0.0005402283299713263,50,5000,7.639982310236173e-05
Qwen2.5-3B-Instruct,linguistic_style,posneg,negative,35,0.9911708513259166,0.0009057691812966802,50,5000,0.00012809510605693399
Qwen2.5-3B-Instruct,linguistic_style,posneg,positive,0,0.9991931988071938,1.0826155181876365e-05,50,5000,1.5310495486565316e-06
Qwen2.5-3B-Instruct,linguistic_style,posneg,positive,1,0.9989583639759186,3.9585628015734815e-05,50,5000,5.598253201490852e-06
Qwen2.5-3B-Instruct,linguistic_style,posneg,positive,2,0.9988220394311935,3.947687605711475e-05,50,5000,5.582873352009339e-06
Qwen2.5-3B-Instruct,linguistic_style,posneg,positive,3,0.998332710667892,7.224749446143526e-05,50,5000,1.021733865148368e-05
Qwen2.5-3B-Instruct,linguistic_style,posneg,positive,4,0.9980785007950972,5.925669956199178e-05,50,5000,8.380162818203662e-06
Qwen2.5-3B-Instruct,linguistic_style,posneg,positive,5,0.9983934958411921,4.149539766282288e-05,50,5000,5.8683354150828945e-06
Qwen2.5-3B-Instruct,linguistic_style,posneg,positive,6,0.9983530845384475,3.68683841222447e-05,50,5000,5.213976884845933e-06
Qwen2.5-3B-Instruct,linguistic_style,posneg,positive,7,0.9984329504986154,3.206842289755556e-05,50,5000,4.535159858563898e-06
Qwen2.5-3B-Instruct,linguistic_style,posneg,positive,8,0.998376529627291,3.4327193376508645e-05,50,5000,4.85459824312624e-06
Qwen2.5-3B-Instruct,linguistic_style,posneg,positive,9,0.9983260801048935,3.521551786567115e-05,50,5000,4.980226297162417e-06
Qwen2.5-3B-Instruct,linguistic_style,posneg,positive,10,0.9984658073477523,3.444533161111447e-05,50,5000,4.8713055124876775e-06
Qwen2.5-3B-Instruct,linguistic_style,posneg,positive,11,0.9985627215725354,3.2396159940614504e-05,50,5000,4.581508875682499e-06
Qwen2.5-3B-Instruct,linguistic_style,posneg,positive,12,0.9987575859694688,4.107543715173849e-05,50,5000,5.808944030039226e-06
Qwen2.5-3B-Instruct,linguistic_style,posneg,positive,13,0.9986306203685404,4.977689091784013e-05,50,5000,7.0395154228775655e-06
Qwen2.5-3B-Instruct,linguistic_style,posneg,positive,14,0.9986033640863241,6.658651007029689e-05,50,5000,9.416754561250653e-06
Qwen2.5-3B-Instruct,linguistic_style,posneg,positive,15,0.9985103474259822,6.338036029184883e-05,50,5000,8.963336511282578e-06
Qwen2.5-3B-Instruct,linguistic_style,posneg,positive,16,0.9984341380331694,7.769450871105064e-05,50,5000,1.0987662794108239e-05
Qwen2.5-3B-Instruct,linguistic_style,posneg,positive,17,0.9983358146364256,0.00016234433389019439,50,5000,2.2958955876193898e-05
Qwen2.5-3B-Instruct,linguistic_style,posneg,positive,18,0.9981125809775161,0.00024465365565508324,50,5000,3.459925179115758e-05
Qwen2.5-3B-Instruct,linguistic_style,posneg,positive,19,0.9979929819686805,0.00027887787510034247,50,5000,3.943928732126944e-05
Qwen2.5-3B-Instruct,linguistic_style,posneg,positive,20,0.997839079067774,0.00034941752945389043,50,5000,4.941510090845922e-05
Qwen2.5-3B-Instruct,linguistic_style,posneg,positive,21,0.9976685232398833,0.0006749704982684157,50,5000,9.545524328529191e-05
Qwen2.5-3B-Instruct,linguistic_style,posneg,positive,22,0.9979424565721767,0.0006331053262517197,50,5000,8.95346138795825e-05
Qwen2.5-3B-Instruct,linguistic_style,posneg,positive,23,0.9975266728921638,0.0007222964797372751,50,5000,0.00010214814776987977
Qwen2.5-3B-Instruct,linguistic_style,posneg,positive,24,0.9969363896031743,0.0010145800153801546,50,5000,0.00014348328178633178
Qwen2.5-3B-Instruct,linguistic_style,posneg,positive,25,0.9971258134397852,0.0009281487742361924,50,5000,0.0001312600584424787
Qwen2.5-3B-Instruct,linguistic_style,posneg,positive,26,0.9970372995063843,0.0009035234950857108,50,5000,0.00012777751806729526
Qwen2.5-3B-Instruct,linguistic_style,posneg,positive,27,0.997821167536739,0.0006184692112294309,50,5000,8.746475464308516e-05
Qwen2.5-3B-Instruct,linguistic_style,posneg,positive,28,0.9979737873451795,0.0005804985334838177,50,5000,8.209488989905072e-05
Qwen2.5-3B-Instruct,linguistic_style,posneg,positive,29,0.9986635155318266,0.0003651244263252987,50,5000,5.163639156629334e-05
Qwen2.5-3B-Instruct,linguistic_style,posneg,positive,30,0.9989945480366994,0.00026136440502144573,50,5000,3.696250863029032e-05
Qwen2.5-3B-Instruct,linguistic_style,posneg,positive,31,0.9987708982183645,0.0002985186483157933,50,5000,4.2216912106947917e-05
Qwen2.5-3B-Instruct,linguistic_style,posneg,positive,32,0.9977761535630605,0.0003218452266447796,50,5000,4.5515788450608995e-05
Qwen2.5-3B-Instruct,linguistic_style,posneg,positive,33,0.9956799352418751,0.0004756770209838265,50,5000,6.727088943845588e-05
Qwen2.5-3B-Instruct,linguistic_style,posneg,positive,34,0.9943886367544624,0.0005849416986024949,50,5000,8.272324833612036e-05
Qwen2.5-3B-Instruct,linguistic_style,posneg,positive,35,0.9914636517149519,0.0009132105762809374,50,5000,0.00012914747822790514
Qwen2.5-3B-Instruct,semantic_framing,negpos,negative,0,0.9992348237306216,1.3730349353675843e-05,50,5000,1.9417646272089036e-06
Qwen2.5-3B-Instruct,semantic_framing,negpos,negative,1,0.9990322033576038,2.757796638589951e-05,50,5000,3.900113408560841e-06
Qwen2.5-3B-Instruct,semantic_framing,negpos,negative,2,0.998912664147943,2.724168801138505e-05,50,5000,3.852556464763729e-06
Qwen2.5-3B-Instruct,semantic_framing,negpos,negative,3,0.9984716805148715,6.231422581342701e-05,50,5000,8.812562327412809e-06
Qwen2.5-3B-Instruct,semantic_framing,negpos,negative,4,0.9982534584676435,1.9803183243967973e-05,50,5000,2.800593032177913e-06
Qwen2.5-3B-Instruct,semantic_framing,negpos,negative,5,0.998532573900451,2.0874273023156052e-05,50,5000,2.9520680014026116e-06
Qwen2.5-3B-Instruct,semantic_framing,negpos,negative,6,0.998476784137255,2.3177537127114723e-05,50,5000,3.277798734757158e-06
Qwen2.5-3B-Instruct,semantic_framing,negpos,negative,7,0.9985415079321046,2.5530645394825827e-05,50,5000,3.6105784973500885e-06
Qwen2.5-3B-Instruct,semantic_framing,negpos,negative,8,0.9985053718302259,2.6083262396657443e-05,50,5000,3.6887303432289115e-06
Qwen2.5-3B-Instruct,semantic_framing,negpos,negative,9,0.9984352523896917,2.914253038817301e-05,50,5000,4.1213761716824325e-06
Qwen2.5-3B-Instruct,semantic_framing,negpos,negative,10,0.9985754004698479,2.9243294015394114e-05,50,5000,4.135626300503432e-06
Qwen2.5-3B-Instruct,semantic_framing,negpos,negative,11,0.9986484679836718,2.9352356209128308e-05,50,5000,4.151050023855538e-06
Qwen2.5-3B-Instruct,semantic_framing,negpos,negative,12,0.9988518338350656,3.48085152162821e-05,50,5000,4.92266743049364e-06
Qwen2.5-3B-Instruct,semantic_framing,negpos,negative,13,0.9986820257796627,3.0958429049234194e-05,50,5000,4.37818302311922e-06
Qwen2.5-3B-Instruct,semantic_framing,negpos,negative,14,0.99861100187483,5.9766250803725176e-05,50,5000,8.452224245882003e-06
Qwen2.5-3B-Instruct,semantic_framing,negpos,negative,15,0.9984316139640472,4.718096653239981e-05,50,5000,6.67239627559909e-06
Qwen2.5-3B-Instruct,semantic_framing,negpos,negative,16,0.9983271693533705,6.2630976604156e-05,50,5000,8.857357653826943e-06
Qwen2.5-3B-Instruct,semantic_framing,negpos,negative,17,0.9982505654308247,5.922023004669146e-05,50,5000,8.375005249888572e-06
Qwen2.5-3B-Instruct,semantic_framing,negpos,negative,18,0.9979604185326284,8.202754314163568e-05,50,5000,1.1600446399904533e-05
Qwen2.5-3B-Instruct,semantic_framing,negpos,negative,19,0.9980078178277176,8.321146125180272e-05,50,5000,1.1767877704718268e-05
Qwen2.5-3B-Instruct,semantic_framing,negpos,negative,20,0.9978290561046024,0.0001165358896884441,50,5000,1.6480663570061256e-05
Qwen2.5-3B-Instruct,semantic_framing,negpos,negative,21,0.9980567463675791,9.856402768466603e-05,50,5000,1.393905847137719e-05
Qwen2.5-3B-Instruct,semantic_framing,negpos,negative,22,0.9983804505630958,7.572067986296204e-05,50,5000,1.0708521241431222e-05
Qwen2.5-3B-Instruct,semantic_framing,negpos,negative,23,0.9983198175864152,0.00011754780329249253,50,5000,1.662376976434077e-05
Qwen2.5-3B-Instruct,semantic_framing,negpos,negative,24,0.9980834365300989,0.00023125110396365593,50,5000,3.270384475391528e-05
Qwen2.5-3B-Instruct,semantic_framing,negpos,negative,25,0.998159109110401,0.00022270987830881654,50,5000,3.149593303787899e-05
Qwen2.5-3B-Instruct,semantic_framing,negpos,negative,26,0.9982319640826135,0.00021459100376693404,50,5000,3.0347750789045405e-05
Qwen2.5-3B-Instruct,semantic_framing,negpos,negative,27,0.998642750394112,0.00015201043287340642,50,5000,2.1497521579177632e-05
Qwen2.5-3B-Instruct,semantic_framing,negpos,negative,28,0.9987749961343197,0.0001402819668775882,50,5000,1.9838866011465852e-05
Qwen2.5-3B-Instruct,semantic_framing,negpos,negative,29,0.9991501948218141,8.542936889669502e-05,50,5000,1.2081537211868035e-05
Qwen2.5-3B-Instruct,semantic_framing,negpos,negative,30,0.9993260364067917,6.444899433018013e-05,50,5000,9.114464186304745e-06
Qwen2.5-3B-Instruct,semantic_framing,negpos,negative,31,0.9990853189363957,8.254024287243059e-05,50,5000,1.1672953091176052e-05
Qwen2.5-3B-Instruct,semantic_framing,negpos,negative,32,0.9981296942999148,8.589159334982031e-05,50,5000,1.2146905620915062e-05
Qwen2.5-3B-Instruct,semantic_framing,negpos,negative,33,0.9961939300437617,0.00014265589901974504,50,5000,2.0174590714625015e-05
Qwen2.5-3B-Instruct,semantic_framing,negpos,negative,34,0.9949920137073381,0.0001801780535971909,50,5000,2.5481024703913376e-05
Qwen2.5-3B-Instruct,semantic_framing,negpos,negative,35,0.992247555856164,0.0002987416343229108,50,5000,4.224844709049642e-05
Qwen2.5-3B-Instruct,semantic_framing,negpos,positive,0,0.9991815346749481,1.0858071743938915e-05,50,5000,1.5355632321498496e-06
Qwen2.5-3B-Instruct,semantic_framing,negpos,positive,1,0.9989425152832829,4.2510807808387623e-05,50,5000,6.0119360950057845e-06
Qwen2.5-3B-Instruct,semantic_framing,negpos,positive,2,0.9988063295056034,4.215114125169108e-05,50,5000,5.961071562764556e-06
Qwen2.5-3B-Instruct,semantic_framing,negpos,positive,3,0.9983204244868977,9.354972990573078e-05,50,5000,1.322992967890244e-05
Qwen2.5-3B-Instruct,semantic_framing,negpos,positive,4,0.9980484784634153,5.178022719824619e-05,50,5000,7.322829956651996e-06
Qwen2.5-3B-Instruct,semantic_framing,negpos,positive,5,0.9983718533551428,3.51229714880854e-05,50,5000,4.9671382629293895e-06
Qwen2.5-3B-Instruct,semantic_framing,negpos,positive,6,0.9983359182564402,3.798183682660986e-05,50,5000,5.371442876403354e-06
Qwen2.5-3B-Instruct,semantic_framing,negpos,positive,7,0.9984207293015659,3.2521538529415e-05,50,5000,4.599240085753785e-06
Qwen2.5-3B-Instruct,semantic_framing,negpos,positive,8,0.9983857370261446,3.426814055846943e-05,50,5000,4.846246913509499e-06
Qwen2.5-3B-Instruct,semantic_framing,negpos,positive,9,0.9983321618679339,3.4761539148636856e-05,50,5000,4.916024011296553e-06
Qwen2.5-3B-Instruct,semantic_framing,negpos,positive,10,0.9984756296913282,3.3968528766827975e-05,50,5000,4.803875407590875e-06
Qwen2.5-3B-Instruct,semantic_framing,negpos,positive,11,0.9985715816653414,3.081566608038663e-05,50,5000,4.357993290444333e-06
Qwen2.5-3B-Instruct,semantic_framing,negpos,positive,12,0.9987844249989019,2.9872088330452674e-05,50,5000,4.224551245333324e-06
Qwen2.5-3B-Instruct,semantic_framing,negpos,positive,13,0.9986693097616081,2.810446074281991e-05,50,5000,3.974570954567815e-06
Qwen2.5-3B-Instruct,semantic_framing,negpos,positive,14,0.9986412393744497,3.877365367959132e-05,50,5000,5.4834226896435506e-06
Qwen2.5-3B-Instruct,semantic_framing,negpos,positive,15,0.9984960562121717,4.112319589242955e-05,50,5000,5.815698135919942e-06
Qwen2.5-3B-Instruct,semantic_framing,negpos,positive,16,0.9984464155225666,5.1735160157842234e-05,50,5000,7.316456514676468e-06
Qwen2.5-3B-Instruct,semantic_framing,negpos,positive,17,0.9984403341199238,6.010111557782524e-05,50,5000,8.499581276391334e-06
Qwen2.5-3B-Instruct,semantic_framing,negpos,positive,18,0.9982628158126228,0.00010352919537919259,50,5000,1.4641239220682813e-05
Qwen2.5-3B-Instruct,semantic_framing,negpos,positive,19,0.9982430077750406,0.00010751279819203044,50,5000,1.5204605733185101e-05
Qwen2.5-3B-Instruct,semantic_framing,negpos,positive,20,0.9981156525642327,0.00013280104676065952,50,5000,1.8780904142626826e-05
Qwen2.5-3B-Instruct,semantic_framing,negpos,positive,21,0.9983225253073371,0.0001323587700599691,50,5000,1.8718356771783025e-05
Qwen2.5-3B-Instruct,semantic_framing,negpos,positive,22,0.9985988598050405,0.00010941416474673637,50,5000,1.5473499570055875e-05
Qwen2.5-3B-Instruct,semantic_framing,negpos,positive,23,0.9985383739076501,0.0001838329247968841,50,5000,2.5997901545846673e-05
Qwen2.5-3B-Instruct,semantic_framing,negpos,positive,24,0.9983297323249964,0.00029119494739743523,50,5000,4.118118439039729e-05
Qwen2.5-3B-Instruct,semantic_framing,negpos,positive,25,0.9983792361062213,0.00027697524560940694,50,5000,3.917021487824423e-05
Qwen2.5-3B-Instruct,semantic_framing,negpos,positive,26,0.9984199932807399,0.0002641477333535506,50,5000,3.735613069787032e-05
Qwen2.5-3B-Instruct,semantic_framing,negpos,positive,27,0.9987843334587504,0.00019141630763807221,50,5000,2.707035383211424e-05
Qwen2.5-3B-Instruct,semantic_framing,negpos,positive,28,0.9988686328644029,0.00017814249049402843,50,5000,2.5193152609157517e-05
Qwen2.5-3B-Instruct,semantic_framing,negpos,positive,29,0.9992208879039961,0.0001129250446005304,50,5000,1.5970012960565673e-05
Qwen2.5-3B-Instruct,semantic_framing,negpos,positive,30,0.9993689251978088,8.18790249867431e-05,50,5000,1.1579442761013761e-05
Qwen2.5-3B-Instruct,semantic_framing,negpos,positive,31,0.999119027400731,9.542187851141358e-05,50,5000,1.3494691473795889e-05
Qwen2.5-3B-Instruct,semantic_framing,negpos,positive,32,0.9981989698399762,9.34766721429477e-05,50,5000,1.3219597751005992e-05
Qwen2.5-3B-Instruct,semantic_framing,negpos,positive,33,0.9963555778157857,0.00012969222467159618,50,5000,1.8341250306490984e-05
Qwen2.5-3B-Instruct,semantic_framing,negpos,positive,34,0.9952005170011315,0.00015479979480472145,50,5000,2.1891996926540924e-05
Qwen2.5-3B-Instruct,semantic_framing,negpos,positive,35,0.9925985644145296,0.0002657833701397308,50,5000,3.758744467048356e-05
Qwen2.5-3B-Instruct,semantic_framing,posneg,negative,0,0.9992367882710984,1.49317039319303e-05,50,5000,2.11166182098755e-06
Qwen2.5-3B-Instruct,semantic_framing,posneg,negative,1,0.9990353124295162,2.836394986029443e-05,50,5000,4.011268257489884e-06
Qwen2.5-3B-Instruct,semantic_framing,posneg,negative,2,0.9989151827140462,2.8298334819840143e-05,50,5000,4.001988889479272e-06
Qwen2.5-3B-Instruct,semantic_framing,posneg,negative,3,0.9984730192909893,6.401213546051123e-05,50,5000,9.05268301247187e-06
Qwen2.5-3B-Instruct,semantic_framing,posneg,negative,4,0.9982482204657983,2.0194912665431606e-05,50,5000,2.8559919382393567e-06
Qwen2.5-3B-Instruct,semantic_framing,posneg,negative,5,0.9985235844959754,2.172849426075286e-05,50,5000,3.072873127350265e-06
Qwen2.5-3B-Instruct,semantic_framing,posneg,negative,6,0.9984653431503052,2.803236962180545e-05,50,5000,3.964375730461282e-06
Qwen2.5-3B-Instruct,semantic_framing,posneg,negative,7,0.9985284898833438,3.019251232029031e-05,50,5000,4.269866040547132e-06
Qwen2.5-3B-Instruct,semantic_framing,posneg,negative,8,0.9984883445665208,3.089550350050065e-05,50,5000,4.369284006675346e-06
Qwen2.5-3B-Instruct,semantic_framing,posneg,negative,9,0.9984161311326987,3.4875381642405376e-05,50,5000,4.932123771162735e-06
Qwen2.5-3B-Instruct,semantic_framing,posneg,negative,10,0.9985581466466504,3.38740617164675e-05,50,5000,4.790515749209158e-06
Qwen2.5-3B-Instruct,semantic_framing,posneg,negative,11,0.9986323984292986,3.340462172937131e-05,50,5000,4.72412690956199e-06
Qwen2.5-3B-Instruct,semantic_framing,posneg,negative,12,0.9988381041004605,3.772167988808314e-05,50,5000,5.3346511293223596e-06
Qwen2.5-3B-Instruct,semantic_framing,posneg,negative,13,0.9986633419566465,3.7891194192226515e-05,50,5000,5.358624072115938e-06
Qwen2.5-3B-Instruct,semantic_framing,posneg,negative,14,0.9985947830116787,6.494368413584776e-05,50,5000,9.184423889539032e-06
Qwen2.5-3B-Instruct,semantic_framing,posneg,negative,15,0.9984144720928195,5.892529947331726e-05,50,5000,8.333295768206147e-06
Qwen2.5-3B-Instruct,semantic_framing,posneg,negative,16,0.9983066964296722,8.001427052468071e-05,50,5000,1.1315726655939325e-05
Qwen2.5-3B-Instruct,semantic_framing,posneg,negative,17,0.9982256066768198,8.557033111995777e-05,50,5000,1.2101472280660079e-05
Qwen2.5-3B-Instruct,semantic_framing,posneg,negative,18,0.9979214541857141,0.00012488967352802048,50,5000,1.7662067010367468e-05
Qwen2.5-3B-Instruct,semantic_framing,posneg,negative,19,0.9979636312183395,0.00011955398594433559,50,5000,1.6907486835824176e-05
Qwen2.5-3B-Instruct,semantic_framing,posneg,negative,20,0.9977776280233392,0.00015404656434769485,50,5000,2.1785474053748973e-05
Qwen2.5-3B-Instruct,semantic_framing,posneg,negative,21,0.9980042393815173,0.00012152707020414833,50,5000,1.7186523087817383e-05
Qwen2.5-3B-Instruct,semantic_framing,posneg,negative,22,0.9983343711141248,9.291355352854632e-05,50,5000,1.3139960752834874e-05
Qwen2.5-3B-Instruct,semantic_framing,posneg,negative,23,0.9982680044237554,0.0001237541728072101,50,5000,1.7501482958422018e-05
Qwen2.5-3B-Instruct,semantic_framing,posneg,negative,24,0.9980254483488331,0.0001987533762620408,50,5000,2.8107972027722087e-05
Qwen2.5-3B-Instruct,semantic_framing,posneg,negative,25,0.9981059499716447,0.00019037289159206644,50,5000,2.692279251976833e-05
Qwen2.5-3B-Instruct,semantic_framing,posneg,negative,26,0.9981810977304171,0.00018664675120536893,50,5000,2.6395836692750955e-05
Qwen2.5-3B-Instruct,semantic_framing,posneg,negative,27,0.9986018569120718,0.00013257280738700663,50,5000,1.874862622085808e-05
Qwen2.5-3B-Instruct,semantic_framing,posneg,negative,28,0.9987358477456786,0.00012127863740146838,50,5000,1.715138938392855e-05
Qwen2.5-3B-Instruct,semantic_framing,posneg,negative,29,0.9991265976888668,7.48509810821743e-05,50,5000,1.0585527260334285e-05
Qwen2.5-3B-Instruct,semantic_framing,posneg,negative,30,0.9993091445849659,5.522974244770351e-05,50,5000,7.810665081591532e-06
Qwen2.5-3B-Instruct,semantic_framing,posneg,negative,31,0.9990600150139735,7.761767883701756e-05,50,5000,1.0976797409122939e-05
Qwen2.5-3B-Instruct,semantic_framing,posneg,negative,32,0.9981011113508761,8.339626061464698e-05,50,5000,1.1794012281243494e-05
Qwen2.5-3B-Instruct,semantic_framing,posneg,negative,33,0.9961596807689209,0.00014155754642243605,50,5000,2.0019260200686805e-05
Qwen2.5-3B-Instruct,semantic_framing,posneg,negative,34,0.9949380595764279,0.00018410999403987473,50,5000,2.6037085053962054e-05
Qwen2.5-3B-Instruct,semantic_framing,posneg,negative,35,0.9921615410350296,0.0002904004197850824,50,5000,4.106882121789036e-05
Qwen2.5-3B-Instruct,semantic_framing,posneg,positive,0,0.999179153699615,1.2454034457898142e-05,50,5000,1.7612664436621408e-06
Qwen2.5-3B-Instruct,semantic_framing,posneg,positive,1,0.9989420099668752,4.307582149141947e-05,50,5000,6.091841096352786e-06
Qwen2.5-3B-Instruct,semantic_framing,posneg,positive,2,0.9988060917537368,4.2634943331966305e-05,50,5000,6.02949150910751e-06
Qwen2.5-3B-Instruct,semantic_framing,posneg,positive,3,0.9983264068621215,9.342164479205316e-05,50,5000,1.321181570841234e-05
Qwen2.5-3B-Instruct,semantic_framing,posneg,positive,4,0.9980590000824746,5.3211148338845835e-05,50,5000,7.5251927650242365e-06
Qwen2.5-3B-Instruct,semantic_framing,posneg,positive,5,0.9983838613635052,3.392994072992325e-05,50,5000,4.798418235077273e-06
Qwen2.5-3B-Instruct,semantic_framing,posneg,positive,6,0.9983493606328289,3.21606861633383e-05,50,5000,4.548207854741775e-06
Qwen2.5-3B-Instruct,semantic_framing,posneg,positive,7,0.9984353091691225,2.733112949200771e-05,50,5000,3.865205400257258e-06
Qwen2.5-3B-Instruct,semantic_framing,posneg,positive,8,0.9984033055603476,2.9146213762565173e-05,50,5000,4.121897079484502e-06
Qwen2.5-3B-Instruct,semantic_framing,posneg,positive,9,0.9983518728171558,2.8845609719249037e-05,50,5000,4.079385247988315e-06
Qwen2.5-3B-Instruct,semantic_framing,posneg,positive,10,0.9984926271518201,2.858836870108076e-05,50,5000,4.043005874319091e-06
Qwen2.5-3B-Instruct,semantic_framing,posneg,positive,11,0.9985872804458676,2.556463503586259e-05,50,5000,3.615385358483527e-06
Qwen2.5-3B-Instruct,semantic_framing,posneg,positive,12,0.9987974024714533,2.33264040729387e-05,50,5000,3.298851700134491e-06
Qwen2.5-3B-Instruct,semantic_framing,posneg,positive,13,0.9986839381084219,2.073298918236249e-05,50,5000,2.9320874490231697e-06
Qwen2.5-3B-Instruct,semantic_framing,posneg,positive,14,0.998655603481883,3.3627078639474966e-05,50,5000,4.75558706749321e-06
Qwen2.5-3B-Instruct,semantic_framing,posneg,positive,15,0.9985102263577328,3.205119656993374e-05,50,5000,4.532723687948632e-06
Qwen2.5-3B-Instruct,semantic_framing,posneg,positive,16,0.998461455665063,4.014907344279545e-05,50,5000,5.677936417951478e-06
Qwen2.5-3B-Instruct,semantic_framing,posneg,positive,17,0.9984567277712451,4.2204845550816055e-05,50,5000,5.968666497582584e-06
Qwen2.5-3B-Instruct,semantic_framing,posneg,positive,18,0.9982835313515976,6.546676553742692e-05,50,5000,9.258398770772869e-06
Qwen2.5-3B-Instruct,semantic_framing,posneg,positive,19,0.9982632398166884,7.590355817492641e-05,50,5000,1.0734384140335614e-05
Qwen2.5-3B-Instruct,semantic_framing,posneg,positive,20,0.9981403876105077,9.545247302821776e-05,50,5000,1.3499018191855761e-05
Qwen2.5-3B-Instruct,semantic_framing,posneg,positive,21,0.9983432409970612,8.119882848632986e-05,50,5000,1.148324844941745e-05
Qwen2.5-3B-Instruct,semantic_framing,posneg,positive,22,0.9986184042963062,6.254195129705787e-05,50,5000,8.844767574157682e-06
Qwen2.5-3B-Instruct,semantic_framing,posneg,positive,23,0.9985678314061485,0.00011434905771156179,50,5000,1.6171398826027442e-05
Qwen2.5-3B-Instruct,semantic_framing,posneg,positive,24,0.9983662184883068,0.00019732824974454222,50,5000,2.7906428702807683e-05
Qwen2.5-3B-Instruct,semantic_framing,posneg,positive,25,0.9984076067746679,0.0001878115938825095,50,5000,2.656057032395527e-05
Qwen2.5-3B-Instruct,semantic_framing,posneg,positive,26,0.9984527842701297,0.00017989436908253943,50,5000,2.5440905655107844e-05
Qwen2.5-3B-Instruct,semantic_framing,posneg,positive,27,0.9988077001141025,0.0001304918402014427,50,5000,1.8454333019190295e-05
Qwen2.5-3B-Instruct,semantic_framing,posneg,positive,28,0.998890312683088,0.00012210855922019246,50,5000,1.726875805310344e-05
Qwen2.5-3B-Instruct,semantic_framing,posneg,positive,29,0.9992369331110599,7.846885174199953e-05,50,5000,1.109717143573794e-05
Qwen2.5-3B-Instruct,semantic_framing,posneg,positive,30,0.9993824209531738,5.605246686091484e-05,50,5000,7.927015883917424e-06
Qwen2.5-3B-Instruct,semantic_framing,posneg,positive,31,0.9991396805131924,7.018646958945731e-05,50,5000,9.925865718849732e-06
Qwen2.5-3B-Instruct,semantic_framing,posneg,positive,32,0.9982138267298791,7.419012707731397e-05,50,5000,1.049206839069208e-05
Qwen2.5-3B-Instruct,semantic_framing,posneg,positive,33,0.9963616791717054,0.00010147726081120727,50,5000,1.435105185116811e-05
Qwen2.5-3B-Instruct,semantic_framing,posneg,positive,34,0.9951995708945492,0.0001223544033316452,50,5000,1.7303525660768047e-05
Qwen2.5-3B-Instruct,semantic_framing,posneg,positive,35,0.992606066087105,0.00019667303932895081,50,5000,2.7813767957213934e-05
