model,category,pair_slug,concat_variant,reference_variant,mean_cos,std_across_layers,n_layers,n_rows_total,pair_overall_mean
Llama-3.2-3B-Instruct,ideology,ideology__centralization_support__decentralization_support,negpos,negative,0.7196305463130654,0.15000242494276284,28,2800,0.7165682035483713
Llama-3.2-3B-Instruct,ideology,ideology__centralization_support__decentralization_support,negpos,positive,0.6972972748505756,0.1616261285310898,28,2800,0.7165682035483713
Llama-3.2-3B-Instruct,ideology,ideology__centralization_support__decentralization_support,posneg,negative,0.7250274250175822,0.1459459064664262,28,2800,0.7165682035483713
Llama-3.2-3B-Instruct,ideology,ideology__centralization_support__decentralization_support,posneg,positive,0.7243175680122617,0.14260071005511304,28,2800,0.7165682035483713
Llama-3.2-3B-Instruct,ideology,ideology__collective_benefit__personal_benefit,negpos,negative,0.6841299318636772,0.17370549496793014,28,2800,0.6805989385910514
Llama-3.2-3B-Instruct,ideology,ideology__collective_benefit__personal_benefit,negpos,positive,0.6724049809134118,0.17798151984460997,28,2800,0.6805989385910514
Llama-3.2-3B-Instruct,ideology,ideology__collective_benefit__personal_benefit,posneg,negative,0.6657952321673216,0.1886054877245202,28,2800,0.6805989385910514
Llama-3.2-3B-Instruct,ideology,ideology__collective_benefit__personal_benefit,posneg,positive,0.7000656094197948,0.1587822025833503,28,2800,0.6805989385910514
Llama-3.2-3B-Instruct,ideology,ideology__collective_responsibility__individual_responsibility,negpos,negative,0.7027086175692862,0.16342144828936453,28,2800,0.7099788698868295
Llama-3.2-3B-Instruct,ideology,ideology__collective_responsibility__individual_responsibility,negpos,positive,0.709309555475026,0.1557199192133078,28,2800,0.7099788698868295
Llama-3.2-3B-Instruct,ideology,ideology__collective_responsibility__individual_responsibility,posneg,negative,0.6884420426825265,0.17514645161012155,28,2800,0.7099788698868295
Llama-3.2-3B-Instruct,ideology,ideology__collective_responsibility__individual_responsibility,posneg,positive,0.7394552638204793,0.1356964733905658,28,2800,0.7099788698868295
Llama-3.2-3B-Instruct,ideology,ideology__collective_security__civil_liberty,negpos,negative,0.7267226100119698,0.1459854862201464,28,2800,0.7116648185474684
Llama-3.2-3B-Instruct,ideology,ideology__collective_security__civil_liberty,negpos,positive,0.7003222256338788,0.16330814930290027,28,2800,0.7116648185474684
Llama-3.2-3B-Instruct,ideology,ideology__collective_security__civil_liberty,posneg,negative,0.7109529740680107,0.1567084598313186,28,2800,0.7116648185474684
Llama-3.2-3B-Instruct,ideology,ideology__collective_security__civil_liberty,posneg,positive,0.7086614644760144,0.1553852331734991,28,2800,0.7116648185474684
Llama-3.2-3B-Instruct,ideology,ideology__collective_welfare__individual_liberty,negpos,negative,0.7050715448730742,0.16248824182674762,28,2800,0.7001368716607121
Llama-3.2-3B-Instruct,ideology,ideology__collective_welfare__individual_liberty,negpos,positive,0.6892351559381779,0.17002385664013353,28,2800,0.7001368716607121
Llama-3.2-3B-Instruct,ideology,ideology__collective_welfare__individual_liberty,posneg,negative,0.6948686045261357,0.1710706060134123,28,2800,0.7001368716607121
Llama-3.2-3B-Instruct,ideology,ideology__collective_welfare__individual_liberty,posneg,positive,0.7113721813054606,0.1534081022493244,28,2800,0.7001368716607121
Llama-3.2-3B-Instruct,ideology,ideology__competition_policy__cooperation_policy,negpos,negative,0.7364952741996648,0.14115899722039799,28,2800,0.7283122313248162
Llama-3.2-3B-Instruct,ideology,ideology__competition_policy__cooperation_policy,negpos,positive,0.7159239787237918,0.1518653234992353,28,2800,0.7283122313248162
Llama-3.2-3B-Instruct,ideology,ideology__competition_policy__cooperation_policy,posneg,negative,0.7157581024352114,0.1542473030087228,28,2800,0.7283122313248162
Llama-3.2-3B-Instruct,ideology,ideology__competition_policy__cooperation_policy,posneg,positive,0.7450715699405965,0.13067693705422714,28,2800,0.7283122313248162
Llama-3.2-3B-Instruct,ideology,ideology__consumer_protection__corporate_freedom,negpos,negative,0.7186633933975727,0.15268789293962523,28,2800,0.7132094017977969
Llama-3.2-3B-Instruct,ideology,ideology__consumer_protection__corporate_freedom,negpos,positive,0.7138629195146802,0.14935877091931885,28,2800,0.7132094017977969
Llama-3.2-3B-Instruct,ideology,ideology__consumer_protection__corporate_freedom,posneg,negative,0.7048697239749657,0.16271665285352965,28,2800,0.7132094017977969
Llama-3.2-3B-Instruct,ideology,ideology__consumer_protection__corporate_freedom,posneg,positive,0.7154415703039689,0.14780978348636747,28,2800,0.7132094017977969
Llama-3.2-3B-Instruct,ideology,ideology__data_protection_priority__data_utilization_priority,negpos,negative,0.732910386553671,0.14065564270753497,28,2800,0.7346073294968195
Llama-3.2-3B-Instruct,ideology,ideology__data_protection_priority__data_utilization_priority,negpos,positive,0.7399158903211911,0.13253224746888223,28,2800,0.7346073294968195
Llama-3.2-3B-Instruct,ideology,ideology__data_protection_priority__data_utilization_priority,posneg,negative,0.721398020013335,0.14829446813679237,28,2800,0.7346073294968195
Llama-3.2-3B-Instruct,ideology,ideology__data_protection_priority__data_utilization_priority,posneg,positive,0.7442050210990808,0.12968086184874464,28,2800,0.7346073294968195
Llama-3.2-3B-Instruct,ideology,ideology__economic_growth_priority__sustainability_priority,negpos,negative,0.7137509058743603,0.15516258337329006,28,2800,0.7062703715378327
Llama-3.2-3B-Instruct,ideology,ideology__economic_growth_priority__sustainability_priority,negpos,positive,0.7051744492675199,0.155881535297931,28,2800,0.7062703715378327
Llama-3.2-3B-Instruct,ideology,ideology__economic_growth_priority__sustainability_priority,posneg,negative,0.6990722688097317,0.16529867651151348,28,2800,0.7062703715378327
Llama-3.2-3B-Instruct,ideology,ideology__economic_growth_priority__sustainability_priority,posneg,positive,0.7070838621997187,0.15333883582458172,28,2800,0.7062703715378327
Llama-3.2-3B-Instruct,ideology,ideology__energy_transition__fossil_energy_support,negpos,negative,0.7127649737604667,0.15360649173189042,28,2800,0.7044567546050493
Llama-3.2-3B-Instruct,ideology,ideology__energy_transition__fossil_energy_support,negpos,positive,0.7039283600624777,0.15714257033391418,28,2800,0.7044567546050493
Llama-3.2-3B-Instruct,ideology,ideology__energy_transition__fossil_energy_support,posneg,negative,0.7191196379083891,0.14865936997361553,28,2800,0.7044567546050493
Llama-3.2-3B-Instruct,ideology,ideology__energy_transition__fossil_energy_support,posneg,positive,0.6820140466888638,0.1730504560515412,28,2800,0.7044567546050493
Llama-3.2-3B-Instruct,ideology,ideology__environmental_protection__economic_growth,negpos,negative,0.7009402477432826,0.1629194207509844,28,2800,0.6958027511932541
Llama-3.2-3B-Instruct,ideology,ideology__environmental_protection__economic_growth,negpos,positive,0.6793696277812046,0.17236628421858374,28,2800,0.6958027511932541
Llama-3.2-3B-Instruct,ideology,ideology__environmental_protection__economic_growth,posneg,negative,0.6944270698280984,0.1691319566960881,28,2800,0.6958027511932541
Llama-3.2-3B-Instruct,ideology,ideology__environmental_protection__economic_growth,posneg,positive,0.7084740594204307,0.15426199299065807,28,2800,0.6958027511932541
Llama-3.2-3B-Instruct,ideology,ideology__equality_priority__merit_priority,negpos,negative,0.733369411235713,0.14093255153591852,28,2800,0.7198018874746367
Llama-3.2-3B-Instruct,ideology,ideology__equality_priority__merit_priority,negpos,positive,0.7136355671371394,0.15096043826822006,28,2800,0.7198018874746367
Llama-3.2-3B-Instruct,ideology,ideology__equality_priority__merit_priority,posneg,negative,0.7163745600702253,0.15211319112539823,28,2800,0.7198018874746367
Llama-3.2-3B-Instruct,ideology,ideology__equality_priority__merit_priority,posneg,positive,0.7158280114554693,0.1475944241634191,28,2800,0.7198018874746367
Llama-3.2-3B-Instruct,ideology,ideology__equity_priority__efficiency_priority,negpos,negative,0.7014238348545191,0.1625475033970176,28,2800,0.6994159304537516
Llama-3.2-3B-Instruct,ideology,ideology__equity_priority__efficiency_priority,negpos,positive,0.6965753638859988,0.1614213783273324,28,2800,0.6994159304537516
Llama-3.2-3B-Instruct,ideology,ideology__equity_priority__efficiency_priority,posneg,negative,0.6901361767982009,0.170588455198623,28,2800,0.6994159304537516
Llama-3.2-3B-Instruct,ideology,ideology__equity_priority__efficiency_priority,posneg,positive,0.7095283462762877,0.15132327258215775,28,2800,0.6994159304537516
Llama-3.2-3B-Instruct,ideology,ideology__global_cooperation__national_self_reliance,negpos,negative,0.7246134056946801,0.14969925034895779,28,2800,0.7171622501906714
Llama-3.2-3B-Instruct,ideology,ideology__global_cooperation__national_self_reliance,negpos,positive,0.7070751038214624,0.15836704144591235,28,2800,0.7171622501906714
Llama-3.2-3B-Instruct,ideology,ideology__global_cooperation__national_self_reliance,posneg,negative,0.7088058033687006,0.16162667437358086,28,2800,0.7171622501906714
Llama-3.2-3B-Instruct,ideology,ideology__global_cooperation__national_self_reliance,posneg,positive,0.7281546878778423,0.14234701864283894,28,2800,0.7171622501906714
Llama-3.2-3B-Instruct,ideology,ideology__government_intervention__free_market,negpos,negative,0.7192214698388788,0.1509303172371825,28,2800,0.7159201779390485
Llama-3.2-3B-Instruct,ideology,ideology__government_intervention__free_market,negpos,positive,0.7074968978371391,0.1532853635936518,28,2800,0.7159201779390485
Llama-3.2-3B-Instruct,ideology,ideology__government_intervention__free_market,posneg,negative,0.7100292252111583,0.15835639438150034,28,2800,0.7159201779390485
Llama-3.2-3B-Instruct,ideology,ideology__government_intervention__free_market,posneg,positive,0.7269331188690178,0.14113910234251784,28,2800,0.7159201779390485
Llama-3.2-3B-Instruct,ideology,ideology__hierarchy_support__egalitarianism_support,negpos,negative,0.7087607276269194,0.15641916273641399,28,2800,0.7081632694541461
Llama-3.2-3B-Instruct,ideology,ideology__hierarchy_support__egalitarianism_support,negpos,positive,0.7086020242003154,0.151111408212288,28,2800,0.7081632694541461
Llama-3.2-3B-Instruct,ideology,ideology__hierarchy_support__egalitarianism_support,posneg,negative,0.7053149681726864,0.15926429433322817,28,2800,0.7081632694541461
Llama-3.2-3B-Instruct,ideology,ideology__hierarchy_support__egalitarianism_support,posneg,positive,0.7099753578166631,0.14988722225837578,28,2800,0.7081632694541461
Llama-3.2-3B-Instruct,ideology,ideology__human_rights_priority__sovereignty_priority,negpos,negative,0.7356344531133409,0.13996473649110064,28,2800,0.7236187803818276
Llama-3.2-3B-Instruct,ideology,ideology__human_rights_priority__sovereignty_priority,negpos,positive,0.7157279628213107,0.15201043190723604,28,2800,0.7236187803818276
Llama-3.2-3B-Instruct,ideology,ideology__human_rights_priority__sovereignty_priority,posneg,negative,0.7152824362859794,0.15434362513519262,28,2800,0.7236187803818276
Llama-3.2-3B-Instruct,ideology,ideology__human_rights_priority__sovereignty_priority,posneg,positive,0.7278302693066794,0.14323116665132876,28,2800,0.7236187803818276
Llama-3.2-3B-Instruct,ideology,ideology__inclusive_policy__selective_policy,negpos,negative,0.7271501550009303,0.1455511663514606,28,2800,0.7138424709021636
Llama-3.2-3B-Instruct,ideology,ideology__inclusive_policy__selective_policy,negpos,positive,0.7082349571839138,0.15845944495336273,28,2800,0.7138424709021636
Llama-3.2-3B-Instruct,ideology,ideology__inclusive_policy__selective_policy,posneg,negative,0.7122284495682384,0.15633689241585907,28,2800,0.7138424709021636
Llama-3.2-3B-Instruct,ideology,ideology__inclusive_policy__selective_policy,posneg,positive,0.7077563218555716,0.1588112325164169,28,2800,0.7138424709021636
Llama-3.2-3B-Instruct,ideology,ideology__industrial_policy__market_coordination,negpos,negative,0.7160379365682418,0.1514094336124131,28,2800,0.7226557958141993
Llama-3.2-3B-Instruct,ideology,ideology__industrial_policy__market_coordination,negpos,positive,0.7320195708548463,0.13655377721532816,28,2800,0.7226557958141993
Llama-3.2-3B-Instruct,ideology,ideology__industrial_policy__market_coordination,posneg,negative,0.7049223344720877,0.15878401983172685,28,2800,0.7226557958141993
Llama-3.2-3B-Instruct,ideology,ideology__industrial_policy__market_coordination,posneg,positive,0.7376433413616211,0.13267129561673496,28,2800,0.7226557958141993
Llama-3.2-3B-Instruct,ideology,ideology__institution_trust__institution_skepticism,negpos,negative,0.7041030031216957,0.1580628734545946,28,2800,0.7001772718845041
Llama-3.2-3B-Instruct,ideology,ideology__institution_trust__institution_skepticism,negpos,positive,0.7045062961822997,0.1515027176883553,28,2800,0.7001772718845041
Llama-3.2-3B-Instruct,ideology,ideology__institution_trust__institution_skepticism,posneg,negative,0.6854093775276157,0.1721596610461427,28,2800,0.7001772718845041
Llama-3.2-3B-Instruct,ideology,ideology__institution_trust__institution_skepticism,posneg,positive,0.7066904107064051,0.1507549608995691,28,2800,0.7001772718845041
Llama-3.2-3B-Instruct,ideology,ideology__institutional_solutions__market_solutions,negpos,negative,0.7189319508043519,0.14983135065252903,28,2800,0.7079864575630248
Llama-3.2-3B-Instruct,ideology,ideology__institutional_solutions__market_solutions,negpos,positive,0.6937944112276428,0.1625648224240801,28,2800,0.7079864575630248
Llama-3.2-3B-Instruct,ideology,ideology__institutional_solutions__market_solutions,posneg,negative,0.7094771738917199,0.15699769779625522,28,2800,0.7079864575630248
Llama-3.2-3B-Instruct,ideology,ideology__institutional_solutions__market_solutions,posneg,positive,0.7097422943283844,0.1514792415744024,28,2800,0.7079864575630248
Llama-3.2-3B-Instruct,ideology,ideology__law_and_order__reform_priority,negpos,negative,0.6919991262140694,0.1725876042754166,28,2800,0.7137754645595753
Llama-3.2-3B-Instruct,ideology,ideology__law_and_order__reform_priority,negpos,positive,0.7349227195163076,0.13603395818549976,28,2800,0.7137754645595753
Llama-3.2-3B-Instruct,ideology,ideology__law_and_order__reform_priority,posneg,negative,0.6867648297309492,0.17659935001726806,28,2800,0.7137754645595753
Llama-3.2-3B-Instruct,ideology,ideology__law_and_order__reform_priority,posneg,positive,0.741415182776975,0.13225596927863126,28,2800,0.7137754645595753
Llama-3.2-3B-Instruct,ideology,ideology__long_term_stability__rapid_innovation,negpos,negative,0.7106549946577484,0.15652944901079532,28,2800,0.6998480171650296
Llama-3.2-3B-Instruct,ideology,ideology__long_term_stability__rapid_innovation,negpos,positive,0.6874337598569096,0.16702416757786054,28,2800,0.6998480171650296
Llama-3.2-3B-Instruct,ideology,ideology__long_term_stability__rapid_innovation,posneg,negative,0.7025658989237286,0.16305216978265286,28,2800,0.6998480171650296
Llama-3.2-3B-Instruct,ideology,ideology__long_term_stability__rapid_innovation,posneg,positive,0.6987374152217318,0.15855020095256506,28,2800,0.6998480171650296
Llama-3.2-3B-Instruct,ideology,ideology__national_priority__global_priority,negpos,negative,0.7290290994453862,0.1434296508607196,28,2800,0.7250348796253399
Llama-3.2-3B-Instruct,ideology,ideology__national_priority__global_priority,negpos,positive,0.7245811838967741,0.14120493971441628,28,2800,0.7250348796253399
Llama-3.2-3B-Instruct,ideology,ideology__national_priority__global_priority,posneg,negative,0.7236541311547733,0.1468473901544868,28,2800,0.7250348796253399
Llama-3.2-3B-Instruct,ideology,ideology__national_priority__global_priority,posneg,positive,0.7228751040044257,0.14153885424139637,28,2800,0.7250348796253399
Llama-3.2-3B-Instruct,ideology,ideology__policy_gradualism__policy_radicalism,negpos,negative,0.6908925667771563,0.16981833598620594,28,2800,0.6842037285847885
Llama-3.2-3B-Instruct,ideology,ideology__policy_gradualism__policy_radicalism,negpos,positive,0.6786279422239634,0.1748262353555881,28,2800,0.6842037285847885
Llama-3.2-3B-Instruct,ideology,ideology__policy_gradualism__policy_radicalism,posneg,negative,0.6824674217647128,0.17640027786730086,28,2800,0.6842037285847885
Llama-3.2-3B-Instruct,ideology,ideology__policy_gradualism__policy_radicalism,posneg,positive,0.6848269835733215,0.1709213992659256,28,2800,0.6842037285847885
Llama-3.2-3B-Instruct,ideology,ideology__precautionary_principle__innovation_principle,negpos,negative,0.7114539610551357,0.1593071165697655,28,2800,0.7304429215729098
Llama-3.2-3B-Instruct,ideology,ideology__precautionary_principle__innovation_principle,negpos,positive,0.7371805138431127,0.13906965639170843,28,2800,0.7304429215729098
Llama-3.2-3B-Instruct,ideology,ideology__precautionary_principle__innovation_principle,posneg,negative,0.7065033883376917,0.16389964568636717,28,2800,0.7304429215729098
Llama-3.2-3B-Instruct,ideology,ideology__precautionary_principle__innovation_principle,posneg,positive,0.7666338230556992,0.12052458690813199,28,2800,0.7304429215729098
Llama-3.2-3B-Instruct,ideology,ideology__precautionary_regulation__innovation_deregulation,negpos,negative,0.7419741983101191,0.13742114404185155,28,2800,0.7370488746549528
Llama-3.2-3B-Instruct,ideology,ideology__precautionary_regulation__innovation_deregulation,negpos,positive,0.7225022108097207,0.14566272975464784,28,2800,0.7370488746549528
Llama-3.2-3B-Instruct,ideology,ideology__precautionary_regulation__innovation_deregulation,posneg,negative,0.7272555087325713,0.1483473518002504,28,2800,0.7370488746549528
Llama-3.2-3B-Instruct,ideology,ideology__precautionary_regulation__innovation_deregulation,posneg,positive,0.7564635807674005,0.1250016999861931,28,2800,0.7370488746549528
Llama-3.2-3B-Instruct,ideology,ideology__privacy_priority__surveillance_acceptance,negpos,negative,0.7385819882798169,0.13792840269066622,28,2800,0.7351361445722243
Llama-3.2-3B-Instruct,ideology,ideology__privacy_priority__surveillance_acceptance,negpos,positive,0.7281413846184855,0.14034912454528303,28,2800,0.7351361445722243
Llama-3.2-3B-Instruct,ideology,ideology__privacy_priority__surveillance_acceptance,posneg,negative,0.7414739036247803,0.13495978869105404,28,2800,0.7351361445722243
Llama-3.2-3B-Instruct,ideology,ideology__privacy_priority__surveillance_acceptance,posneg,positive,0.7323473017658145,0.1373039966483123,28,2800,0.7351361445722243
Llama-3.2-3B-Instruct,ideology,ideology__protectionism__free_trade,negpos,negative,0.7185753166734651,0.14845033390295784,28,2800,0.7163010555892422
Llama-3.2-3B-Instruct,ideology,ideology__protectionism__free_trade,negpos,positive,0.7064241522699192,0.15106464425390612,28,2800,0.7163010555892422
Llama-3.2-3B-Instruct,ideology,ideology__protectionism__free_trade,posneg,negative,0.7181640208970873,0.14927116286230357,28,2800,0.7163010555892422
Llama-3.2-3B-Instruct,ideology,ideology__protectionism__free_trade,posneg,positive,0.7220407325164971,0.14314350963411787,28,2800,0.7163010555892422
Llama-3.2-3B-Instruct,ideology,ideology__public_health_priority__economic_activity_priority,negpos,negative,0.7217081323458564,0.14634675414579795,28,2800,0.7081057627901415
Llama-3.2-3B-Instruct,ideology,ideology__public_health_priority__economic_activity_priority,negpos,positive,0.7027937083017796,0.15653650874931546,28,2800,0.7081057627901415
Llama-3.2-3B-Instruct,ideology,ideology__public_health_priority__economic_activity_priority,posneg,negative,0.7088698399907718,0.15498517122758987,28,2800,0.7081057627901415
Llama-3.2-3B-Instruct,ideology,ideology__public_health_priority__economic_activity_priority,posneg,positive,0.6990513705221584,0.1594670996015011,28,2800,0.7081057627901415
Llama-3.2-3B-Instruct,ideology,ideology__public_interest__private_interest,negpos,negative,0.7085650786859948,0.15807081974588905,28,2800,0.7016583675615105
Llama-3.2-3B-Instruct,ideology,ideology__public_interest__private_interest,negpos,positive,0.6974409025022826,0.16182700360313798,28,2800,0.7016583675615105
Llama-3.2-3B-Instruct,ideology,ideology__public_interest__private_interest,posneg,negative,0.6964011072529438,0.166605510576109,28,2800,0.7016583675615105
Llama-3.2-3B-Instruct,ideology,ideology__public_interest__private_interest,posneg,positive,0.7042263818048207,0.1572741466108527,28,2800,0.7016583675615105
Llama-3.2-3B-Instruct,ideology,ideology__public_sector_priority__private_sector_priority,negpos,negative,0.7321381812997277,0.1421739010661706,28,2800,0.7261598021372696
Llama-3.2-3B-Instruct,ideology,ideology__public_sector_priority__private_sector_priority,negpos,positive,0.7175513528221497,0.14902149847770715,28,2800,0.7261598021372696
Llama-3.2-3B-Instruct,ideology,ideology__public_sector_priority__private_sector_priority,posneg,negative,0.7220233080057337,0.1496348477245106,28,2800,0.7261598021372696
Llama-3.2-3B-Instruct,ideology,ideology__public_sector_priority__private_sector_priority,posneg,positive,0.7329263664214675,0.13950675632397697,28,2800,0.7261598021372696
Llama-3.2-3B-Instruct,ideology,ideology__punishment_oriented__rehabilitation_oriented,negpos,negative,0.7386801500706711,0.13953283545766904,28,2800,0.7230566168967258
Llama-3.2-3B-Instruct,ideology,ideology__punishment_oriented__rehabilitation_oriented,negpos,positive,0.7167774250869122,0.15028534001406443,28,2800,0.7230566168967258
Llama-3.2-3B-Instruct,ideology,ideology__punishment_oriented__rehabilitation_oriented,posneg,negative,0.7210927513735642,0.14950973114277877,28,2800,0.7230566168967258
Llama-3.2-3B-Instruct,ideology,ideology__punishment_oriented__rehabilitation_oriented,posneg,positive,0.7156761410557557,0.14812721638156268,28,2800,0.7230566168967258
Llama-3.2-3B-Instruct,ideology,ideology__redistribution__wealth_concentration_acceptance,negpos,negative,0.7298578094806025,0.14372156251204113,28,2800,0.72503891474563
Llama-3.2-3B-Instruct,ideology,ideology__redistribution__wealth_concentration_acceptance,negpos,positive,0.7158774395912776,0.14672903165176537,28,2800,0.72503891474563
Llama-3.2-3B-Instruct,ideology,ideology__redistribution__wealth_concentration_acceptance,posneg,negative,0.7275462839938632,0.14592140953065028,28,2800,0.72503891474563
Llama-3.2-3B-Instruct,ideology,ideology__redistribution__wealth_concentration_acceptance,posneg,positive,0.7268741259167764,0.1392592957050473,28,2800,0.72503891474563
Llama-3.2-3B-Instruct,ideology,ideology__redistribution_supporting__market_outcome_supporting,negpos,negative,0.7306802154329654,0.14482043230591327,28,2800,0.7373014506024673
Llama-3.2-3B-Instruct,ideology,ideology__redistribution_supporting__market_outcome_supporting,negpos,positive,0.7436872385078015,0.1312676383511177,28,2800,0.7373014506024673
Llama-3.2-3B-Instruct,ideology,ideology__redistribution_supporting__market_outcome_supporting,posneg,negative,0.7209829917633758,0.15244195523008383,28,2800,0.7373014506024673
Llama-3.2-3B-Instruct,ideology,ideology__redistribution_supporting__market_outcome_supporting,posneg,positive,0.7538553567057266,0.12488189288866793,28,2800,0.7373014506024673
Llama-3.2-3B-Instruct,ideology,ideology__regulation_of_technology__tech_self_governance,negpos,negative,0.7275227322719086,0.14354618619108536,28,2800,0.7263177317288791
Llama-3.2-3B-Instruct,ideology,ideology__regulation_of_technology__tech_self_governance,negpos,positive,0.7271137540226007,0.13938113443004777,28,2800,0.7263177317288791
Llama-3.2-3B-Instruct,ideology,ideology__regulation_of_technology__tech_self_governance,posneg,negative,0.7175465592662482,0.15067385083569482,28,2800,0.7263177317288791
Llama-3.2-3B-Instruct,ideology,ideology__regulation_of_technology__tech_self_governance,posneg,positive,0.733087881354759,0.13573650540631316,28,2800,0.7263177317288791
Llama-3.2-3B-Instruct,ideology,ideology__regulation_supporting__deregulation_supporting,negpos,negative,0.7199862880533636,0.15238395600152732,28,2800,0.7207773722960257
Llama-3.2-3B-Instruct,ideology,ideology__regulation_supporting__deregulation_supporting,negpos,positive,0.6980161043035819,0.16103661525145507,28,2800,0.7207773722960257
Llama-3.2-3B-Instruct,ideology,ideology__regulation_supporting__deregulation_supporting,posneg,negative,0.7333586619698186,0.14280204286824447,28,2800,0.7207773722960257
Llama-3.2-3B-Instruct,ideology,ideology__regulation_supporting__deregulation_supporting,posneg,positive,0.7317484348573388,0.13916249892859978,28,2800,0.7207773722960257
Llama-3.2-3B-Instruct,ideology,ideology__regulatory_caution__entrepreneurial_freedom,negpos,negative,0.7184683287429261,0.1527797863659294,28,2800,0.7011492766507984
Llama-3.2-3B-Instruct,ideology,ideology__regulatory_caution__entrepreneurial_freedom,negpos,positive,0.6779662639995305,0.1736474884270765,28,2800,0.7011492766507984
Llama-3.2-3B-Instruct,ideology,ideology__regulatory_caution__entrepreneurial_freedom,posneg,negative,0.7013380147450434,0.1668517293518288,28,2800,0.7011492766507984
Llama-3.2-3B-Instruct,ideology,ideology__regulatory_caution__entrepreneurial_freedom,posneg,positive,0.7068244991156936,0.15341134303032047,28,2800,0.7011492766507984
Llama-3.2-3B-Instruct,ideology,ideology__resource_conservation__resource_utilization,negpos,negative,0.7152944978660347,0.15198802127576796,28,2800,0.7173297072105858
Llama-3.2-3B-Instruct,ideology,ideology__resource_conservation__resource_utilization,negpos,positive,0.7240112616497975,0.1408040182927344,28,2800,0.7173297072105858
Llama-3.2-3B-Instruct,ideology,ideology__resource_conservation__resource_utilization,posneg,negative,0.7078940529816017,0.1568982658347436,28,2800,0.7173297072105858
Llama-3.2-3B-Instruct,ideology,ideology__resource_conservation__resource_utilization,posneg,positive,0.7221190163449094,0.1419322339096804,28,2800,0.7173297072105858
Llama-3.2-3B-Instruct,ideology,ideology__risk_averse__risk_seeking,negpos,negative,0.7152584598337658,0.15510272574975623,28,2800,0.7123650022065977
Llama-3.2-3B-Instruct,ideology,ideology__risk_averse__risk_seeking,negpos,positive,0.7031133555906136,0.16117838459447886,28,2800,0.7123650022065977
Llama-3.2-3B-Instruct,ideology,ideology__risk_averse__risk_seeking,posneg,negative,0.697856263521639,0.1686765197773156,28,2800,0.7123650022065977
Llama-3.2-3B-Instruct,ideology,ideology__risk_averse__risk_seeking,posneg,positive,0.7332319298803726,0.13976470025791748,28,2800,0.7123650022065977
Llama-3.2-3B-Instruct,ideology,ideology__security_priority__freedom_priority,negpos,negative,0.7401769614637271,0.13738545127802984,28,2800,0.7254642660147992
Llama-3.2-3B-Instruct,ideology,ideology__security_priority__freedom_priority,negpos,positive,0.7124673053833782,0.15266053455896234,28,2800,0.7254642660147992
Llama-3.2-3B-Instruct,ideology,ideology__security_priority__freedom_priority,posneg,negative,0.7119735451603054,0.15754134286746072,28,2800,0.7254642660147992
Llama-3.2-3B-Instruct,ideology,ideology__security_priority__freedom_priority,posneg,positive,0.7372392520517861,0.13429278528703664,28,2800,0.7254642660147992
Llama-3.2-3B-Instruct,ideology,ideology__social_cohesion__individual_autonomy,negpos,negative,0.7016949339508105,0.16394390450469554,28,2800,0.6956503943072031
Llama-3.2-3B-Instruct,ideology,ideology__social_cohesion__individual_autonomy,negpos,positive,0.688401446950907,0.17033855520118965,28,2800,0.6956503943072031
Llama-3.2-3B-Instruct,ideology,ideology__social_cohesion__individual_autonomy,posneg,negative,0.6947217748869471,0.16895035727565752,28,2800,0.6956503943072031
Llama-3.2-3B-Instruct,ideology,ideology__social_cohesion__individual_autonomy,posneg,positive,0.6977834214401477,0.16204947370679712,28,2800,0.6956503943072031
Llama-3.2-3B-Instruct,ideology,ideology__social_equality__outcome_inequality_acceptance,negpos,negative,0.7340438556901075,0.14112259610575817,28,2800,0.722158585895091
Llama-3.2-3B-Instruct,ideology,ideology__social_equality__outcome_inequality_acceptance,negpos,positive,0.7102577141134081,0.15289122665794377,28,2800,0.722158585895091
Llama-3.2-3B-Instruct,ideology,ideology__social_equality__outcome_inequality_acceptance,posneg,negative,0.7263861155918789,0.14589456430123568,28,2800,0.722158585895091
Llama-3.2-3B-Instruct,ideology,ideology__social_equality__outcome_inequality_acceptance,posneg,positive,0.7179466581849694,0.14708591120997713,28,2800,0.722158585895091
Llama-3.2-3B-Instruct,ideology,ideology__social_safety_net__minimal_welfare,negpos,negative,0.738422017440853,0.13764776461267839,28,2800,0.7016430635556152
Llama-3.2-3B-Instruct,ideology,ideology__social_safety_net__minimal_welfare,negpos,positive,0.6701251396420872,0.18491665367161525,28,2800,0.7016430635556152
Llama-3.2-3B-Instruct,ideology,ideology__social_safety_net__minimal_welfare,posneg,negative,0.7103484133413472,0.15549146346375634,28,2800,0.7016430635556152
Llama-3.2-3B-Instruct,ideology,ideology__social_safety_net__minimal_welfare,posneg,positive,0.6876766837981733,0.16855706843344684,28,2800,0.7016430635556152
Llama-3.2-3B-Instruct,ideology,ideology__social_stability__disruptive_change,negpos,negative,0.7127484056108593,0.15529626335245617,28,2800,0.696909614482674
Llama-3.2-3B-Instruct,ideology,ideology__social_stability__disruptive_change,negpos,positive,0.6873353746612053,0.16947502670017622,28,2800,0.696909614482674
Llama-3.2-3B-Instruct,ideology,ideology__social_stability__disruptive_change,posneg,negative,0.6943743071032975,0.16742974424630191,28,2800,0.696909614482674
Llama-3.2-3B-Instruct,ideology,ideology__social_stability__disruptive_change,posneg,positive,0.6931803705553338,0.16180257064589257,28,2800,0.696909614482674
Llama-3.2-3B-Instruct,ideology,ideology__strict_regulation__flexible_regulation,negpos,negative,0.7398082275981263,0.1402018028830333,28,2800,0.7371893779329874
Llama-3.2-3B-Instruct,ideology,ideology__strict_regulation__flexible_regulation,negpos,positive,0.7317156714025517,0.1420629011100008,28,2800,0.7371893779329874
Llama-3.2-3B-Instruct,ideology,ideology__strict_regulation__flexible_regulation,posneg,negative,0.7279910620226574,0.14881702307247968,28,2800,0.7371893779329874
Llama-3.2-3B-Instruct,ideology,ideology__strict_regulation__flexible_regulation,posneg,positive,0.7492425507086142,0.12930644753320478,28,2800,0.7371893779329874
Llama-3.2-3B-Instruct,ideology,ideology__tradition_priority__progress_priority,negpos,negative,0.7104622142870174,0.15619623852964898,28,2800,0.7152718333654751
Llama-3.2-3B-Instruct,ideology,ideology__tradition_priority__progress_priority,negpos,positive,0.7130345001186802,0.1483786197806108,28,2800,0.7152718333654751
Llama-3.2-3B-Instruct,ideology,ideology__tradition_priority__progress_priority,posneg,negative,0.7005718528618415,0.16475651272462322,28,2800,0.7152718333654751
Llama-3.2-3B-Instruct,ideology,ideology__tradition_priority__progress_priority,posneg,positive,0.7370187661943614,0.13492967851181883,28,2800,0.7152718333654751
Llama-3.2-3B-Instruct,ideology,ideology__universal_policy__targeted_policy,negpos,negative,0.7320339723159127,0.14364958011481263,28,2800,0.7219064977700517
Llama-3.2-3B-Instruct,ideology,ideology__universal_policy__targeted_policy,negpos,positive,0.7140051029884905,0.15371321698629684,28,2800,0.7219064977700517
Llama-3.2-3B-Instruct,ideology,ideology__universal_policy__targeted_policy,posneg,negative,0.7187440562765762,0.15190712092485953,28,2800,0.7219064977700517
Llama-3.2-3B-Instruct,ideology,ideology__universal_policy__targeted_policy,posneg,positive,0.7228428594992272,0.14594996916699046,28,2800,0.7219064977700517
Llama-3.2-3B-Instruct,ideology,ideology__urban_development__environmental_preservation,negpos,negative,0.7176124240928671,0.15110076168686937,28,2800,0.698843229564372
Llama-3.2-3B-Instruct,ideology,ideology__urban_development__environmental_preservation,negpos,positive,0.6831555306018123,0.16962494476700962,28,2800,0.698843229564372
Llama-3.2-3B-Instruct,ideology,ideology__urban_development__environmental_preservation,posneg,negative,0.690257072386062,0.1682106781260243,28,2800,0.698843229564372
Llama-3.2-3B-Instruct,ideology,ideology__urban_development__environmental_preservation,posneg,positive,0.7043478911767463,0.15200371903931595,28,2800,0.698843229564372
Llama-3.2-3B-Instruct,ideology,ideology__welfare_expansion__fiscal_restraint,negpos,negative,0.709158161296288,0.15696785616968303,28,2800,0.6962351652455395
Llama-3.2-3B-Instruct,ideology,ideology__welfare_expansion__fiscal_restraint,negpos,positive,0.6880292746926083,0.1659642734292024,28,2800,0.6962351652455395
Llama-3.2-3B-Instruct,ideology,ideology__welfare_expansion__fiscal_restraint,posneg,negative,0.690357986177767,0.17052259143981796,28,2800,0.6962351652455395
Llama-3.2-3B-Instruct,ideology,ideology__welfare_expansion__fiscal_restraint,posneg,positive,0.6973952388154948,0.15842030056164688,28,2800,0.6962351652455395
Llama-3.2-3B-Instruct,linguistic_style,linguistic_style__abstract_wording__concrete_wording,negpos,negative,0.7210630856773356,0.16285242396409108,28,2800,0.7313774083662914
Llama-3.2-3B-Instruct,linguistic_style,linguistic_style__abstract_wording__concrete_wording,negpos,positive,0.7360518592167952,0.15321895492713491,28,2800,0.7313774083662914
Llama-3.2-3B-Instruct,linguistic_style,linguistic_style__abstract_wording__concrete_wording,posneg,negative,0.7076812665293266,0.1712256518570552,28,2800,0.7313774083662914
Llama-3.2-3B-Instruct,linguistic_style,linguistic_style__abstract_wording__concrete_wording,posneg,positive,0.7607134220417081,0.12866661038253763,28,2800,0.7313774083662914
Llama-3.2-3B-Instruct,linguistic_style,linguistic_style__academic_style__everyday_style,negpos,negative,0.6526583607834303,0.20819445578651194,28,2800,0.6668497124435624
Llama-3.2-3B-Instruct,linguistic_style,linguistic_style__academic_style__everyday_style,negpos,positive,0.6821421209838796,0.17967877892199996,28,2800,0.6668497124435624
Llama-3.2-3B-Instruct,linguistic_style,linguistic_style__academic_style__everyday_style,posneg,negative,0.6510327277224388,0.21089347571341693,28,2800,0.6668497124435624
Llama-3.2-3B-Instruct,linguistic_style,linguistic_style__academic_style__everyday_style,posneg,positive,0.681565640284501,0.17811229592977568,28,2800,0.6668497124435624
Llama-3.2-3B-Instruct,linguistic_style,linguistic_style__analytic_presentation__descriptive_presentation,negpos,negative,0.6858946905905031,0.18085780445812252,28,2800,0.6944740769709048
Llama-3.2-3B-Instruct,linguistic_style,linguistic_style__analytic_presentation__descriptive_presentation,negpos,positive,0.6916498188925349,0.17321961113525483,28,2800,0.6944740769709048
Llama-3.2-3B-Instruct,linguistic_style,linguistic_style__analytic_presentation__descriptive_presentation,posneg,negative,0.6845515016981599,0.1834945045052824,28,2800,0.6944740769709048
Llama-3.2-3B-Instruct,linguistic_style,linguistic_style__analytic_presentation__descriptive_presentation,posneg,positive,0.7158002967024215,0.15411631149872146,28,2800,0.6944740769709048
Llama-3.2-3B-Instruct,linguistic_style,linguistic_style__basic_vocabulary__advanced_vocabulary,negpos,negative,0.7931888868464797,0.10567054425987903,28,2800,0.7258954319486017
Llama-3.2-3B-Instruct,linguistic_style,linguistic_style__basic_vocabulary__advanced_vocabulary,negpos,positive,0.6574575243934572,0.23243865866662636,28,2800,0.7258954319486017
Llama-3.2-3B-Instruct,linguistic_style,linguistic_style__basic_vocabulary__advanced_vocabulary,posneg,negative,0.7514732259334347,0.13936728737833753,28,2800,0.7258954319486017
Llama-3.2-3B-Instruct,linguistic_style,linguistic_style__basic_vocabulary__advanced_vocabulary,posneg,positive,0.7014620906210355,0.188887894362486,28,2800,0.7258954319486017
Llama-3.2-3B-Instruct,linguistic_style,linguistic_style__brief__elaborate,negpos,negative,0.7231720402964864,0.15029100509664786,28,2800,0.6887698277494005
Llama-3.2-3B-Instruct,linguistic_style,linguistic_style__brief__elaborate,negpos,positive,0.663240962015564,0.1987202026321282,28,2800,0.6887698277494005
Llama-3.2-3B-Instruct,linguistic_style,linguistic_style__brief__elaborate,posneg,negative,0.7033822336296597,0.16622397054205612,28,2800,0.6887698277494005
Llama-3.2-3B-Instruct,linguistic_style,linguistic_style__brief__elaborate,posneg,positive,0.6652840750558923,0.19505273002595186,28,2800,0.6887698277494005
Llama-3.2-3B-Instruct,linguistic_style,linguistic_style__bullet_point_style__paragraph_style,negpos,negative,0.7339131778179463,0.1490877241547642,28,2800,0.7111692634581457
Llama-3.2-3B-Instruct,linguistic_style,linguistic_style__bullet_point_style__paragraph_style,negpos,positive,0.6993711407927876,0.17615345387682016,28,2800,0.7111692634581457
Llama-3.2-3B-Instruct,linguistic_style,linguistic_style__bullet_point_style__paragraph_style,posneg,negative,0.7175303753478831,0.16080040601570258,28,2800,0.7111692634581457
Llama-3.2-3B-Instruct,linguistic_style,linguistic_style__bullet_point_style__paragraph_style,posneg,positive,0.6938623598739655,0.17872374402855595,28,2800,0.7111692634581457
Llama-3.2-3B-Instruct,linguistic_style,linguistic_style__compact__expansive,negpos,negative,0.7308894649394748,0.14797007572463108,28,2800,0.7081147530824166
Llama-3.2-3B-Instruct,linguistic_style,linguistic_style__compact__expansive,negpos,positive,0.6849547334584696,0.1863239953542776,28,2800,0.7081147530824166
Llama-3.2-3B-Instruct,linguistic_style,linguistic_style__compact__expansive,posneg,negative,0.7154885024551187,0.16197142104626464,28,2800,0.7081147530824166
Llama-3.2-3B-Instruct,linguistic_style,linguistic_style__compact__expansive,posneg,positive,0.7011263114766029,0.17515247572237272,28,2800,0.7081147530824166
Llama-3.2-3B-Instruct,linguistic_style,linguistic_style__compressed_explanation__expanded_explanation,negpos,negative,0.7063217990786363,0.16479382617062302,28,2800,0.6777636164151984
Llama-3.2-3B-Instruct,linguistic_style,linguistic_style__compressed_explanation__expanded_explanation,negpos,positive,0.6560775117042414,0.20601585795505728,28,2800,0.6777636164151984
Llama-3.2-3B-Instruct,linguistic_style,linguistic_style__compressed_explanation__expanded_explanation,posneg,negative,0.6849654140855689,0.18219218250390232,28,2800,0.6777636164151984
Llama-3.2-3B-Instruct,linguistic_style,linguistic_style__compressed_explanation__expanded_explanation,posneg,positive,0.6636897407923471,0.1989261714426124,28,2800,0.6777636164151984
Llama-3.2-3B-Instruct,linguistic_style,linguistic_style__compressed_syntax__expanded_syntax,negpos,negative,0.8074905713197628,0.09609537637749405,28,2800,0.77479931932692
Llama-3.2-3B-Instruct,linguistic_style,linguistic_style__compressed_syntax__expanded_syntax,negpos,positive,0.7605107867167753,0.13946446675720248,28,2800,0.77479931932692
Llama-3.2-3B-Instruct,linguistic_style,linguistic_style__compressed_syntax__expanded_syntax,posneg,negative,0.7741628457186366,0.12081989534888593,28,2800,0.77479931932692
Llama-3.2-3B-Instruct,linguistic_style,linguistic_style__compressed_syntax__expanded_syntax,posneg,positive,0.7570330735525055,0.13809948742231926,28,2800,0.77479931932692
Llama-3.2-3B-Instruct,linguistic_style,linguistic_style__conceptual_explanation__illustrative_explanation,negpos,negative,0.6911125285679213,0.1787033963383683,28,2800,0.6930001826786705
Llama-3.2-3B-Instruct,linguistic_style,linguistic_style__conceptual_explanation__illustrative_explanation,negpos,positive,0.6846837354810164,0.18321843479247135,28,2800,0.6930001826786705
Llama-3.2-3B-Instruct,linguistic_style,linguistic_style__conceptual_explanation__illustrative_explanation,posneg,negative,0.6923181748816365,0.1790138707923904,28,2800,0.6930001826786705
Llama-3.2-3B-Instruct,linguistic_style,linguistic_style__conceptual_explanation__illustrative_explanation,posneg,positive,0.7038862917841076,0.16867981693283532,28,2800,0.6930001826786705
Llama-3.2-3B-Instruct,linguistic_style,linguistic_style__concise__verbose,negpos,negative,0.7593040590688365,0.12755054132759017,28,2800,0.7370667314857133
Llama-3.2-3B-Instruct,linguistic_style,linguistic_style__concise__verbose,negpos,positive,0.710340888001903,0.17244738683114497,28,2800,0.7370667314857133
Llama-3.2-3B-Instruct,linguistic_style,linguistic_style__concise__verbose,posneg,negative,0.7692135020521619,0.12038828788130854,28,2800,0.7370667314857133
Llama-3.2-3B-Instruct,linguistic_style,linguistic_style__concise__verbose,posneg,positive,0.7094084768199522,0.17387176079322123,28,2800,0.7370667314857133
Llama-3.2-3B-Instruct,linguistic_style,linguistic_style__condensed_expression__extended_expression,negpos,negative,0.7558470637041845,0.13263455844420008,28,2800,0.7357188314627264
Llama-3.2-3B-Instruct,linguistic_style,linguistic_style__condensed_expression__extended_expression,negpos,positive,0.7204048975204713,0.17546580483752,28,2800,0.7357188314627264
Llama-3.2-3B-Instruct,linguistic_style,linguistic_style__condensed_expression__extended_expression,posneg,negative,0.7268590094748907,0.1587839577246739,28,2800,0.7357188314627264
Llama-3.2-3B-Instruct,linguistic_style,linguistic_style__condensed_expression__extended_expression,posneg,positive,0.7397643551513593,0.15557132418957917,28,2800,0.7357188314627264
Llama-3.2-3B-Instruct,linguistic_style,linguistic_style__definition_first__example_first,negpos,negative,0.7265964530837118,0.15508084717779447,28,2800,0.7160216692403167
Llama-3.2-3B-Instruct,linguistic_style,linguistic_style__definition_first__example_first,negpos,positive,0.7295714690928816,0.15675677324242251,28,2800,0.7160216692403167
Llama-3.2-3B-Instruct,linguistic_style,linguistic_style__definition_first__example_first,posneg,negative,0.6814662229666218,0.1891119528746041,28,2800,0.7160216692403167
Llama-3.2-3B-Instruct,linguistic_style,linguistic_style__definition_first__example_first,posneg,positive,0.7264525318180516,0.15805850610448405,28,2800,0.7160216692403167
Llama-3.2-3B-Instruct,linguistic_style,linguistic_style__dense_information__sparse_information,negpos,negative,0.7194040670981992,0.1625629265927597,28,2800,0.7058653701007559
Llama-3.2-3B-Instruct,linguistic_style,linguistic_style__dense_information__sparse_information,negpos,positive,0.6919072378848231,0.17874044543717058,28,2800,0.7058653701007559
Llama-3.2-3B-Instruct,linguistic_style,linguistic_style__dense_information__sparse_information,posneg,negative,0.6836990131237893,0.19111157252966837,28,2800,0.7058653701007559
Llama-3.2-3B-Instruct,linguistic_style,linguistic_style__dense_information__sparse_information,posneg,positive,0.728451162296212,0.1470458688691774,28,2800,0.7058653701007559
Llama-3.2-3B-Instruct,linguistic_style,linguistic_style__diagrammatic_description__narrative_description,negpos,negative,0.6746099186263199,0.18319157976537703,28,2800,0.6821856421353333
Llama-3.2-3B-Instruct,linguistic_style,linguistic_style__diagrammatic_description__narrative_description,negpos,positive,0.6856663420481363,0.1714822057011278,28,2800,0.6821856421353333
Llama-3.2-3B-Instruct,linguistic_style,linguistic_style__diagrammatic_description__narrative_description,posneg,negative,0.6605383479840432,0.19670447282551715,28,2800,0.6821856421353333
Llama-3.2-3B-Instruct,linguistic_style,linguistic_style__diagrammatic_description__narrative_description,posneg,positive,0.7079279598828336,0.1510671892164097,28,2800,0.6821856421353333
Llama-3.2-3B-Instruct,linguistic_style,linguistic_style__direct_phrasing__circumlocutory_phrasing,negpos,negative,0.8307971652000786,0.08286110386285722,28,2800,0.7849557834520028
Llama-3.2-3B-Instruct,linguistic_style,linguistic_style__direct_phrasing__circumlocutory_phrasing,negpos,positive,0.7477210171216374,0.14758260494327524,28,2800,0.7849557834520028
Llama-3.2-3B-Instruct,linguistic_style,linguistic_style__direct_phrasing__circumlocutory_phrasing,posneg,negative,0.8094002933605239,0.09815259956985968,28,2800,0.7849557834520028
Llama-3.2-3B-Instruct,linguistic_style,linguistic_style__direct_phrasing__circumlocutory_phrasing,posneg,positive,0.7519046581257711,0.14182252519718216,28,2800,0.7849557834520028
Llama-3.2-3B-Instruct,linguistic_style,linguistic_style__economical_wording__descriptive_wording,negpos,negative,0.7323634421105067,0.14921979225065563,28,2800,0.7121197872947455
Llama-3.2-3B-Instruct,linguistic_style,linguistic_style__economical_wording__descriptive_wording,negpos,positive,0.692808785954554,0.18819010639581463,28,2800,0.7121197872947455
Llama-3.2-3B-Instruct,linguistic_style,linguistic_style__economical_wording__descriptive_wording,posneg,negative,0.709867878392107,0.16924201810526704,28,2800,0.7121197872947455
Llama-3.2-3B-Instruct,linguistic_style,linguistic_style__economical_wording__descriptive_wording,posneg,positive,0.7134390427218141,0.1728434855843155,28,2800,0.7121197872947455
Llama-3.2-3B-Instruct,linguistic_style,linguistic_style__efficient_wording__redundant_wording,negpos,negative,0.8004867957713243,0.1048961263155106,28,2800,0.7650166115068016
Llama-3.2-3B-Instruct,linguistic_style,linguistic_style__efficient_wording__redundant_wording,negpos,positive,0.7303890573159464,0.15750421072651744,28,2800,0.7650166115068016
Llama-3.2-3B-Instruct,linguistic_style,linguistic_style__efficient_wording__redundant_wording,posneg,negative,0.7827707245348733,0.12014796143437786,28,2800,0.7650166115068016
Llama-3.2-3B-Instruct,linguistic_style,linguistic_style__efficient_wording__redundant_wording,posneg,positive,0.7464198684050622,0.14439183770749078,28,2800,0.7650166115068016
Llama-3.2-3B-Instruct,linguistic_style,linguistic_style__exact_wording__paraphrastic_wording,negpos,negative,0.81439912475171,0.09530560891244298,28,2800,0.7610516861283086
Llama-3.2-3B-Instruct,linguistic_style,linguistic_style__exact_wording__paraphrastic_wording,negpos,positive,0.7241492921104619,0.1632069932341208,28,2800,0.7610516861283086
Llama-3.2-3B-Instruct,linguistic_style,linguistic_style__exact_wording__paraphrastic_wording,posneg,negative,0.7673816246793929,0.12979223846643972,28,2800,0.7610516861283086
Llama-3.2-3B-Instruct,linguistic_style,linguistic_style__exact_wording__paraphrastic_wording,posneg,positive,0.73827670297167,0.15291958408339326,28,2800,0.7610516861283086
Llama-3.2-3B-Instruct,linguistic_style,linguistic_style__explicit_phrasing__implicit_phrasing,negpos,negative,0.774522624094659,0.12437875801141725,28,2800,0.7591277287698264
Llama-3.2-3B-Instruct,linguistic_style,linguistic_style__explicit_phrasing__implicit_phrasing,negpos,positive,0.7481407443279148,0.1461153749277596,28,2800,0.7591277287698264
Llama-3.2-3B-Instruct,linguistic_style,linguistic_style__explicit_phrasing__implicit_phrasing,posneg,negative,0.7503246912024475,0.1441171617306465,28,2800,0.7591277287698264
Llama-3.2-3B-Instruct,linguistic_style,linguistic_style__explicit_phrasing__implicit_phrasing,posneg,positive,0.7635228554542842,0.13365624106332974,28,2800,0.7591277287698264
Llama-3.2-3B-Instruct,linguistic_style,linguistic_style__formal_register__informal_register,negpos,negative,0.6833805056296564,0.1888793393431678,28,2800,0.6991585726630428
Llama-3.2-3B-Instruct,linguistic_style,linguistic_style__formal_register__informal_register,negpos,positive,0.7157238960517294,0.163870451818005,28,2800,0.6991585726630428
Llama-3.2-3B-Instruct,linguistic_style,linguistic_style__formal_register__informal_register,posneg,negative,0.6857350420800887,0.18951485611145652,28,2800,0.6991585726630428
Llama-3.2-3B-Instruct,linguistic_style,linguistic_style__formal_register__informal_register,posneg,positive,0.7117948468906968,0.1659024606196523,28,2800,0.6991585726630428
Llama-3.2-3B-Instruct,linguistic_style,linguistic_style__formulaic_structure__free_structure,negpos,negative,0.7542177066447628,0.13274906318672436,28,2800,0.768437892702636
Llama-3.2-3B-Instruct,linguistic_style,linguistic_style__formulaic_structure__free_structure,negpos,positive,0.774822796774205,0.12230928217801926,28,2800,0.768437892702636
Llama-3.2-3B-Instruct,linguistic_style,linguistic_style__formulaic_structure__free_structure,posneg,negative,0.7607028808727723,0.12622340206070642,28,2800,0.768437892702636
Llama-3.2-3B-Instruct,linguistic_style,linguistic_style__formulaic_structure__free_structure,posneg,positive,0.7840081865188039,0.11794710343129246,28,2800,0.768437892702636
Llama-3.2-3B-Instruct,linguistic_style,linguistic_style__fully_specified__loosely_specified,negpos,negative,0.7171164271820094,0.158632661571487,28,2800,0.7138253704784135
Llama-3.2-3B-Instruct,linguistic_style,linguistic_style__fully_specified__loosely_specified,negpos,positive,0.7120232859414551,0.16169624547912254,28,2800,0.7138253704784135
Llama-3.2-3B-Instruct,linguistic_style,linguistic_style__fully_specified__loosely_specified,posneg,negative,0.7041590211378264,0.1701619974080018,28,2800,0.7138253704784135
Llama-3.2-3B-Instruct,linguistic_style,linguistic_style__fully_specified__loosely_specified,posneg,positive,0.7220027476523633,0.1528398445751213,28,2800,0.7138253704784135
Llama-3.2-3B-Instruct,linguistic_style,linguistic_style__generalized_description__instance_based_description,negpos,negative,0.7269054763551178,0.14832681699416267,28,2800,0.7020089893588102
Llama-3.2-3B-Instruct,linguistic_style,linguistic_style__generalized_description__instance_based_description,negpos,positive,0.6880882130211239,0.17917404520471414,28,2800,0.7020089893588102
Llama-3.2-3B-Instruct,linguistic_style,linguistic_style__generalized_description__instance_based_description,posneg,negative,0.7089225992025046,0.1631395939580444,28,2800,0.7020089893588102
Llama-3.2-3B-Instruct,linguistic_style,linguistic_style__generalized_description__instance_based_description,posneg,positive,0.6841196688564942,0.18092053496695132,28,2800,0.7020089893588102
Llama-3.2-3B-Instruct,linguistic_style,linguistic_style__high_information_density__low_information_density,negpos,negative,0.667945319316175,0.20805694922307807,28,2800,0.6856145732863874
Llama-3.2-3B-Instruct,linguistic_style,linguistic_style__high_information_density__low_information_density,negpos,positive,0.7063213396518692,0.16882357252599492,28,2800,0.6856145732863874
Llama-3.2-3B-Instruct,linguistic_style,linguistic_style__high_information_density__low_information_density,posneg,negative,0.6315132405823543,0.23496934705698944,28,2800,0.6856145732863874
Llama-3.2-3B-Instruct,linguistic_style,linguistic_style__high_information_density__low_information_density,posneg,positive,0.7366783935951512,0.14450276157135197,28,2800,0.6856145732863874
Llama-3.2-3B-Instruct,linguistic_style,linguistic_style__information_focused_wording__stylistic_wording,negpos,negative,0.7370852477819455,0.14984184355153018,28,2800,0.7451795144747745
Llama-3.2-3B-Instruct,linguistic_style,linguistic_style__information_focused_wording__stylistic_wording,negpos,positive,0.7413754562698259,0.1467180925877632,28,2800,0.7451795144747745
Llama-3.2-3B-Instruct,linguistic_style,linguistic_style__information_focused_wording__stylistic_wording,posneg,negative,0.7059436237025658,0.1754485995404484,28,2800,0.7451795144747745
Llama-3.2-3B-Instruct,linguistic_style,linguistic_style__information_focused_wording__stylistic_wording,posneg,positive,0.7963137301447608,0.10828937812662956,28,2800,0.7451795144747745
Llama-3.2-3B-Instruct,linguistic_style,linguistic_style__lean_prose__ornate_prose,negpos,negative,0.7046864811415304,0.1644115550086183,28,2800,0.6869744806917699
Llama-3.2-3B-Instruct,linguistic_style,linguistic_style__lean_prose__ornate_prose,negpos,positive,0.6607470593058407,0.19845472497000782,28,2800,0.6869744806917699
Llama-3.2-3B-Instruct,linguistic_style,linguistic_style__lean_prose__ornate_prose,posneg,negative,0.7127041371443991,0.16104201887262723,28,2800,0.6869744806917699
Llama-3.2-3B-Instruct,linguistic_style,linguistic_style__lean_prose__ornate_prose,posneg,positive,0.6697602451753093,0.1937036445294878,28,2800,0.6869744806917699
Llama-3.2-3B-Instruct,linguistic_style,linguistic_style__linear_explanation__digressive_explanation,negpos,negative,0.739219497290893,0.14066922453371078,28,2800,0.711485506524736
Llama-3.2-3B-Instruct,linguistic_style,linguistic_style__linear_explanation__digressive_explanation,negpos,positive,0.6737934060106859,0.18886916040552235,28,2800,0.711485506524736
Llama-3.2-3B-Instruct,linguistic_style,linguistic_style__linear_explanation__digressive_explanation,posneg,negative,0.737163655473727,0.14448902467985297,28,2800,0.711485506524736
Llama-3.2-3B-Instruct,linguistic_style,linguistic_style__linear_explanation__digressive_explanation,posneg,positive,0.695765467323638,0.1743395936728972,28,2800,0.711485506524736
Llama-3.2-3B-Instruct,linguistic_style,linguistic_style__list_style__discursive_style,negpos,negative,0.7519579706286422,0.13274356440814797,28,2800,0.7262421480834114
Llama-3.2-3B-Instruct,linguistic_style,linguistic_style__list_style__discursive_style,negpos,positive,0.7190297115900899,0.15756318318101548,28,2800,0.7262421480834114
Llama-3.2-3B-Instruct,linguistic_style,linguistic_style__list_style__discursive_style,posneg,negative,0.7304185217648695,0.14939641365866868,28,2800,0.7262421480834114
Llama-3.2-3B-Instruct,linguistic_style,linguistic_style__list_style__discursive_style,posneg,positive,0.7035623883500437,0.16684197304961612,28,2800,0.7262421480834114
Llama-3.2-3B-Instruct,linguistic_style,linguistic_style__literal_phrasing__figurative_phrasing,negpos,negative,0.7418889918904623,0.14444055386208587,28,2800,0.7342738844207377
Llama-3.2-3B-Instruct,linguistic_style,linguistic_style__literal_phrasing__figurative_phrasing,negpos,positive,0.7061893723040875,0.18039090308294886,28,2800,0.7342738844207377
Llama-3.2-3B-Instruct,linguistic_style,linguistic_style__literal_phrasing__figurative_phrasing,posneg,negative,0.7231229373704208,0.16167434962062177,28,2800,0.7342738844207377
Llama-3.2-3B-Instruct,linguistic_style,linguistic_style__literal_phrasing__figurative_phrasing,posneg,positive,0.7658942361179804,0.1344234550572616,28,2800,0.7342738844207377
Llama-3.2-3B-Instruct,linguistic_style,linguistic_style__minimal__extensive,negpos,negative,0.688518145329483,0.1765302343625156,28,2800,0.7041717085896051
Llama-3.2-3B-Instruct,linguistic_style,linguistic_style__minimal__extensive,negpos,positive,0.710297695473829,0.16654132459231932,28,2800,0.7041717085896051
Llama-3.2-3B-Instruct,linguistic_style,linguistic_style__minimal__extensive,posneg,negative,0.7117907521172432,0.16203454947591736,28,2800,0.7041717085896051
Llama-3.2-3B-Instruct,linguistic_style,linguistic_style__minimal__extensive,posneg,positive,0.7060802414378651,0.16850576288590996,28,2800,0.7041717085896051
Llama-3.2-3B-Instruct,linguistic_style,linguistic_style__neutral_register__colloquial_register,negpos,negative,0.7495593956767463,0.1397700420086763,28,2800,0.7323537327383012
Llama-3.2-3B-Instruct,linguistic_style,linguistic_style__neutral_register__colloquial_register,negpos,positive,0.7150847912868306,0.17076333112385653,28,2800,0.7323537327383012
Llama-3.2-3B-Instruct,linguistic_style,linguistic_style__neutral_register__colloquial_register,posneg,negative,0.7324464722086399,0.15336952198471407,28,2800,0.7323537327383012
Llama-3.2-3B-Instruct,linguistic_style,linguistic_style__neutral_register__colloquial_register,posneg,positive,0.7323242717809881,0.15609424393893365,28,2800,0.7323537327383012
Llama-3.2-3B-Instruct,linguistic_style,linguistic_style__outline_style__narrative_style,negpos,negative,0.6826560257797393,0.1814131426236074,28,2800,0.6689438581474532
Llama-3.2-3B-Instruct,linguistic_style,linguistic_style__outline_style__narrative_style,negpos,positive,0.6529961305980837,0.20111096542913487,28,2800,0.6689438581474532
Llama-3.2-3B-Instruct,linguistic_style,linguistic_style__outline_style__narrative_style,posneg,negative,0.681332969299449,0.18450256786454156,28,2800,0.6689438581474532
Llama-3.2-3B-Instruct,linguistic_style,linguistic_style__outline_style__narrative_style,posneg,positive,0.6587903069125406,0.19722377006246072,28,2800,0.6689438581474532
Llama-3.2-3B-Instruct,linguistic_style,linguistic_style__plain_language__technical_language,negpos,negative,0.7216678324611517,0.14864350867919143,28,2800,0.6724353443866595
Llama-3.2-3B-Instruct,linguistic_style,linguistic_style__plain_language__technical_language,negpos,positive,0.6261437639222523,0.22896542082411356,28,2800,0.6724353443866595
Llama-3.2-3B-Instruct,linguistic_style,linguistic_style__plain_language__technical_language,posneg,negative,0.6908413769045445,0.1732536553043157,28,2800,0.6724353443866595
Llama-3.2-3B-Instruct,linguistic_style,linguistic_style__plain_language__technical_language,posneg,positive,0.6510884042586896,0.20592436603689948,28,2800,0.6724353443866595
Llama-3.2-3B-Instruct,linguistic_style,linguistic_style__precise_wording__approximate_wording,negpos,negative,0.7521673184573865,0.14016927559533915,28,2800,0.7431871783585884
Llama-3.2-3B-Instruct,linguistic_style,linguistic_style__precise_wording__approximate_wording,negpos,positive,0.7359241200071586,0.1555136430689333,28,2800,0.7431871783585884
Llama-3.2-3B-Instruct,linguistic_style,linguistic_style__precise_wording__approximate_wording,posneg,negative,0.7268293512743231,0.1613101472466834,28,2800,0.7431871783585884
Llama-3.2-3B-Instruct,linguistic_style,linguistic_style__precise_wording__approximate_wording,posneg,positive,0.7578279236954851,0.136948118467025,28,2800,0.7431871783585884
Llama-3.2-3B-Instruct,linguistic_style,linguistic_style__professional_register__conversational_register,negpos,negative,0.6870278880780595,0.1909436815076371,28,2800,0.7069761719912878
Llama-3.2-3B-Instruct,linguistic_style,linguistic_style__professional_register__conversational_register,negpos,positive,0.7236488168379799,0.15836181315567258,28,2800,0.7069761719912878
Llama-3.2-3B-Instruct,linguistic_style,linguistic_style__professional_register__conversational_register,posneg,negative,0.6940627682037908,0.18549679671238295,28,2800,0.7069761719912878
Llama-3.2-3B-Instruct,linguistic_style,linguistic_style__professional_register__conversational_register,posneg,positive,0.7231652148453213,0.15830439971233273,28,2800,0.7069761719912878
Llama-3.2-3B-Instruct,linguistic_style,linguistic_style__short_form__long_form,negpos,negative,0.7242521263694087,0.15464547721683802,28,2800,0.6936831618122481
Llama-3.2-3B-Instruct,linguistic_style,linguistic_style__short_form__long_form,negpos,positive,0.6663042744496929,0.20138587476936315,28,2800,0.6936831618122481
Llama-3.2-3B-Instruct,linguistic_style,linguistic_style__short_form__long_form,posneg,negative,0.694031385313683,0.18176273335900645,28,2800,0.6936831618122481
Llama-3.2-3B-Instruct,linguistic_style,linguistic_style__short_form__long_form,posneg,positive,0.6901448611162077,0.17993241278631164,28,2800,0.6936831618122481
Llama-3.2-3B-Instruct,linguistic_style,linguistic_style__simple_wording__sophisticated_wording,negpos,negative,0.7599578953092679,0.13025281170584901,28,2800,0.7099282366808831
Llama-3.2-3B-Instruct,linguistic_style,linguistic_style__simple_wording__sophisticated_wording,negpos,positive,0.6680336042156244,0.21203975863818852,28,2800,0.7099282366808831
Llama-3.2-3B-Instruct,linguistic_style,linguistic_style__simple_wording__sophisticated_wording,posneg,negative,0.7280367907390256,0.15731582522980733,28,2800,0.7099282366808831
Llama-3.2-3B-Instruct,linguistic_style,linguistic_style__simple_wording__sophisticated_wording,posneg,positive,0.6836846564596144,0.1945343788548273,28,2800,0.7099282366808831
Llama-3.2-3B-Instruct,linguistic_style,linguistic_style__specific_wording__general_wording,negpos,negative,0.7559329928313688,0.13443054803059482,28,2800,0.748584340585555
Llama-3.2-3B-Instruct,linguistic_style,linguistic_style__specific_wording__general_wording,negpos,positive,0.7475450271746495,0.1463621182991098,28,2800,0.748584340585555
Llama-3.2-3B-Instruct,linguistic_style,linguistic_style__specific_wording__general_wording,posneg,negative,0.7428765563437331,0.1445910946131949,28,2800,0.748584340585555
Llama-3.2-3B-Instruct,linguistic_style,linguistic_style__specific_wording__general_wording,posneg,positive,0.7479827859924685,0.1468344693437082,28,2800,0.748584340585555
Llama-3.2-3B-Instruct,linguistic_style,linguistic_style__step_by_step__holistic_description,negpos,negative,0.7329828791603175,0.14526394050044,28,2800,0.7071289136400042
Llama-3.2-3B-Instruct,linguistic_style,linguistic_style__step_by_step__holistic_description,negpos,positive,0.6910665061076225,0.1735342483353389,28,2800,0.7071289136400042
Llama-3.2-3B-Instruct,linguistic_style,linguistic_style__step_by_step__holistic_description,posneg,negative,0.7146838304962605,0.15674859822583712,28,2800,0.7071289136400042
Llama-3.2-3B-Instruct,linguistic_style,linguistic_style__step_by_step__holistic_description,posneg,positive,0.6897824387958164,0.16942778135008904,28,2800,0.7071289136400042
Llama-3.2-3B-Instruct,linguistic_style,linguistic_style__straightforward_style__rhetorical_style,negpos,negative,0.7322885443296085,0.1498089596402665,28,2800,0.7094158500332988
Llama-3.2-3B-Instruct,linguistic_style,linguistic_style__straightforward_style__rhetorical_style,negpos,positive,0.6975928101668915,0.17855025283906012,28,2800,0.7094158500332988
Llama-3.2-3B-Instruct,linguistic_style,linguistic_style__straightforward_style__rhetorical_style,posneg,negative,0.7045808301339564,0.17305578634068977,28,2800,0.7094158500332988
Llama-3.2-3B-Instruct,linguistic_style,linguistic_style__straightforward_style__rhetorical_style,posneg,positive,0.7032012155027386,0.17101201463357316,28,2800,0.7094158500332988
Llama-3.2-3B-Instruct,linguistic_style,linguistic_style__structured__free_flowing,negpos,negative,0.7302475335946931,0.14933741067306489,28,2800,0.7189182060625652
Llama-3.2-3B-Instruct,linguistic_style,linguistic_style__structured__free_flowing,negpos,positive,0.6945391463525973,0.1755919838622523,28,2800,0.7189182060625652
Llama-3.2-3B-Instruct,linguistic_style,linguistic_style__structured__free_flowing,posneg,negative,0.7295558935247686,0.15252687220067074,28,2800,0.7189182060625652
Llama-3.2-3B-Instruct,linguistic_style,linguistic_style__structured__free_flowing,posneg,positive,0.7213302507782016,0.15617976293285238,28,2800,0.7189182060625652
Llama-3.2-3B-Instruct,linguistic_style,linguistic_style__succinct__detailed,negpos,negative,0.7214089039596415,0.1531086272498812,28,2800,0.7006004450162466
Llama-3.2-3B-Instruct,linguistic_style,linguistic_style__succinct__detailed,negpos,positive,0.6860877241088009,0.18235659035487012,28,2800,0.7006004450162466
Llama-3.2-3B-Instruct,linguistic_style,linguistic_style__succinct__detailed,posneg,negative,0.7120411356299039,0.16128994585743692,28,2800,0.7006004450162466
Llama-3.2-3B-Instruct,linguistic_style,linguistic_style__succinct__detailed,posneg,positive,0.6828640163666401,0.18414559833968994,28,2800,0.7006004450162466
Llama-3.2-3B-Instruct,linguistic_style,linguistic_style__summary_style__full_exposition,negpos,negative,0.7202440579320573,0.15328894600093126,28,2800,0.7056133106254106
Llama-3.2-3B-Instruct,linguistic_style,linguistic_style__summary_style__full_exposition,negpos,positive,0.690793412260802,0.17448019637160017,28,2800,0.7056133106254106
Llama-3.2-3B-Instruct,linguistic_style,linguistic_style__summary_style__full_exposition,posneg,negative,0.7144398517736391,0.15925442907294643,28,2800,0.7056133106254106
Llama-3.2-3B-Instruct,linguistic_style,linguistic_style__summary_style__full_exposition,posneg,positive,0.6969759205351436,0.17223304562241262,28,2800,0.7056133106254106
Llama-3.2-3B-Instruct,linguistic_style,linguistic_style__systematic_layout__impressionistic_layout,negpos,negative,0.7067677142229688,0.16779115530670466,28,2800,0.6953137896046506
Llama-3.2-3B-Instruct,linguistic_style,linguistic_style__systematic_layout__impressionistic_layout,negpos,positive,0.6754451766858087,0.18692606702394313,28,2800,0.6953137896046506
Llama-3.2-3B-Instruct,linguistic_style,linguistic_style__systematic_layout__impressionistic_layout,posneg,negative,0.7160636645866311,0.16115420459426283,28,2800,0.6953137896046506
Llama-3.2-3B-Instruct,linguistic_style,linguistic_style__systematic_layout__impressionistic_layout,posneg,positive,0.6829786029231937,0.18428629949415437,28,2800,0.6953137896046506
Llama-3.2-3B-Instruct,linguistic_style,linguistic_style__taxonomy_style__story_style,negpos,negative,0.6437453015580751,0.21073106771751823,28,2800,0.6639302167300078
Llama-3.2-3B-Instruct,linguistic_style,linguistic_style__taxonomy_style__story_style,negpos,positive,0.6796317092822949,0.17223736084854094,28,2800,0.6639302167300078
Llama-3.2-3B-Instruct,linguistic_style,linguistic_style__taxonomy_style__story_style,posneg,negative,0.6388934703759566,0.21801603489940063,28,2800,0.6639302167300078
Llama-3.2-3B-Instruct,linguistic_style,linguistic_style__taxonomy_style__story_style,posneg,positive,0.6934503857037048,0.1604356927199738,28,2800,0.6639302167300078
Llama-3.2-3B-Instruct,linguistic_style,linguistic_style__technical_register__lay_register,negpos,negative,0.6621233890024095,0.2073743123639182,28,2800,0.6980832650182576
Llama-3.2-3B-Instruct,linguistic_style,linguistic_style__technical_register__lay_register,negpos,positive,0.7336599710582965,0.147845748657985,28,2800,0.6980832650182576
Llama-3.2-3B-Instruct,linguistic_style,linguistic_style__technical_register__lay_register,posneg,negative,0.6693701973299995,0.20229176549987327,28,2800,0.6980832650182576
Llama-3.2-3B-Instruct,linguistic_style,linguistic_style__technical_register__lay_register,posneg,positive,0.7271795026823246,0.1488952355215453,28,2800,0.6980832650182576
Llama-3.2-3B-Instruct,linguistic_style,linguistic_style__terminology_heavy__terminology_light,negpos,negative,0.6587716710093943,0.21159024838056642,28,2800,0.6992296288524577
Llama-3.2-3B-Instruct,linguistic_style,linguistic_style__terminology_heavy__terminology_light,negpos,positive,0.7465070565822963,0.13909985970218586,28,2800,0.6992296288524577
Llama-3.2-3B-Instruct,linguistic_style,linguistic_style__terminology_heavy__terminology_light,posneg,negative,0.629421068383614,0.23592101522720044,28,2800,0.6992296288524577
Llama-3.2-3B-Instruct,linguistic_style,linguistic_style__terminology_heavy__terminology_light,posneg,positive,0.7622187194345259,0.12798154024013808,28,2800,0.6992296288524577
Llama-3.2-3B-Instruct,linguistic_style,linguistic_style__tight_structure__loose_structure,negpos,negative,0.7430939467022158,0.14339069647443106,28,2800,0.7295963515259033
Llama-3.2-3B-Instruct,linguistic_style,linguistic_style__tight_structure__loose_structure,negpos,positive,0.7187350387860655,0.16272748380264956,28,2800,0.7295963515259033
Llama-3.2-3B-Instruct,linguistic_style,linguistic_style__tight_structure__loose_structure,posneg,negative,0.736324180948178,0.14807739472569165,28,2800,0.7295963515259033
Llama-3.2-3B-Instruct,linguistic_style,linguistic_style__tight_structure__loose_structure,posneg,positive,0.7202322396671539,0.15837838417665207,28,2800,0.7295963515259033
Llama-3.2-3B-Instruct,linguistic_style,linguistic_style__well_organized__loosely_organized,negpos,negative,0.734182125272261,0.14843478884907613,28,2800,0.7154967818054633
Llama-3.2-3B-Instruct,linguistic_style,linguistic_style__well_organized__loosely_organized,negpos,positive,0.7044461324381944,0.17065205272533346,28,2800,0.7154967818054633
Llama-3.2-3B-Instruct,linguistic_style,linguistic_style__well_organized__loosely_organized,posneg,negative,0.7221387356318262,0.15697137551318585,28,2800,0.7154967818054633
Llama-3.2-3B-Instruct,linguistic_style,linguistic_style__well_organized__loosely_organized,posneg,positive,0.7012201338795714,0.16945494008306236,28,2800,0.7154967818054633
Llama-3.2-3B-Instruct,semantic_framing,semantic_framing__analytic_perspective__experiential_perspective,negpos,negative,0.6999936397066483,0.17577670054757322,28,2800,0.6862808204352239
Llama-3.2-3B-Instruct,semantic_framing,semantic_framing__analytic_perspective__experiential_perspective,negpos,positive,0.6813637122838646,0.18893088296014057,28,2800,0.6862808204352239
Llama-3.2-3B-Instruct,semantic_framing,semantic_framing__analytic_perspective__experiential_perspective,posneg,negative,0.663099430733252,0.2053467148423833,28,2800,0.6862808204352239
Llama-3.2-3B-Instruct,semantic_framing,semantic_framing__analytic_perspective__experiential_perspective,posneg,positive,0.7006664990171305,0.1692043265781535,28,2800,0.6862808204352239
Llama-3.2-3B-Instruct,semantic_framing,semantic_framing__behavioral_perspective__structural_perspective,negpos,negative,0.7404615526058806,0.1419488117174575,28,2800,0.719906020808663
Llama-3.2-3B-Instruct,semantic_framing,semantic_framing__behavioral_perspective__structural_perspective,negpos,positive,0.7047977585981567,0.16937344208486785,28,2800,0.719906020808663
Llama-3.2-3B-Instruct,semantic_framing,semantic_framing__behavioral_perspective__structural_perspective,posneg,negative,0.7193076867312606,0.15639273191781777,28,2800,0.719906020808663
Llama-3.2-3B-Instruct,semantic_framing,semantic_framing__behavioral_perspective__structural_perspective,posneg,positive,0.7150570852993537,0.15751068716149083,28,2800,0.719906020808663
Llama-3.2-3B-Instruct,semantic_framing,semantic_framing__capability_perspective__limitation_perspective,negpos,negative,0.7023124533726826,0.16576377035127443,28,2800,0.7067734502460206
Llama-3.2-3B-Instruct,semantic_framing,semantic_framing__capability_perspective__limitation_perspective,negpos,positive,0.7045758305153988,0.15867890843275798,28,2800,0.7067734502460206
Llama-3.2-3B-Instruct,semantic_framing,semantic_framing__capability_perspective__limitation_perspective,posneg,negative,0.6933931254763521,0.17440387338589394,28,2800,0.7067734502460206
Llama-3.2-3B-Instruct,semantic_framing,semantic_framing__capability_perspective__limitation_perspective,posneg,positive,0.7268123916196488,0.14620624623657197,28,2800,0.7067734502460206
Llama-3.2-3B-Instruct,semantic_framing,semantic_framing__causal_perspective__correlational_perspective,negpos,negative,0.7143476095970039,0.16169714811489508,28,2800,0.7156457332841115
Llama-3.2-3B-Instruct,semantic_framing,semantic_framing__causal_perspective__correlational_perspective,negpos,positive,0.707501112688154,0.1690778231139673,28,2800,0.7156457332841115
Llama-3.2-3B-Instruct,semantic_framing,semantic_framing__causal_perspective__correlational_perspective,posneg,negative,0.7021293905694662,0.17495250200283033,28,2800,0.7156457332841115
Llama-3.2-3B-Instruct,semantic_framing,semantic_framing__causal_perspective__correlational_perspective,posneg,positive,0.7386048202818217,0.15021055483708012,28,2800,0.7156457332841115
Llama-3.2-3B-Instruct,semantic_framing,semantic_framing__competition_perspective__cooperation_perspective,negpos,negative,0.7234828084165639,0.15224710787980927,28,2800,0.7085676165242727
Llama-3.2-3B-Instruct,semantic_framing,semantic_framing__competition_perspective__cooperation_perspective,negpos,positive,0.6926885312386054,0.17311097017760185,28,2800,0.7085676165242727
Llama-3.2-3B-Instruct,semantic_framing,semantic_framing__competition_perspective__cooperation_perspective,posneg,negative,0.7101606442791522,0.1598179953114627,28,2800,0.7085676165242727
Llama-3.2-3B-Instruct,semantic_framing,semantic_framing__competition_perspective__cooperation_perspective,posneg,positive,0.7079384821627694,0.15877500441126727,28,2800,0.7085676165242727
Llama-3.2-3B-Instruct,semantic_framing,semantic_framing__constraint_perspective__capability_perspective,negpos,negative,0.7347806510514993,0.14459331373910214,28,2800,0.7263940318636479
Llama-3.2-3B-Instruct,semantic_framing,semantic_framing__constraint_perspective__capability_perspective,negpos,positive,0.7116152075710004,0.1628699263020263,28,2800,0.7263940318636479
Llama-3.2-3B-Instruct,semantic_framing,semantic_framing__constraint_perspective__capability_perspective,posneg,negative,0.7239404634109409,0.15246234875777426,28,2800,0.7263940318636479
Llama-3.2-3B-Instruct,semantic_framing,semantic_framing__constraint_perspective__capability_perspective,posneg,positive,0.735239805421151,0.141969928656265,28,2800,0.7263940318636479
Llama-3.2-3B-Instruct,semantic_framing,semantic_framing__cost_benefit_perspective__duty_based_perspective,negpos,negative,0.6928425073879951,0.17226222503119196,28,2800,0.680253512009028
Llama-3.2-3B-Instruct,semantic_framing,semantic_framing__cost_benefit_perspective__duty_based_perspective,negpos,positive,0.686767450919323,0.17418509964929463,28,2800,0.680253512009028
Llama-3.2-3B-Instruct,semantic_framing,semantic_framing__cost_benefit_perspective__duty_based_perspective,posneg,negative,0.6611576228107152,0.19296165342037483,28,2800,0.680253512009028
Llama-3.2-3B-Instruct,semantic_framing,semantic_framing__cost_benefit_perspective__duty_based_perspective,posneg,positive,0.6802464669180784,0.17454368763356745,28,2800,0.680253512009028
Llama-3.2-3B-Instruct,semantic_framing,semantic_framing__cost_effectiveness_perspective__moral_value_perspective,negpos,negative,0.7024008829749292,0.16342619718509382,28,2800,0.6937747905300359
Llama-3.2-3B-Instruct,semantic_framing,semantic_framing__cost_effectiveness_perspective__moral_value_perspective,negpos,positive,0.6918985885056076,0.16770909058324998,28,2800,0.6937747905300359
Llama-3.2-3B-Instruct,semantic_framing,semantic_framing__cost_effectiveness_perspective__moral_value_perspective,posneg,negative,0.682024022430522,0.17815961667257252,28,2800,0.6937747905300359
Llama-3.2-3B-Instruct,semantic_framing,semantic_framing__cost_effectiveness_perspective__moral_value_perspective,posneg,positive,0.6987756682090848,0.1615312222904651,28,2800,0.6937747905300359
Llama-3.2-3B-Instruct,semantic_framing,semantic_framing__cost_perspective__benefit_perspective,negpos,negative,0.6838655236637676,0.18045588281969632,28,2800,0.6897681658200385
Llama-3.2-3B-Instruct,semantic_framing,semantic_framing__cost_perspective__benefit_perspective,negpos,positive,0.6964486159804244,0.16745682821699687,28,2800,0.6897681658200385
Llama-3.2-3B-Instruct,semantic_framing,semantic_framing__cost_perspective__benefit_perspective,posneg,negative,0.6725013905108806,0.1866844655640826,28,2800,0.6897681658200385
Llama-3.2-3B-Instruct,semantic_framing,semantic_framing__cost_perspective__benefit_perspective,posneg,positive,0.7062571331250814,0.15818360516463956,28,2800,0.6897681658200385
Llama-3.2-3B-Instruct,semantic_framing,semantic_framing__diagnostic_perspective__prescriptive_perspective,negpos,negative,0.6951407974395897,0.18124505945653888,28,2800,0.6996522872021275
Llama-3.2-3B-Instruct,semantic_framing,semantic_framing__diagnostic_perspective__prescriptive_perspective,negpos,positive,0.71461283773328,0.16602614835384236,28,2800,0.6996522872021275
Llama-3.2-3B-Instruct,semantic_framing,semantic_framing__diagnostic_perspective__prescriptive_perspective,posneg,negative,0.6591787931970214,0.2106685412636357,28,2800,0.6996522872021275
Llama-3.2-3B-Instruct,semantic_framing,semantic_framing__diagnostic_perspective__prescriptive_perspective,posneg,positive,0.7296767204386188,0.15174139429467634,28,2800,0.6996522872021275
Llama-3.2-3B-Instruct,semantic_framing,semantic_framing__economic_perspective__ethical_perspective,negpos,negative,0.6906309479274458,0.17158728417622768,28,2800,0.6789776823593859
Llama-3.2-3B-Instruct,semantic_framing,semantic_framing__economic_perspective__ethical_perspective,negpos,positive,0.6536883095770714,0.19473531711386718,28,2800,0.6789776823593859
Llama-3.2-3B-Instruct,semantic_framing,semantic_framing__economic_perspective__ethical_perspective,posneg,negative,0.6782492412851967,0.18242767213573252,28,2800,0.6789776823593859
Llama-3.2-3B-Instruct,semantic_framing,semantic_framing__economic_perspective__ethical_perspective,posneg,positive,0.6933422306478298,0.1663491521375474,28,2800,0.6789776823593859
Llama-3.2-3B-Instruct,semantic_framing,semantic_framing__efficiency_analysis_perspective__equity_analysis_perspective,negpos,negative,0.7228951037374937,0.15337670321898147,28,2800,0.7113436832426989
Llama-3.2-3B-Instruct,semantic_framing,semantic_framing__efficiency_analysis_perspective__equity_analysis_perspective,negpos,positive,0.7089190521852312,0.16001316076773295,28,2800,0.7113436832426989
Llama-3.2-3B-Instruct,semantic_framing,semantic_framing__efficiency_analysis_perspective__equity_analysis_perspective,posneg,negative,0.6973417170638223,0.17274355733562796,28,2800,0.7113436832426989
Llama-3.2-3B-Instruct,semantic_framing,semantic_framing__efficiency_analysis_perspective__equity_analysis_perspective,posneg,positive,0.7162188599842485,0.15350916313177393,28,2800,0.7113436832426989
Llama-3.2-3B-Instruct,semantic_framing,semantic_framing__efficiency_perspective__fairness_perspective,negpos,negative,0.7252590832602968,0.14798197355841172,28,2800,0.7077549232818753
Llama-3.2-3B-Instruct,semantic_framing,semantic_framing__efficiency_perspective__fairness_perspective,negpos,positive,0.7004771353145923,0.1628311185393924,28,2800,0.7077549232818753
Llama-3.2-3B-Instruct,semantic_framing,semantic_framing__efficiency_perspective__fairness_perspective,posneg,negative,0.7021566355682325,0.16329583313230453,28,2800,0.7077549232818753
Llama-3.2-3B-Instruct,semantic_framing,semantic_framing__efficiency_perspective__fairness_perspective,posneg,positive,0.7031268389843797,0.15875153012457585,28,2800,0.7077549232818753
Llama-3.2-3B-Instruct,semantic_framing,semantic_framing__effort_perspective__outcome_perspective,negpos,negative,0.7216284890938833,0.1540134757502928,28,2800,0.7191284950445732
Llama-3.2-3B-Instruct,semantic_framing,semantic_framing__effort_perspective__outcome_perspective,negpos,positive,0.7221119962227194,0.15353474154837254,28,2800,0.7191284950445732
Llama-3.2-3B-Instruct,semantic_framing,semantic_framing__effort_perspective__outcome_perspective,posneg,negative,0.7083929256856374,0.16392618524753222,28,2800,0.7191284950445732
Llama-3.2-3B-Instruct,semantic_framing,semantic_framing__effort_perspective__outcome_perspective,posneg,positive,0.7243805691760528,0.1518536050251584,28,2800,0.7191284950445732
Llama-3.2-3B-Instruct,semantic_framing,semantic_framing__evidence_perspective__narrative_perspective,negpos,negative,0.6873495355662885,0.1800171041434184,28,2800,0.6902981670542927
Llama-3.2-3B-Instruct,semantic_framing,semantic_framing__evidence_perspective__narrative_perspective,negpos,positive,0.6981888029537094,0.1676276707003234,28,2800,0.6902981670542927
Llama-3.2-3B-Instruct,semantic_framing,semantic_framing__evidence_perspective__narrative_perspective,posneg,negative,0.6559317817995203,0.20721565160094166,28,2800,0.6902981670542927
Llama-3.2-3B-Instruct,semantic_framing,semantic_framing__evidence_perspective__narrative_perspective,posneg,positive,0.7197225478976528,0.14792873842984736,28,2800,0.6902981670542927
Llama-3.2-3B-Instruct,semantic_framing,semantic_framing__feasibility_perspective__desirability_perspective,negpos,negative,0.7065181942743692,0.1620579761065652,28,2800,0.7095713302587225
Llama-3.2-3B-Instruct,semantic_framing,semantic_framing__feasibility_perspective__desirability_perspective,negpos,positive,0.701909910922821,0.1603227296739917,28,2800,0.7095713302587225
Llama-3.2-3B-Instruct,semantic_framing,semantic_framing__feasibility_perspective__desirability_perspective,posneg,negative,0.7029103174844045,0.16497295221954872,28,2800,0.7095713302587225
Llama-3.2-3B-Instruct,semantic_framing,semantic_framing__feasibility_perspective__desirability_perspective,posneg,positive,0.7269468983532955,0.1423478299841741,28,2800,0.7095713302587225
Llama-3.2-3B-Instruct,semantic_framing,semantic_framing__growth_perspective__sustainability_perspective,negpos,negative,0.7126425572638516,0.1579238251708907,28,2800,0.7067345834648086
Llama-3.2-3B-Instruct,semantic_framing,semantic_framing__growth_perspective__sustainability_perspective,negpos,positive,0.6850226646942107,0.16935813511558515,28,2800,0.7067345834648086
Llama-3.2-3B-Instruct,semantic_framing,semantic_framing__growth_perspective__sustainability_perspective,posneg,negative,0.7126432916115555,0.15883155620857672,28,2800,0.7067345834648086
Llama-3.2-3B-Instruct,semantic_framing,semantic_framing__growth_perspective__sustainability_perspective,posneg,positive,0.7166298202896163,0.1506296124409209,28,2800,0.7067345834648086
Llama-3.2-3B-Instruct,semantic_framing,semantic_framing__impact_measurement_perspective__principle_based_perspective,negpos,negative,0.7390928553314131,0.1401403057549569,28,2800,0.7191999108136564
Llama-3.2-3B-Instruct,semantic_framing,semantic_framing__impact_measurement_perspective__principle_based_perspective,negpos,positive,0.7117562630125757,0.16131503534560168,28,2800,0.7191999108136564
Llama-3.2-3B-Instruct,semantic_framing,semantic_framing__impact_measurement_perspective__principle_based_perspective,posneg,negative,0.7047727801699448,0.16417021923836556,28,2800,0.7191999108136564
Llama-3.2-3B-Instruct,semantic_framing,semantic_framing__impact_measurement_perspective__principle_based_perspective,posneg,positive,0.7211777447406922,0.14895972905365618,28,2800,0.7191999108136564
Llama-3.2-3B-Instruct,semantic_framing,semantic_framing__implementation_perspective__design_perspective,negpos,negative,0.699376291370114,0.162251765272894,28,2800,0.6789602422720931
Llama-3.2-3B-Instruct,semantic_framing,semantic_framing__implementation_perspective__design_perspective,negpos,positive,0.6614016902927063,0.18746409177361972,28,2800,0.6789602422720931
Llama-3.2-3B-Instruct,semantic_framing,semantic_framing__implementation_perspective__design_perspective,posneg,negative,0.6781952028657983,0.1751031087577457,28,2800,0.6789602422720931
Llama-3.2-3B-Instruct,semantic_framing,semantic_framing__implementation_perspective__design_perspective,posneg,positive,0.6768677845597537,0.17137140738575085,28,2800,0.6789602422720931
Llama-3.2-3B-Instruct,semantic_framing,semantic_framing__incentive_perspective__norm_perspective,negpos,negative,0.7351645240450596,0.14116673772247607,28,2800,0.7087097745858015
Llama-3.2-3B-Instruct,semantic_framing,semantic_framing__incentive_perspective__norm_perspective,negpos,positive,0.6949445965513116,0.17009379658605478,28,2800,0.7087097745858015
Llama-3.2-3B-Instruct,semantic_framing,semantic_framing__incentive_perspective__norm_perspective,posneg,negative,0.7035977415128168,0.162010431855156,28,2800,0.7087097745858015
Llama-3.2-3B-Instruct,semantic_framing,semantic_framing__incentive_perspective__norm_perspective,posneg,positive,0.7011322362340179,0.16106973429507526,28,2800,0.7087097745858015
Llama-3.2-3B-Instruct,semantic_framing,semantic_framing__individual_impact_perspective__system_impact_perspective,negpos,negative,0.6940015026595824,0.17074101178902143,28,2800,0.6845589729463492
Llama-3.2-3B-Instruct,semantic_framing,semantic_framing__individual_impact_perspective__system_impact_perspective,negpos,positive,0.678698860574995,0.1822047061108569,28,2800,0.6845589729463492
Llama-3.2-3B-Instruct,semantic_framing,semantic_framing__individual_impact_perspective__system_impact_perspective,posneg,negative,0.6760692338800739,0.18561036368527875,28,2800,0.6845589729463492
Llama-3.2-3B-Instruct,semantic_framing,semantic_framing__individual_impact_perspective__system_impact_perspective,posneg,positive,0.6894662946707453,0.17351074284948606,28,2800,0.6845589729463492
Llama-3.2-3B-Instruct,semantic_framing,semantic_framing__individual_perspective__societal_perspective,negpos,negative,0.7060500574602641,0.16144811235015846,28,2800,0.6849746474559278
Llama-3.2-3B-Instruct,semantic_framing,semantic_framing__individual_perspective__societal_perspective,negpos,positive,0.6584758143443227,0.19534667113056609,28,2800,0.6849746474559278
Llama-3.2-3B-Instruct,semantic_framing,semantic_framing__individual_perspective__societal_perspective,posneg,negative,0.6864927183641791,0.17767137906919347,28,2800,0.6849746474559278
Llama-3.2-3B-Instruct,semantic_framing,semantic_framing__individual_perspective__societal_perspective,posneg,positive,0.6888799996549454,0.17247108098839614,28,2800,0.6849746474559278
Llama-3.2-3B-Instruct,semantic_framing,semantic_framing__innovation_benefit_perspective__innovation_risk_perspective,negpos,negative,0.7331068126697077,0.14318066915235292,28,2800,0.7137513468379961
Llama-3.2-3B-Instruct,semantic_framing,semantic_framing__innovation_benefit_perspective__innovation_risk_perspective,negpos,positive,0.7016772569229287,0.16425018351735376,28,2800,0.7137513468379961
Llama-3.2-3B-Instruct,semantic_framing,semantic_framing__innovation_benefit_perspective__innovation_risk_perspective,posneg,negative,0.7163643423348455,0.15429606391516218,28,2800,0.7137513468379961
Llama-3.2-3B-Instruct,semantic_framing,semantic_framing__innovation_benefit_perspective__innovation_risk_perspective,posneg,positive,0.7038569754245027,0.16080971366085406,28,2800,0.7137513468379961
Llama-3.2-3B-Instruct,semantic_framing,semantic_framing__innovation_perspective__regulation_perspective,negpos,negative,0.7103227172034013,0.1556089575568082,28,2800,0.7086735454699575
Llama-3.2-3B-Instruct,semantic_framing,semantic_framing__innovation_perspective__regulation_perspective,negpos,positive,0.7033661176042584,0.16105338614116912,28,2800,0.7086735454699575
Llama-3.2-3B-Instruct,semantic_framing,semantic_framing__innovation_perspective__regulation_perspective,posneg,negative,0.6970051225053908,0.16651769620315543,28,2800,0.7086735454699575
Llama-3.2-3B-Instruct,semantic_framing,semantic_framing__innovation_perspective__regulation_perspective,posneg,positive,0.7240002245667798,0.14653619051950575,28,2800,0.7086735454699575
Llama-3.2-3B-Instruct,semantic_framing,semantic_framing__local_perspective__global_perspective,negpos,negative,0.7188940259940326,0.1561343480024841,28,2800,0.7012790116548197
Llama-3.2-3B-Instruct,semantic_framing,semantic_framing__local_perspective__global_perspective,negpos,positive,0.680151293314622,0.18420503048899328,28,2800,0.7012790116548197
Llama-3.2-3B-Instruct,semantic_framing,semantic_framing__local_perspective__global_perspective,posneg,negative,0.7012146242177442,0.16932646319967745,28,2800,0.7012790116548197
Llama-3.2-3B-Instruct,semantic_framing,semantic_framing__local_perspective__global_perspective,posneg,positive,0.7048561030928798,0.1636859145165014,28,2800,0.7012790116548197
Llama-3.2-3B-Instruct,semantic_framing,semantic_framing__logic_perspective__empathy_perspective,negpos,negative,0.6875541292976249,0.18191657418143464,28,2800,0.6707987811577236
Llama-3.2-3B-Instruct,semantic_framing,semantic_framing__logic_perspective__empathy_perspective,negpos,positive,0.6385051780954152,0.218896550958192,28,2800,0.6707987811577236
Llama-3.2-3B-Instruct,semantic_framing,semantic_framing__logic_perspective__empathy_perspective,posneg,negative,0.661632033403483,0.20367545804200324,28,2800,0.6707987811577236
Llama-3.2-3B-Instruct,semantic_framing,semantic_framing__logic_perspective__empathy_perspective,posneg,positive,0.6955037838343715,0.16705401593327487,28,2800,0.6707987811577236
Llama-3.2-3B-Instruct,semantic_framing,semantic_framing__mechanistic_perspective__holistic_perspective,negpos,negative,0.7134450308576822,0.16329631446647436,28,2800,0.6984603406283434
Llama-3.2-3B-Instruct,semantic_framing,semantic_framing__mechanistic_perspective__holistic_perspective,negpos,positive,0.6807386526065863,0.18789447579553886,28,2800,0.6984603406283434
Llama-3.2-3B-Instruct,semantic_framing,semantic_framing__mechanistic_perspective__holistic_perspective,posneg,negative,0.6950554850899006,0.17788785954781908,28,2800,0.6984603406283434
Llama-3.2-3B-Instruct,semantic_framing,semantic_framing__mechanistic_perspective__holistic_perspective,posneg,positive,0.7046021939592048,0.16744315143415855,28,2800,0.6984603406283434
Llama-3.2-3B-Instruct,semantic_framing,semantic_framing__micro_level_perspective__macro_level_perspective,negpos,negative,0.7137564516090926,0.16106020662973067,28,2800,0.7019197636963552
Llama-3.2-3B-Instruct,semantic_framing,semantic_framing__micro_level_perspective__macro_level_perspective,negpos,positive,0.688857034917132,0.1811370579370625,28,2800,0.7019197636963552
Llama-3.2-3B-Instruct,semantic_framing,semantic_framing__micro_level_perspective__macro_level_perspective,posneg,negative,0.7006367060710864,0.1709424829984741,28,2800,0.7019197636963552
Llama-3.2-3B-Instruct,semantic_framing,semantic_framing__micro_level_perspective__macro_level_perspective,posneg,positive,0.7044288621881097,0.16796736623375058,28,2800,0.7019197636963552
Llama-3.2-3B-Instruct,semantic_framing,semantic_framing__operational_perspective__strategic_perspective,negpos,negative,0.7404302717774298,0.1418686481162085,28,2800,0.7265297111312621
Llama-3.2-3B-Instruct,semantic_framing,semantic_framing__operational_perspective__strategic_perspective,negpos,positive,0.7141383562850372,0.16051003737729191,28,2800,0.7265297111312621
Llama-3.2-3B-Instruct,semantic_framing,semantic_framing__operational_perspective__strategic_perspective,posneg,negative,0.7242265109101306,0.15486673723692926,28,2800,0.7265297111312621
Llama-3.2-3B-Instruct,semantic_framing,semantic_framing__operational_perspective__strategic_perspective,posneg,positive,0.7273237055524505,0.15005960653436023,28,2800,0.7265297111312621
Llama-3.2-3B-Instruct,semantic_framing,semantic_framing__optimization_perspective__resilience_perspective,negpos,negative,0.7276145501300139,0.1490799449348727,28,2800,0.7093971797246862
Llama-3.2-3B-Instruct,semantic_framing,semantic_framing__optimization_perspective__resilience_perspective,negpos,positive,0.6897887182132819,0.17513520049862105,28,2800,0.7093971797246862
Llama-3.2-3B-Instruct,semantic_framing,semantic_framing__optimization_perspective__resilience_perspective,posneg,negative,0.7015401610318889,0.16682229842859847,28,2800,0.7093971797246862
Llama-3.2-3B-Instruct,semantic_framing,semantic_framing__optimization_perspective__resilience_perspective,posneg,positive,0.7186452895235601,0.14836241506534795,28,2800,0.7093971797246862
Llama-3.2-3B-Instruct,semantic_framing,semantic_framing__optimization_perspective__satisficing_perspective,negpos,negative,0.7246343728858593,0.15221171776657091,28,2800,0.7083856974547998
Llama-3.2-3B-Instruct,semantic_framing,semantic_framing__optimization_perspective__satisficing_perspective,negpos,positive,0.6885182106404315,0.1768733520332303,28,2800,0.7083856974547998
Llama-3.2-3B-Instruct,semantic_framing,semantic_framing__optimization_perspective__satisficing_perspective,posneg,negative,0.706320354660061,0.16438095162331035,28,2800,0.7083856974547998
Llama-3.2-3B-Instruct,semantic_framing,semantic_framing__optimization_perspective__satisficing_perspective,posneg,positive,0.7140698516328475,0.15479405175104852,28,2800,0.7083856974547998
Llama-3.2-3B-Instruct,semantic_framing,semantic_framing__output_perspective__process_perspective,negpos,negative,0.7481100047611324,0.13402104438967363,28,2800,0.7341938798806318
Llama-3.2-3B-Instruct,semantic_framing,semantic_framing__output_perspective__process_perspective,negpos,positive,0.7270398123731932,0.1499988485729493,28,2800,0.7341938798806318
Llama-3.2-3B-Instruct,semantic_framing,semantic_framing__output_perspective__process_perspective,posneg,negative,0.7118674691325264,0.1629771582277181,28,2800,0.7341938798806318
Llama-3.2-3B-Instruct,semantic_framing,semantic_framing__output_perspective__process_perspective,posneg,positive,0.7497582332556753,0.13110980773446865,28,2800,0.7341938798806318
Llama-3.2-3B-Instruct,semantic_framing,semantic_framing__performance_metric_perspective__well_being_perspective,negpos,negative,0.7395587209284419,0.1403708854163172,28,2800,0.7024690144300233
Llama-3.2-3B-Instruct,semantic_framing,semantic_framing__performance_metric_perspective__well_being_perspective,negpos,positive,0.6788356594292807,0.1861349804680685,28,2800,0.7024690144300233
Llama-3.2-3B-Instruct,semantic_framing,semantic_framing__performance_metric_perspective__well_being_perspective,posneg,negative,0.7000095316695601,0.16705252106287635,28,2800,0.7024690144300233
Llama-3.2-3B-Instruct,semantic_framing,semantic_framing__performance_metric_perspective__well_being_perspective,posneg,positive,0.6914721456928105,0.1718630249293661,28,2800,0.7024690144300233
Llama-3.2-3B-Instruct,semantic_framing,semantic_framing__performance_perspective__safety_perspective,negpos,negative,0.713586573450353,0.15730176387231876,28,2800,0.7017265774755268
Llama-3.2-3B-Instruct,semantic_framing,semantic_framing__performance_perspective__safety_perspective,negpos,positive,0.6963091142304287,0.1682096512555879,28,2800,0.7017265774755268
Llama-3.2-3B-Instruct,semantic_framing,semantic_framing__performance_perspective__safety_perspective,posneg,negative,0.6931882973440836,0.16782543859083224,28,2800,0.7017265774755268
Llama-3.2-3B-Instruct,semantic_framing,semantic_framing__performance_perspective__safety_perspective,posneg,positive,0.7038223248772418,0.15776018601676733,28,2800,0.7017265774755268
Llama-3.2-3B-Instruct,semantic_framing,semantic_framing__practical_perspective__theoretical_perspective,negpos,negative,0.711921947416153,0.15790986114052427,28,2800,0.6915899156458156
Llama-3.2-3B-Instruct,semantic_framing,semantic_framing__practical_perspective__theoretical_perspective,negpos,positive,0.6668563504835665,0.19072783524378029,28,2800,0.6915899156458156
Llama-3.2-3B-Instruct,semantic_framing,semantic_framing__practical_perspective__theoretical_perspective,posneg,negative,0.6943187812196886,0.17354418267076846,28,2800,0.6915899156458156
Llama-3.2-3B-Instruct,semantic_framing,semantic_framing__practical_perspective__theoretical_perspective,posneg,positive,0.6932625834638545,0.17208370882741786,28,2800,0.6915899156458156
Llama-3.2-3B-Instruct,semantic_framing,semantic_framing__precision_perspective__robustness_perspective,negpos,negative,0.741026828691816,0.14041727351773256,28,2800,0.7427947867662442
Llama-3.2-3B-Instruct,semantic_framing,semantic_framing__precision_perspective__robustness_perspective,negpos,positive,0.7405400013077935,0.13991280221964253,28,2800,0.7427947867662442
Llama-3.2-3B-Instruct,semantic_framing,semantic_framing__precision_perspective__robustness_perspective,posneg,negative,0.7322437907068905,0.14695855271364056,28,2800,0.7427947867662442
Llama-3.2-3B-Instruct,semantic_framing,semantic_framing__precision_perspective__robustness_perspective,posneg,positive,0.757368526358477,0.12686533343634443,28,2800,0.7427947867662442
Llama-3.2-3B-Instruct,semantic_framing,semantic_framing__prediction_perspective__explanation_perspective,negpos,negative,0.740940956828347,0.13932949951920745,28,2800,0.7246055292194858
Llama-3.2-3B-Instruct,semantic_framing,semantic_framing__prediction_perspective__explanation_perspective,negpos,positive,0.6972467409518949,0.17673728310292613,28,2800,0.7246055292194858
Llama-3.2-3B-Instruct,semantic_framing,semantic_framing__prediction_perspective__explanation_perspective,posneg,negative,0.7181078588124983,0.15830908679357528,28,2800,0.7246055292194858
Llama-3.2-3B-Instruct,semantic_framing,semantic_framing__prediction_perspective__explanation_perspective,posneg,positive,0.7421265602852033,0.1378450068125522,28,2800,0.7246055292194858
Llama-3.2-3B-Instruct,semantic_framing,semantic_framing__problem_perspective__solution_perspective,negpos,negative,0.7060580765774092,0.16486059002904255,28,2800,0.7092607730090792
Llama-3.2-3B-Instruct,semantic_framing,semantic_framing__problem_perspective__solution_perspective,negpos,positive,0.7025710436176685,0.1658026864951541,28,2800,0.7092607730090792
Llama-3.2-3B-Instruct,semantic_framing,semantic_framing__problem_perspective__solution_perspective,posneg,negative,0.702737174419905,0.16681474623600034,28,2800,0.7092607730090792
Llama-3.2-3B-Instruct,semantic_framing,semantic_framing__problem_perspective__solution_perspective,posneg,positive,0.7256767974213342,0.14806909661596576,28,2800,0.7092607730090792
Llama-3.2-3B-Instruct,semantic_framing,semantic_framing__process_perspective__outcome_perspective,negpos,negative,0.7140341735130596,0.16053370571782163,28,2800,0.717478950385692
Llama-3.2-3B-Instruct,semantic_framing,semantic_framing__process_perspective__outcome_perspective,negpos,positive,0.6985987440439306,0.17084221897600915,28,2800,0.717478950385692
Llama-3.2-3B-Instruct,semantic_framing,semantic_framing__process_perspective__outcome_perspective,posneg,negative,0.7119521699246569,0.1624705321458005,28,2800,0.717478950385692
Llama-3.2-3B-Instruct,semantic_framing,semantic_framing__process_perspective__outcome_perspective,posneg,positive,0.7453307140611208,0.13385522949253173,28,2800,0.717478950385692
Llama-3.2-3B-Instruct,semantic_framing,semantic_framing__producer_perspective__consumer_perspective,negpos,negative,0.6650498883755521,0.19072409781952715,28,2800,0.6661985018180707
Llama-3.2-3B-Instruct,semantic_framing,semantic_framing__producer_perspective__consumer_perspective,negpos,positive,0.6531233020922615,0.19224409371532675,28,2800,0.6661985018180707
Llama-3.2-3B-Instruct,semantic_framing,semantic_framing__producer_perspective__consumer_perspective,posneg,negative,0.6573006560276156,0.1998558115251069,28,2800,0.6661985018180707
Llama-3.2-3B-Instruct,semantic_framing,semantic_framing__producer_perspective__consumer_perspective,posneg,positive,0.6893201607768534,0.16887849841854455,28,2800,0.6661985018180707
Llama-3.2-3B-Instruct,semantic_framing,semantic_framing__quantitative_perspective__qualitative_perspective,negpos,negative,0.7274802675372517,0.15559512190628114,28,2800,0.7140558179571691
Llama-3.2-3B-Instruct,semantic_framing,semantic_framing__quantitative_perspective__qualitative_perspective,negpos,positive,0.7055217331698546,0.1758882470154941,28,2800,0.7140558179571691
Llama-3.2-3B-Instruct,semantic_framing,semantic_framing__quantitative_perspective__qualitative_perspective,posneg,negative,0.6915238714844605,0.18771391785275182,28,2800,0.7140558179571691
Llama-3.2-3B-Instruct,semantic_framing,semantic_framing__quantitative_perspective__qualitative_perspective,posneg,positive,0.7316973996371096,0.15492367878387117,28,2800,0.7140558179571691
Llama-3.2-3B-Instruct,semantic_framing,semantic_framing__resource_allocation_perspective__value_distribution_perspective,negpos,negative,0.7098814700409832,0.15598571766838687,28,2800,0.7009180688711805
Llama-3.2-3B-Instruct,semantic_framing,semantic_framing__resource_allocation_perspective__value_distribution_perspective,negpos,positive,0.6890502606913808,0.16790581739809607,28,2800,0.7009180688711805
Llama-3.2-3B-Instruct,semantic_framing,semantic_framing__resource_allocation_perspective__value_distribution_perspective,posneg,negative,0.6961037102527102,0.1660812358474821,28,2800,0.7009180688711805
Llama-3.2-3B-Instruct,semantic_framing,semantic_framing__resource_allocation_perspective__value_distribution_perspective,posneg,positive,0.7086368344996476,0.15330697719959915,28,2800,0.7009180688711805
Llama-3.2-3B-Instruct,semantic_framing,semantic_framing__resource_perspective__impact_perspective,negpos,negative,0.7014380596055172,0.16507066111067925,28,2800,0.7084274576673967
Llama-3.2-3B-Instruct,semantic_framing,semantic_framing__resource_perspective__impact_perspective,negpos,positive,0.6950342635455086,0.16275963844659802,28,2800,0.7084274576673967
Llama-3.2-3B-Instruct,semantic_framing,semantic_framing__resource_perspective__impact_perspective,posneg,negative,0.7033579785226494,0.16570686822414596,28,2800,0.7084274576673967
Llama-3.2-3B-Instruct,semantic_framing,semantic_framing__resource_perspective__impact_perspective,posneg,positive,0.7338795289959116,0.13767659984993466,28,2800,0.7084274576673967
Llama-3.2-3B-Instruct,semantic_framing,semantic_framing__risk_perspective__opportunity_perspective,negpos,negative,0.725949954423947,0.15059945301349378,28,2800,0.7218684972348364
Llama-3.2-3B-Instruct,semantic_framing,semantic_framing__risk_perspective__opportunity_perspective,negpos,positive,0.714978156003282,0.15652238209301478,28,2800,0.7218684972348364
Llama-3.2-3B-Instruct,semantic_framing,semantic_framing__risk_perspective__opportunity_perspective,posneg,negative,0.7197352857253103,0.15546692903092743,28,2800,0.7218684972348364
Llama-3.2-3B-Instruct,semantic_framing,semantic_framing__risk_perspective__opportunity_perspective,posneg,positive,0.726810592786806,0.14821217153979785,28,2800,0.7218684972348364
Llama-3.2-3B-Instruct,semantic_framing,semantic_framing__scalability_perspective__feasibility_perspective,negpos,negative,0.7052896877718977,0.1596429387650202,28,2800,0.6934976454654792
Llama-3.2-3B-Instruct,semantic_framing,semantic_framing__scalability_perspective__feasibility_perspective,negpos,positive,0.692193654663852,0.1678654029126275,28,2800,0.6934976454654792
Llama-3.2-3B-Instruct,semantic_framing,semantic_framing__scalability_perspective__feasibility_perspective,posneg,negative,0.6846238631112017,0.17043510739554732,28,2800,0.6934976454654792
Llama-3.2-3B-Instruct,semantic_framing,semantic_framing__scalability_perspective__feasibility_perspective,posneg,positive,0.6918833763149653,0.16427247878615364,28,2800,0.6934976454654792
Llama-3.2-3B-Instruct,semantic_framing,semantic_framing__short_term_perspective__long_term_perspective,negpos,negative,0.7192739447892375,0.15640493017196075,28,2800,0.7035689595797853
Llama-3.2-3B-Instruct,semantic_framing,semantic_framing__short_term_perspective__long_term_perspective,negpos,positive,0.6905717393875589,0.1780831480469474,28,2800,0.7035689595797853
Llama-3.2-3B-Instruct,semantic_framing,semantic_framing__short_term_perspective__long_term_perspective,posneg,negative,0.7036837426728638,0.16923618278653976,28,2800,0.7035689595797853
Llama-3.2-3B-Instruct,semantic_framing,semantic_framing__short_term_perspective__long_term_perspective,posneg,positive,0.7007464114694809,0.17049906407215387,28,2800,0.7035689595797853
Llama-3.2-3B-Instruct,semantic_framing,semantic_framing__supply_perspective__demand_perspective,negpos,negative,0.7180368380730532,0.1578973313325895,28,2800,0.7060849584300241
Llama-3.2-3B-Instruct,semantic_framing,semantic_framing__supply_perspective__demand_perspective,negpos,positive,0.7041588877413226,0.1661553284715074,28,2800,0.7060849584300241
Llama-3.2-3B-Instruct,semantic_framing,semantic_framing__supply_perspective__demand_perspective,posneg,negative,0.6960894937498161,0.17001036194966312,28,2800,0.7060849584300241
Llama-3.2-3B-Instruct,semantic_framing,semantic_framing__supply_perspective__demand_perspective,posneg,positive,0.7060546141559044,0.16019647961344946,28,2800,0.7060849584300241
Llama-3.2-3B-Instruct,semantic_framing,semantic_framing__technical_perspective__human_centered_perspective,negpos,negative,0.6804896528608407,0.17927572754404345,28,2800,0.6617847730956263
Llama-3.2-3B-Instruct,semantic_framing,semantic_framing__technical_perspective__human_centered_perspective,negpos,positive,0.6392442136780715,0.20401054052372314,28,2800,0.6617847730956263
Llama-3.2-3B-Instruct,semantic_framing,semantic_framing__technical_perspective__human_centered_perspective,posneg,negative,0.6642152814110494,0.19288998129325272,28,2800,0.6617847730956263
Llama-3.2-3B-Instruct,semantic_framing,semantic_framing__technical_perspective__human_centered_perspective,posneg,positive,0.6631899444325435,0.1857634314386616,28,2800,0.6617847730956263
Llama-3.2-3B-Instruct,semantic_framing,semantic_framing__tradeoff_perspective__win_win_perspective,negpos,negative,0.6819916192717234,0.1826921974721583,28,2800,0.6881782283503797
Llama-3.2-3B-Instruct,semantic_framing,semantic_framing__tradeoff_perspective__win_win_perspective,negpos,positive,0.6848598192402385,0.17542924150970604,28,2800,0.6881782283503797
Llama-3.2-3B-Instruct,semantic_framing,semantic_framing__tradeoff_perspective__win_win_perspective,posneg,negative,0.6805295185901084,0.18585483737187358,28,2800,0.6881782283503797
Llama-3.2-3B-Instruct,semantic_framing,semantic_framing__tradeoff_perspective__win_win_perspective,posneg,positive,0.7053319562994486,0.1629044825815759,28,2800,0.6881782283503797
Llama-3.2-3B-Instruct,semantic_framing,semantic_framing__utility_perspective__rights_perspective,negpos,negative,0.7004572648834887,0.16482686042324526,28,2800,0.7025548193212325
Llama-3.2-3B-Instruct,semantic_framing,semantic_framing__utility_perspective__rights_perspective,negpos,positive,0.6826688727453121,0.17173332280329157,28,2800,0.7025548193212325
Llama-3.2-3B-Instruct,semantic_framing,semantic_framing__utility_perspective__rights_perspective,posneg,negative,0.7084134578566423,0.16072566272571612,28,2800,0.7025548193212325
Llama-3.2-3B-Instruct,semantic_framing,semantic_framing__utility_perspective__rights_perspective,posneg,positive,0.7186796817994869,0.14710216005454285,28,2800,0.7025548193212325
Qwen2.5-1.5B-Instruct,ideology,ideology__centralization_support__decentralization_support,negpos,negative,0.9983420620640041,0.0006754381278460019,28,2800,0.9982610840886832
Qwen2.5-1.5B-Instruct,ideology,ideology__centralization_support__decentralization_support,negpos,positive,0.9981874803481045,0.0007822026335657569,28,2800,0.9982610840886832
Qwen2.5-1.5B-Instruct,ideology,ideology__centralization_support__decentralization_support,posneg,negative,0.9983134951676391,0.0006740875098201202,28,2800,0.9982610840886832
Qwen2.5-1.5B-Instruct,ideology,ideology__centralization_support__decentralization_support,posneg,positive,0.9982012987749852,0.0007566432189246609,28,2800,0.9982610840886832
Qwen2.5-1.5B-Instruct,ideology,ideology__collective_benefit__personal_benefit,negpos,negative,0.9982899323210627,0.0007285565794788551,28,2800,0.9982628688388906
Qwen2.5-1.5B-Instruct,ideology,ideology__collective_benefit__personal_benefit,negpos,positive,0.998254250718373,0.0007552143055742952,28,2800,0.9982628688388906
Qwen2.5-1.5B-Instruct,ideology,ideology__collective_benefit__personal_benefit,posneg,negative,0.9982584339602187,0.0007497985817968768,28,2800,0.9982628688388906
Qwen2.5-1.5B-Instruct,ideology,ideology__collective_benefit__personal_benefit,posneg,positive,0.9982488583559082,0.0007495083370967306,28,2800,0.9982628688388906
Qwen2.5-1.5B-Instruct,ideology,ideology__collective_responsibility__individual_responsibility,negpos,negative,0.9983540042640481,0.0006889113710285896,28,2800,0.9982999218761597
Qwen2.5-1.5B-Instruct,ideology,ideology__collective_responsibility__individual_responsibility,negpos,positive,0.9982581328823612,0.0007283194633888781,28,2800,0.9982999218761597
Qwen2.5-1.5B-Instruct,ideology,ideology__collective_responsibility__individual_responsibility,posneg,negative,0.9983345262939091,0.0007130080307336737,28,2800,0.9982999218761597
Qwen2.5-1.5B-Instruct,ideology,ideology__collective_responsibility__individual_responsibility,posneg,positive,0.9982530240643206,0.0007338055484037876,28,2800,0.9982999218761597
Qwen2.5-1.5B-Instruct,ideology,ideology__collective_security__civil_liberty,negpos,negative,0.9982903761012841,0.000680338563661465,28,2800,0.9982373107725507
Qwen2.5-1.5B-Instruct,ideology,ideology__collective_security__civil_liberty,negpos,positive,0.9981967753176885,0.0007778581329152007,28,2800,0.9982373107725507
Qwen2.5-1.5B-Instruct,ideology,ideology__collective_security__civil_liberty,posneg,negative,0.998285213094459,0.0006889048842241754,28,2800,0.9982373107725507
Qwen2.5-1.5B-Instruct,ideology,ideology__collective_security__civil_liberty,posneg,positive,0.9981768785767714,0.0007668407965188052,28,2800,0.9982373107725507
Qwen2.5-1.5B-Instruct,ideology,ideology__collective_welfare__individual_liberty,negpos,negative,0.9983530865137463,0.0006790722804609895,28,2800,0.9982919584436349
Qwen2.5-1.5B-Instruct,ideology,ideology__collective_welfare__individual_liberty,negpos,positive,0.9982432980974902,0.0007379826479330089,28,2800,0.9982919584436349
Qwen2.5-1.5B-Instruct,ideology,ideology__collective_welfare__individual_liberty,posneg,negative,0.9983365425898274,0.0006952328548790927,28,2800,0.9982919584436349
Qwen2.5-1.5B-Instruct,ideology,ideology__collective_welfare__individual_liberty,posneg,positive,0.9982349065734758,0.0007333142990734511,28,2800,0.9982919584436349
Qwen2.5-1.5B-Instruct,ideology,ideology__competition_policy__cooperation_policy,negpos,negative,0.9981680577133364,0.0007341482092569704,28,2800,0.9981370435939234
Qwen2.5-1.5B-Instruct,ideology,ideology__competition_policy__cooperation_policy,negpos,positive,0.9981186868261667,0.0007561091908472332,28,2800,0.9981370435939234
Qwen2.5-1.5B-Instruct,ideology,ideology__competition_policy__cooperation_policy,posneg,negative,0.9981240791760128,0.0007623725146203875,28,2800,0.9981370435939234
Qwen2.5-1.5B-Instruct,ideology,ideology__competition_policy__cooperation_policy,posneg,positive,0.9981373506601778,0.0007542749157548247,28,2800,0.9981370435939234
Qwen2.5-1.5B-Instruct,ideology,ideology__consumer_protection__corporate_freedom,negpos,negative,0.9983832852918032,0.0006781209978548605,28,2800,0.998299372175836
Qwen2.5-1.5B-Instruct,ideology,ideology__consumer_protection__corporate_freedom,negpos,positive,0.9982463173259406,0.0006950185500047546,28,2800,0.998299372175836
Qwen2.5-1.5B-Instruct,ideology,ideology__consumer_protection__corporate_freedom,posneg,negative,0.9983527813317455,0.0007179881609930804,28,2800,0.998299372175836
Qwen2.5-1.5B-Instruct,ideology,ideology__consumer_protection__corporate_freedom,posneg,positive,0.9982151047538544,0.0007112353606228972,28,2800,0.998299372175836
Qwen2.5-1.5B-Instruct,ideology,ideology__data_protection_priority__data_utilization_priority,negpos,negative,0.9982995155991675,0.0006962336560830963,28,2800,0.9982375435122224
Qwen2.5-1.5B-Instruct,ideology,ideology__data_protection_priority__data_utilization_priority,negpos,positive,0.9981851921761818,0.0007579125800623485,28,2800,0.9982375435122224
Qwen2.5-1.5B-Instruct,ideology,ideology__data_protection_priority__data_utilization_priority,posneg,negative,0.998256246215961,0.0007058095888937918,28,2800,0.9982375435122224
Qwen2.5-1.5B-Instruct,ideology,ideology__data_protection_priority__data_utilization_priority,posneg,positive,0.9982092200575794,0.0007213897610811948,28,2800,0.9982375435122224
Qwen2.5-1.5B-Instruct,ideology,ideology__economic_growth_priority__sustainability_priority,negpos,negative,0.9982858688421006,0.0006952606751779067,28,2800,0.9982906735538605
Qwen2.5-1.5B-Instruct,ideology,ideology__economic_growth_priority__sustainability_priority,negpos,positive,0.9982883791622166,0.0007166854995327674,28,2800,0.9982906735538605
Qwen2.5-1.5B-Instruct,ideology,ideology__economic_growth_priority__sustainability_priority,posneg,negative,0.9982733938476585,0.0007319263720055059,28,2800,0.9982906735538605
Qwen2.5-1.5B-Instruct,ideology,ideology__economic_growth_priority__sustainability_priority,posneg,positive,0.9983150523634663,0.0007039830704854958,28,2800,0.9982906735538605
Qwen2.5-1.5B-Instruct,ideology,ideology__energy_transition__fossil_energy_support,negpos,negative,0.9983215163099696,0.0007187906220060559,28,2800,0.9982414906066988
Qwen2.5-1.5B-Instruct,ideology,ideology__energy_transition__fossil_energy_support,negpos,positive,0.9981741711979307,0.0007432717160077893,28,2800,0.9982414906066988
Qwen2.5-1.5B-Instruct,ideology,ideology__energy_transition__fossil_energy_support,posneg,negative,0.9983048382826072,0.0007308647086421027,28,2800,0.9982414906066988
Qwen2.5-1.5B-Instruct,ideology,ideology__energy_transition__fossil_energy_support,posneg,positive,0.9981654366362875,0.0007407474657658022,28,2800,0.9982414906066988
Qwen2.5-1.5B-Instruct,ideology,ideology__environmental_protection__economic_growth,negpos,negative,0.9983188471269895,0.0007043970189781293,28,2800,0.9982852204823327
Qwen2.5-1.5B-Instruct,ideology,ideology__environmental_protection__economic_growth,negpos,positive,0.9982386247176818,0.000716909880725418,28,2800,0.9982852204823327
Qwen2.5-1.5B-Instruct,ideology,ideology__environmental_protection__economic_growth,posneg,negative,0.9983234293944918,0.0007070194765756141,28,2800,0.9982852204823327
Qwen2.5-1.5B-Instruct,ideology,ideology__environmental_protection__economic_growth,posneg,positive,0.998259980690168,0.0006850125986313751,28,2800,0.9982852204823327
Qwen2.5-1.5B-Instruct,ideology,ideology__equality_priority__merit_priority,negpos,negative,0.9983680120505918,0.0006777543476399597,28,2800,0.9982952001400405
Qwen2.5-1.5B-Instruct,ideology,ideology__equality_priority__merit_priority,negpos,positive,0.9982132633950209,0.0007544463337677832,28,2800,0.9982952001400405
Qwen2.5-1.5B-Instruct,ideology,ideology__equality_priority__merit_priority,posneg,negative,0.9983595655005665,0.0006879421670418481,28,2800,0.9982952001400405
Qwen2.5-1.5B-Instruct,ideology,ideology__equality_priority__merit_priority,posneg,positive,0.9982399596139827,0.0007456421627123446,28,2800,0.9982952001400405
Qwen2.5-1.5B-Instruct,ideology,ideology__equity_priority__efficiency_priority,negpos,negative,0.9983196967384027,0.0007116028413499771,28,2800,0.9982621226113572
Qwen2.5-1.5B-Instruct,ideology,ideology__equity_priority__efficiency_priority,negpos,positive,0.9982091439875551,0.0007627179023827264,28,2800,0.9982621226113572
Qwen2.5-1.5B-Instruct,ideology,ideology__equity_priority__efficiency_priority,posneg,negative,0.9982989333941648,0.0007213927888160395,28,2800,0.9982621226113572
Qwen2.5-1.5B-Instruct,ideology,ideology__equity_priority__efficiency_priority,posneg,positive,0.9982207163253062,0.0007500607733682081,28,2800,0.9982621226113572
Qwen2.5-1.5B-Instruct,ideology,ideology__global_cooperation__national_self_reliance,negpos,negative,0.9983905700054242,0.0006668290029231738,28,2800,0.9982774485883184
Qwen2.5-1.5B-Instruct,ideology,ideology__global_cooperation__national_self_reliance,negpos,positive,0.9981716058593645,0.0007354736540311575,28,2800,0.9982774485883184
Qwen2.5-1.5B-Instruct,ideology,ideology__global_cooperation__national_self_reliance,posneg,negative,0.9983803934636107,0.000696609082328063,28,2800,0.9982774485883184
Qwen2.5-1.5B-Instruct,ideology,ideology__global_cooperation__national_self_reliance,posneg,positive,0.9981672250248742,0.0007360038887364391,28,2800,0.9982774485883184
Qwen2.5-1.5B-Instruct,ideology,ideology__government_intervention__free_market,negpos,negative,0.9982595521840637,0.0007199925046917335,28,2800,0.9982455818020592
Qwen2.5-1.5B-Instruct,ideology,ideology__government_intervention__free_market,negpos,positive,0.9982245839133185,0.0007809164814245631,28,2800,0.9982455818020592
Qwen2.5-1.5B-Instruct,ideology,ideology__government_intervention__free_market,posneg,negative,0.9982523207519749,0.0007066667000645233,28,2800,0.9982455818020592
Qwen2.5-1.5B-Instruct,ideology,ideology__government_intervention__free_market,posneg,positive,0.9982458703588801,0.0007427049674425063,28,2800,0.9982455818020592
Qwen2.5-1.5B-Instruct,ideology,ideology__hierarchy_support__egalitarianism_support,negpos,negative,0.9983912782902237,0.0006387347444506665,28,2800,0.9982801263740174
Qwen2.5-1.5B-Instruct,ideology,ideology__hierarchy_support__egalitarianism_support,negpos,positive,0.9981776466044304,0.0007545554645769226,28,2800,0.9982801263740174
Qwen2.5-1.5B-Instruct,ideology,ideology__hierarchy_support__egalitarianism_support,posneg,negative,0.998371446742893,0.0006864902425170125,28,2800,0.9982801263740174
Qwen2.5-1.5B-Instruct,ideology,ideology__hierarchy_support__egalitarianism_support,posneg,positive,0.9981801338585224,0.0007796008530104946,28,2800,0.9982801263740174
Qwen2.5-1.5B-Instruct,ideology,ideology__human_rights_priority__sovereignty_priority,negpos,negative,0.9983585558926711,0.0006964352734935279,28,2800,0.9983172309784523
Qwen2.5-1.5B-Instruct,ideology,ideology__human_rights_priority__sovereignty_priority,negpos,positive,0.9982848666860192,0.0007076834687291195,28,2800,0.9983172309784523
Qwen2.5-1.5B-Instruct,ideology,ideology__human_rights_priority__sovereignty_priority,posneg,negative,0.9983299424937758,0.000717142265869586,28,2800,0.9983172309784523
Qwen2.5-1.5B-Instruct,ideology,ideology__human_rights_priority__sovereignty_priority,posneg,positive,0.998295558841343,0.0006996761991640233,28,2800,0.9983172309784523
Qwen2.5-1.5B-Instruct,ideology,ideology__inclusive_policy__selective_policy,negpos,negative,0.9982130383101191,0.0007198139797459102,28,2800,0.9981525310847166
Qwen2.5-1.5B-Instruct,ideology,ideology__inclusive_policy__selective_policy,negpos,positive,0.9981374201552325,0.0007535675258366603,28,2800,0.9981525310847166
Qwen2.5-1.5B-Instruct,ideology,ideology__inclusive_policy__selective_policy,posneg,negative,0.9981453039494589,0.0007480425143001603,28,2800,0.9981525310847166
Qwen2.5-1.5B-Instruct,ideology,ideology__inclusive_policy__selective_policy,posneg,positive,0.9981143619240559,0.0007647924353855194,28,2800,0.9981525310847166
Qwen2.5-1.5B-Instruct,ideology,ideology__industrial_policy__market_coordination,negpos,negative,0.9982525404297246,0.0007359841910105731,28,2800,0.9981953209854599
Qwen2.5-1.5B-Instruct,ideology,ideology__industrial_policy__market_coordination,negpos,positive,0.9981408294932282,0.00074880501152793,28,2800,0.9981953209854599
Qwen2.5-1.5B-Instruct,ideology,ideology__industrial_policy__market_coordination,posneg,negative,0.9982417071288227,0.0007339741870660524,28,2800,0.9981953209854599
Qwen2.5-1.5B-Instruct,ideology,ideology__industrial_policy__market_coordination,posneg,positive,0.9981462068900644,0.0007268494777368487,28,2800,0.9981953209854599
Qwen2.5-1.5B-Instruct,ideology,ideology__institution_trust__institution_skepticism,negpos,negative,0.9983827350453021,0.0006596007776631032,28,2800,0.998309112712163
Qwen2.5-1.5B-Instruct,ideology,ideology__institution_trust__institution_skepticism,negpos,positive,0.9982395569484854,0.0007427915053329806,28,2800,0.998309112712163
Qwen2.5-1.5B-Instruct,ideology,ideology__institution_trust__institution_skepticism,posneg,negative,0.9983829577869902,0.0006818594421847121,28,2800,0.998309112712163
Qwen2.5-1.5B-Instruct,ideology,ideology__institution_trust__institution_skepticism,posneg,positive,0.9982312010678746,0.0007434188984149632,28,2800,0.998309112712163
Qwen2.5-1.5B-Instruct,ideology,ideology__institutional_solutions__market_solutions,negpos,negative,0.998323231574941,0.0007103730336715475,28,2800,0.998271318381315
Qwen2.5-1.5B-Instruct,ideology,ideology__institutional_solutions__market_solutions,negpos,positive,0.9982088275710511,0.0007420748227989499,28,2800,0.998271318381315
Qwen2.5-1.5B-Instruct,ideology,ideology__institutional_solutions__market_solutions,posneg,negative,0.9983179145188871,0.0006984644789714295,28,2800,0.998271318381315
Qwen2.5-1.5B-Instruct,ideology,ideology__institutional_solutions__market_solutions,posneg,positive,0.9982352998603811,0.0007083481766235046,28,2800,0.998271318381315
Qwen2.5-1.5B-Instruct,ideology,ideology__law_and_order__reform_priority,negpos,negative,0.9983384529934065,0.0006939590982638119,28,2800,0.9982747847387441
Qwen2.5-1.5B-Instruct,ideology,ideology__law_and_order__reform_priority,negpos,positive,0.9981462506615364,0.0007651813702798389,28,2800,0.9982747847387441
Qwen2.5-1.5B-Instruct,ideology,ideology__law_and_order__reform_priority,posneg,negative,0.9983770319716759,0.0006662318672287231,28,2800,0.9982747847387441
Qwen2.5-1.5B-Instruct,ideology,ideology__law_and_order__reform_priority,posneg,positive,0.9982374033283576,0.0007267902638189891,28,2800,0.9982747847387441
Qwen2.5-1.5B-Instruct,ideology,ideology__long_term_stability__rapid_innovation,negpos,negative,0.998364783142023,0.0006710939666625804,28,2800,0.9982975509644942
Qwen2.5-1.5B-Instruct,ideology,ideology__long_term_stability__rapid_innovation,negpos,positive,0.9982154234277109,0.0007340186559705411,28,2800,0.9982975509644942
Qwen2.5-1.5B-Instruct,ideology,ideology__long_term_stability__rapid_innovation,posneg,negative,0.9983662388267194,0.0006850285795102093,28,2800,0.9982975509644942
Qwen2.5-1.5B-Instruct,ideology,ideology__long_term_stability__rapid_innovation,posneg,positive,0.9982437584615236,0.0007295053492059689,28,2800,0.9982975509644942
Qwen2.5-1.5B-Instruct,ideology,ideology__national_priority__global_priority,negpos,negative,0.9983668403896603,0.0006753818668422848,28,2800,0.9983165435643856
Qwen2.5-1.5B-Instruct,ideology,ideology__national_priority__global_priority,negpos,positive,0.9982455382768006,0.0007625204384672469,28,2800,0.9983165435643856
Qwen2.5-1.5B-Instruct,ideology,ideology__national_priority__global_priority,posneg,negative,0.998369031809058,0.0006785347173186996,28,2800,0.9983165435643856
Qwen2.5-1.5B-Instruct,ideology,ideology__national_priority__global_priority,posneg,positive,0.9982847637820236,0.0007393666165592428,28,2800,0.9983165435643856
Qwen2.5-1.5B-Instruct,ideology,ideology__policy_gradualism__policy_radicalism,negpos,negative,0.9982786284626026,0.0006791843265520023,28,2800,0.9982576888858684
Qwen2.5-1.5B-Instruct,ideology,ideology__policy_gradualism__policy_radicalism,negpos,positive,0.9982481716663499,0.0007472224200980504,28,2800,0.9982576888858684
Qwen2.5-1.5B-Instruct,ideology,ideology__policy_gradualism__policy_radicalism,posneg,negative,0.9982531784653654,0.0007066064260932005,28,2800,0.9982576888858684
Qwen2.5-1.5B-Instruct,ideology,ideology__policy_gradualism__policy_radicalism,posneg,positive,0.9982507769491556,0.0007371023583543386,28,2800,0.9982576888858684
Qwen2.5-1.5B-Instruct,ideology,ideology__precautionary_principle__innovation_principle,negpos,negative,0.9983367778000537,0.0007041681603199339,28,2800,0.9983051712261982
Qwen2.5-1.5B-Instruct,ideology,ideology__precautionary_principle__innovation_principle,negpos,positive,0.9982911136491666,0.000699740696849944,28,2800,0.9983051712261982
Qwen2.5-1.5B-Instruct,ideology,ideology__precautionary_principle__innovation_principle,posneg,negative,0.9983130692801497,0.0007146584053911679,28,2800,0.9983051712261982
Qwen2.5-1.5B-Instruct,ideology,ideology__precautionary_principle__innovation_principle,posneg,positive,0.9982797241754228,0.0006954178494102445,28,2800,0.9983051712261982
Qwen2.5-1.5B-Instruct,ideology,ideology__precautionary_regulation__innovation_deregulation,negpos,negative,0.9983808540137116,0.0006703584671508609,28,2800,0.998277328722637
Qwen2.5-1.5B-Instruct,ideology,ideology__precautionary_regulation__innovation_deregulation,negpos,positive,0.9982121673872204,0.0007271630994745939,28,2800,0.998277328722637
Qwen2.5-1.5B-Instruct,ideology,ideology__precautionary_regulation__innovation_deregulation,posneg,negative,0.9983366004606818,0.0006907487404216118,28,2800,0.998277328722637
Qwen2.5-1.5B-Instruct,ideology,ideology__precautionary_regulation__innovation_deregulation,posneg,positive,0.998179693028934,0.00072276110604669,28,2800,0.998277328722637
Qwen2.5-1.5B-Instruct,ideology,ideology__privacy_priority__surveillance_acceptance,negpos,negative,0.9984041489610994,0.00064866838196984,28,2800,0.9983065038243883
Qwen2.5-1.5B-Instruct,ideology,ideology__privacy_priority__surveillance_acceptance,negpos,positive,0.9982283348564369,0.0007426424886429141,28,2800,0.9983065038243883
Qwen2.5-1.5B-Instruct,ideology,ideology__privacy_priority__surveillance_acceptance,posneg,negative,0.9983705497895953,0.0006694964739194248,28,2800,0.9983065038243883
Qwen2.5-1.5B-Instruct,ideology,ideology__privacy_priority__surveillance_acceptance,posneg,positive,0.9982229816904216,0.0007423046296519458,28,2800,0.9983065038243883
Qwen2.5-1.5B-Instruct,ideology,ideology__protectionism__free_trade,negpos,negative,0.9982031095227912,0.0007305473296970857,28,2800,0.9981706766128506
Qwen2.5-1.5B-Instruct,ideology,ideology__protectionism__free_trade,negpos,positive,0.9981383592162967,0.000769999592332696,28,2800,0.9981706766128506
Qwen2.5-1.5B-Instruct,ideology,ideology__protectionism__free_trade,posneg,negative,0.9982004417081941,0.000750004726253906,28,2800,0.9981706766128506
Qwen2.5-1.5B-Instruct,ideology,ideology__protectionism__free_trade,posneg,positive,0.9981407960041206,0.0007641632790358931,28,2800,0.9981706766128506
Qwen2.5-1.5B-Instruct,ideology,ideology__public_health_priority__economic_activity_priority,negpos,negative,0.9983557883283806,0.0006891347680915457,28,2800,0.99828722712501
Qwen2.5-1.5B-Instruct,ideology,ideology__public_health_priority__economic_activity_priority,negpos,positive,0.9982339334691476,0.000737816757034626,28,2800,0.99828722712501
Qwen2.5-1.5B-Instruct,ideology,ideology__public_health_priority__economic_activity_priority,posneg,negative,0.9983051433826386,0.0006939884697153492,28,2800,0.99828722712501
Qwen2.5-1.5B-Instruct,ideology,ideology__public_health_priority__economic_activity_priority,posneg,positive,0.9982540433198729,0.000700640054580939,28,2800,0.99828722712501
Qwen2.5-1.5B-Instruct,ideology,ideology__public_interest__private_interest,negpos,negative,0.9982054055957271,0.0007540730528761551,28,2800,0.9981669460813674
Qwen2.5-1.5B-Instruct,ideology,ideology__public_interest__private_interest,negpos,positive,0.9981118125758643,0.0008253720373921177,28,2800,0.9981669460813674
Qwen2.5-1.5B-Instruct,ideology,ideology__public_interest__private_interest,posneg,negative,0.9982006734092735,0.0007372600839294238,28,2800,0.9981669460813674
Qwen2.5-1.5B-Instruct,ideology,ideology__public_interest__private_interest,posneg,positive,0.9981498927446042,0.0007952041487288405,28,2800,0.9981669460813674
Qwen2.5-1.5B-Instruct,ideology,ideology__public_sector_priority__private_sector_priority,negpos,negative,0.9983471406696108,0.0006895571805308851,28,2800,0.998285148601896
Qwen2.5-1.5B-Instruct,ideology,ideology__public_sector_priority__private_sector_priority,negpos,positive,0.9982083926575112,0.0007602358869615297,28,2800,0.998285148601896
Qwen2.5-1.5B-Instruct,ideology,ideology__public_sector_priority__private_sector_priority,posneg,negative,0.9983424849326115,0.0006765009540943156,28,2800,0.998285148601896
Qwen2.5-1.5B-Instruct,ideology,ideology__public_sector_priority__private_sector_priority,posneg,positive,0.9982425761478507,0.0007341278738914807,28,2800,0.998285148601896
Qwen2.5-1.5B-Instruct,ideology,ideology__punishment_oriented__rehabilitation_oriented,negpos,negative,0.998233541145537,0.0007127402320821909,28,2800,0.9981827192238057
Qwen2.5-1.5B-Instruct,ideology,ideology__punishment_oriented__rehabilitation_oriented,negpos,positive,0.9981288973819334,0.0007844925147037798,28,2800,0.9981827192238057
Qwen2.5-1.5B-Instruct,ideology,ideology__punishment_oriented__rehabilitation_oriented,posneg,negative,0.998226952080495,0.0007147139694163949,28,2800,0.9981827192238057
Qwen2.5-1.5B-Instruct,ideology,ideology__punishment_oriented__rehabilitation_oriented,posneg,positive,0.9981414862872579,0.0007653628534895293,28,2800,0.9981827192238057
Qwen2.5-1.5B-Instruct,ideology,ideology__redistribution__wealth_concentration_acceptance,negpos,negative,0.9983340424962241,0.0006763012560096029,28,2800,0.998148667283971
Qwen2.5-1.5B-Instruct,ideology,ideology__redistribution__wealth_concentration_acceptance,negpos,positive,0.9979695083828724,0.000809420235974621,28,2800,0.998148667283971
Qwen2.5-1.5B-Instruct,ideology,ideology__redistribution__wealth_concentration_acceptance,posneg,negative,0.998368520515872,0.0006688843137039643,28,2800,0.998148667283971
Qwen2.5-1.5B-Instruct,ideology,ideology__redistribution__wealth_concentration_acceptance,posneg,positive,0.9979225977409157,0.0007923449845647042,28,2800,0.998148667283971
Qwen2.5-1.5B-Instruct,ideology,ideology__redistribution_supporting__market_outcome_supporting,negpos,negative,0.9983582202776339,0.000670995797753061,28,2800,0.9982571953575634
Qwen2.5-1.5B-Instruct,ideology,ideology__redistribution_supporting__market_outcome_supporting,negpos,positive,0.99817976417782,0.0007389385754140988,28,2800,0.9982571953575634
Qwen2.5-1.5B-Instruct,ideology,ideology__redistribution_supporting__market_outcome_supporting,posneg,negative,0.9983242485777349,0.0006873151314744452,28,2800,0.9982571953575634
Qwen2.5-1.5B-Instruct,ideology,ideology__redistribution_supporting__market_outcome_supporting,posneg,positive,0.998166548397065,0.0007290824243721662,28,2800,0.9982571953575634
Qwen2.5-1.5B-Instruct,ideology,ideology__regulation_of_technology__tech_self_governance,negpos,negative,0.9983412950290799,0.0007050274572617573,28,2800,0.9982750954189503
Qwen2.5-1.5B-Instruct,ideology,ideology__regulation_of_technology__tech_self_governance,negpos,positive,0.9982152538108781,0.0007342742029440209,28,2800,0.9982750954189503
Qwen2.5-1.5B-Instruct,ideology,ideology__regulation_of_technology__tech_self_governance,posneg,negative,0.9983233620656001,0.000743772878174313,28,2800,0.9982750954189503
Qwen2.5-1.5B-Instruct,ideology,ideology__regulation_of_technology__tech_self_governance,posneg,positive,0.9982204707702433,0.0007301555235083334,28,2800,0.9982750954189503
Qwen2.5-1.5B-Instruct,ideology,ideology__regulation_supporting__deregulation_supporting,negpos,negative,0.9983737167288854,0.0006724735443779247,28,2800,0.9982775165583482
Qwen2.5-1.5B-Instruct,ideology,ideology__regulation_supporting__deregulation_supporting,negpos,positive,0.9981647828674051,0.0007910220809257827,28,2800,0.9982775165583482
Qwen2.5-1.5B-Instruct,ideology,ideology__regulation_supporting__deregulation_supporting,posneg,negative,0.9983732374591044,0.00066359041567634,28,2800,0.9982775165583482
Qwen2.5-1.5B-Instruct,ideology,ideology__regulation_supporting__deregulation_supporting,posneg,positive,0.9981983291779976,0.0007626479570989522,28,2800,0.9982775165583482
Qwen2.5-1.5B-Instruct,ideology,ideology__regulatory_caution__entrepreneurial_freedom,negpos,negative,0.9984221794795081,0.0006441096108718951,28,2800,0.9983030603225194
Qwen2.5-1.5B-Instruct,ideology,ideology__regulatory_caution__entrepreneurial_freedom,negpos,positive,0.9982118106028349,0.0007536140262499419,28,2800,0.9983030603225194
Qwen2.5-1.5B-Instruct,ideology,ideology__regulatory_caution__entrepreneurial_freedom,posneg,negative,0.9983778167729873,0.0006786584820767171,28,2800,0.9983030603225194
Qwen2.5-1.5B-Instruct,ideology,ideology__regulatory_caution__entrepreneurial_freedom,posneg,positive,0.9982004344347472,0.0007771319104081144,28,2800,0.9983030603225194
Qwen2.5-1.5B-Instruct,ideology,ideology__resource_conservation__resource_utilization,negpos,negative,0.9983441911687848,0.0007000496000008305,28,2800,0.9983009448831238
Qwen2.5-1.5B-Instruct,ideology,ideology__resource_conservation__resource_utilization,negpos,positive,0.9982412452869541,0.0007355663008497296,28,2800,0.9983009448831238
Qwen2.5-1.5B-Instruct,ideology,ideology__resource_conservation__resource_utilization,posneg,negative,0.9983582860151687,0.0006875679530867011,28,2800,0.9983009448831238
Qwen2.5-1.5B-Instruct,ideology,ideology__resource_conservation__resource_utilization,posneg,positive,0.9982600570615875,0.0007251470397500229,28,2800,0.9983009448831238
Qwen2.5-1.5B-Instruct,ideology,ideology__risk_averse__risk_seeking,negpos,negative,0.9983210803466338,0.0007111939056863377,28,2800,0.9982746579434705
Qwen2.5-1.5B-Instruct,ideology,ideology__risk_averse__risk_seeking,negpos,positive,0.9982253992356657,0.0007543121846751079,28,2800,0.9982746579434705
Qwen2.5-1.5B-Instruct,ideology,ideology__risk_averse__risk_seeking,posneg,negative,0.9983026129748042,0.0007193184814216139,28,2800,0.9982746579434705
Qwen2.5-1.5B-Instruct,ideology,ideology__risk_averse__risk_seeking,posneg,positive,0.9982495392167782,0.0007534806980081341,28,2800,0.9982746579434705
Qwen2.5-1.5B-Instruct,ideology,ideology__security_priority__freedom_priority,negpos,negative,0.9983995854649569,0.0006846962197799218,28,2800,0.9983103927015268
Qwen2.5-1.5B-Instruct,ideology,ideology__security_priority__freedom_priority,negpos,positive,0.9982488504440411,0.0007558176081403539,28,2800,0.9983103927015268
Qwen2.5-1.5B-Instruct,ideology,ideology__security_priority__freedom_priority,posneg,negative,0.9983463825761458,0.0007068594362608295,28,2800,0.9983103927015268
Qwen2.5-1.5B-Instruct,ideology,ideology__security_priority__freedom_priority,posneg,positive,0.9982467523209634,0.0007422368682859863,28,2800,0.9983103927015268
Qwen2.5-1.5B-Instruct,ideology,ideology__social_cohesion__individual_autonomy,negpos,negative,0.9983885263123398,0.0006748662212947117,28,2800,0.9983275937932932
Qwen2.5-1.5B-Instruct,ideology,ideology__social_cohesion__individual_autonomy,negpos,positive,0.99823751039781,0.0007390689421584327,28,2800,0.9983275937932932
Qwen2.5-1.5B-Instruct,ideology,ideology__social_cohesion__individual_autonomy,posneg,negative,0.9983997980529542,0.0006734040145633969,28,2800,0.9983275937932932
Qwen2.5-1.5B-Instruct,ideology,ideology__social_cohesion__individual_autonomy,posneg,positive,0.9982845404100686,0.000709919751728982,28,2800,0.9983275937932932
Qwen2.5-1.5B-Instruct,ideology,ideology__social_equality__outcome_inequality_acceptance,negpos,negative,0.9983536865799254,0.0006726914532714212,28,2800,0.998208500199508
Qwen2.5-1.5B-Instruct,ideology,ideology__social_equality__outcome_inequality_acceptance,negpos,positive,0.9980525791001933,0.0007825526359402357,28,2800,0.998208500199508
Qwen2.5-1.5B-Instruct,ideology,ideology__social_equality__outcome_inequality_acceptance,posneg,negative,0.9983370861578585,0.0006767831628600803,28,2800,0.998208500199508
Qwen2.5-1.5B-Instruct,ideology,ideology__social_equality__outcome_inequality_acceptance,posneg,positive,0.9980906489600547,0.0007553892375864688,28,2800,0.998208500199508
Qwen2.5-1.5B-Instruct,ideology,ideology__social_safety_net__minimal_welfare,negpos,negative,0.998297916249987,0.0007057086616680096,28,2800,0.9982821021046907
Qwen2.5-1.5B-Instruct,ideology,ideology__social_safety_net__minimal_welfare,negpos,positive,0.9982599216693702,0.0007061627101711793,28,2800,0.9982821021046907
Qwen2.5-1.5B-Instruct,ideology,ideology__social_safety_net__minimal_welfare,posneg,negative,0.9982846504516225,0.0007074656342417318,28,2800,0.9982821021046907
Qwen2.5-1.5B-Instruct,ideology,ideology__social_safety_net__minimal_welfare,posneg,positive,0.9982859200477833,0.0006841670200226686,28,2800,0.9982821021046907
Qwen2.5-1.5B-Instruct,ideology,ideology__social_stability__disruptive_change,negpos,negative,0.998317261835347,0.0006952624183597558,28,2800,0.9982648536857465
Qwen2.5-1.5B-Instruct,ideology,ideology__social_stability__disruptive_change,negpos,positive,0.9982043297140363,0.0007929700788340748,28,2800,0.9982648536857465
Qwen2.5-1.5B-Instruct,ideology,ideology__social_stability__disruptive_change,posneg,negative,0.9983187435765625,0.0006941264183247688,28,2800,0.9982648536857465
Qwen2.5-1.5B-Instruct,ideology,ideology__social_stability__disruptive_change,posneg,positive,0.9982190796170402,0.0007602994367688024,28,2800,0.9982648536857465
Qwen2.5-1.5B-Instruct,ideology,ideology__strict_regulation__flexible_regulation,negpos,negative,0.9983408449665889,0.0006686143141377703,28,2800,0.9982589169286514
Qwen2.5-1.5B-Instruct,ideology,ideology__strict_regulation__flexible_regulation,negpos,positive,0.9981807138982104,0.0007457243959195836,28,2800,0.9982589169286514
Qwen2.5-1.5B-Instruct,ideology,ideology__strict_regulation__flexible_regulation,posneg,negative,0.9983386360000743,0.0006899256764913263,28,2800,0.9982589169286514
Qwen2.5-1.5B-Instruct,ideology,ideology__strict_regulation__flexible_regulation,posneg,positive,0.9981754728497322,0.0007585656029892606,28,2800,0.9982589169286514
Qwen2.5-1.5B-Instruct,ideology,ideology__tradition_priority__progress_priority,negpos,negative,0.9983651584902546,0.0006978550780467212,28,2800,0.9983000245854985
Qwen2.5-1.5B-Instruct,ideology,ideology__tradition_priority__progress_priority,negpos,positive,0.99824081097048,0.0007606288316457593,28,2800,0.9983000245854985
Qwen2.5-1.5B-Instruct,ideology,ideology__tradition_priority__progress_priority,posneg,negative,0.9983411992866938,0.0007112922589567561,28,2800,0.9983000245854985
Qwen2.5-1.5B-Instruct,ideology,ideology__tradition_priority__progress_priority,posneg,positive,0.9982529295945657,0.0007515319206805206,28,2800,0.9983000245854985
Qwen2.5-1.5B-Instruct,ideology,ideology__universal_policy__targeted_policy,negpos,negative,0.9981834654583717,0.000730335852823416,28,2800,0.9981278172136293
Qwen2.5-1.5B-Instruct,ideology,ideology__universal_policy__targeted_policy,negpos,positive,0.9980867574712712,0.0008106840941358891,28,2800,0.9981278172136293
Qwen2.5-1.5B-Instruct,ideology,ideology__universal_policy__targeted_policy,posneg,negative,0.9981608274672461,0.0007509349222365388,28,2800,0.9981278172136293
Qwen2.5-1.5B-Instruct,ideology,ideology__universal_policy__targeted_policy,posneg,positive,0.9980802184576282,0.000816504443121766,28,2800,0.9981278172136293
Qwen2.5-1.5B-Instruct,ideology,ideology__urban_development__environmental_preservation,negpos,negative,0.9983462529493171,0.0006658776603727188,28,2800,0.9982591256004805
Qwen2.5-1.5B-Instruct,ideology,ideology__urban_development__environmental_preservation,negpos,positive,0.9981992264039367,0.0007578968940397811,28,2800,0.9982591256004805
Qwen2.5-1.5B-Instruct,ideology,ideology__urban_development__environmental_preservation,posneg,negative,0.9983090777015968,0.0006929707371031395,28,2800,0.9982591256004805
Qwen2.5-1.5B-Instruct,ideology,ideology__urban_development__environmental_preservation,posneg,positive,0.9981819453470715,0.0007595618016309231,28,2800,0.9982591256004805
Qwen2.5-1.5B-Instruct,ideology,ideology__welfare_expansion__fiscal_restraint,negpos,negative,0.9983570281429096,0.000656734414587314,28,2800,0.9982872611078165
Qwen2.5-1.5B-Instruct,ideology,ideology__welfare_expansion__fiscal_restraint,negpos,positive,0.9982051125202716,0.0007119940522312829,28,2800,0.9982872611078165
Qwen2.5-1.5B-Instruct,ideology,ideology__welfare_expansion__fiscal_restraint,posneg,negative,0.9983724896604327,0.0006750908529568447,28,2800,0.9982872611078165
Qwen2.5-1.5B-Instruct,ideology,ideology__welfare_expansion__fiscal_restraint,posneg,positive,0.9982144141076522,0.0007130177094684479,28,2800,0.9982872611078165
Qwen2.5-1.5B-Instruct,linguistic_style,linguistic_style__abstract_wording__concrete_wording,negpos,negative,0.998010728339343,0.0008496668924215363,28,2800,0.9979575279981818
Qwen2.5-1.5B-Instruct,linguistic_style,linguistic_style__abstract_wording__concrete_wording,negpos,positive,0.9979184348240071,0.0008885088422027075,28,2800,0.9979575279981818
Qwen2.5-1.5B-Instruct,linguistic_style,linguistic_style__abstract_wording__concrete_wording,posneg,negative,0.9979690377291323,0.0008563255080440226,28,2800,0.9979575279981818
Qwen2.5-1.5B-Instruct,linguistic_style,linguistic_style__abstract_wording__concrete_wording,posneg,positive,0.9979319111002452,0.0008774503338933509,28,2800,0.9979575279981818
Qwen2.5-1.5B-Instruct,linguistic_style,linguistic_style__academic_style__everyday_style,negpos,negative,0.9975313801538982,0.0010726614278774632,28,2800,0.9976260397536194
Qwen2.5-1.5B-Instruct,linguistic_style,linguistic_style__academic_style__everyday_style,negpos,positive,0.997556658812414,0.0009579129337245484,28,2800,0.9976260397536194
Qwen2.5-1.5B-Instruct,linguistic_style,linguistic_style__academic_style__everyday_style,posneg,negative,0.9976660040773394,0.0009089580947464331,28,2800,0.9976260397536194
Qwen2.5-1.5B-Instruct,linguistic_style,linguistic_style__academic_style__everyday_style,posneg,positive,0.997750115970826,0.0008207616531035951,28,2800,0.9976260397536194
Qwen2.5-1.5B-Instruct,linguistic_style,linguistic_style__analytic_presentation__descriptive_presentation,negpos,negative,0.9980265999132076,0.0007954575944566208,28,2800,0.9980398134857978
Qwen2.5-1.5B-Instruct,linguistic_style,linguistic_style__analytic_presentation__descriptive_presentation,negpos,positive,0.9980024688107554,0.0007745753226167971,28,2800,0.9980398134857978
Qwen2.5-1.5B-Instruct,linguistic_style,linguistic_style__analytic_presentation__descriptive_presentation,posneg,negative,0.9980235685665105,0.0008324723878941359,28,2800,0.9980398134857978
Qwen2.5-1.5B-Instruct,linguistic_style,linguistic_style__analytic_presentation__descriptive_presentation,posneg,positive,0.9981066166527179,0.0007878103369632282,28,2800,0.9980398134857978
Qwen2.5-1.5B-Instruct,linguistic_style,linguistic_style__basic_vocabulary__advanced_vocabulary,negpos,negative,0.9981831479639192,0.0006974934206247747,28,2800,0.9980665694811226
Qwen2.5-1.5B-Instruct,linguistic_style,linguistic_style__basic_vocabulary__advanced_vocabulary,negpos,positive,0.9980192692503629,0.0009279003793461275,28,2800,0.9980665694811226
Qwen2.5-1.5B-Instruct,linguistic_style,linguistic_style__basic_vocabulary__advanced_vocabulary,posneg,negative,0.9980666273242251,0.0007352889654996425,28,2800,0.9980665694811226
Qwen2.5-1.5B-Instruct,linguistic_style,linguistic_style__basic_vocabulary__advanced_vocabulary,posneg,positive,0.9979972333859833,0.0009999964854249504,28,2800,0.9980665694811226
Qwen2.5-1.5B-Instruct,linguistic_style,linguistic_style__brief__elaborate,negpos,negative,0.9977288542048063,0.0008018716170040574,28,2800,0.9977324448925418
Qwen2.5-1.5B-Instruct,linguistic_style,linguistic_style__brief__elaborate,negpos,positive,0.9977933395341517,0.0007972162115325615,28,2800,0.9977324448925418
Qwen2.5-1.5B-Instruct,linguistic_style,linguistic_style__brief__elaborate,posneg,negative,0.9976595630261919,0.0007973193277336314,28,2800,0.9977324448925418
Qwen2.5-1.5B-Instruct,linguistic_style,linguistic_style__brief__elaborate,posneg,positive,0.9977480228050174,0.0007695713749595899,28,2800,0.9977324448925418
Qwen2.5-1.5B-Instruct,linguistic_style,linguistic_style__bullet_point_style__paragraph_style,negpos,negative,0.9979423733769882,0.0007590305876886681,28,2800,0.9979646544202833
Qwen2.5-1.5B-Instruct,linguistic_style,linguistic_style__bullet_point_style__paragraph_style,negpos,positive,0.9980099781889981,0.0007717189826266115,28,2800,0.9979646544202833
Qwen2.5-1.5B-Instruct,linguistic_style,linguistic_style__bullet_point_style__paragraph_style,posneg,negative,0.9978287521893153,0.0007647383792927136,28,2800,0.9979646544202833
Qwen2.5-1.5B-Instruct,linguistic_style,linguistic_style__bullet_point_style__paragraph_style,posneg,positive,0.9980775139258314,0.00074785716282547,28,2800,0.9979646544202833
Qwen2.5-1.5B-Instruct,linguistic_style,linguistic_style__compact__expansive,negpos,negative,0.9979854111144532,0.0007263228025609204,28,2800,0.9979554350692357
Qwen2.5-1.5B-Instruct,linguistic_style,linguistic_style__compact__expansive,negpos,positive,0.9979387368609942,0.0007349262215687221,28,2800,0.9979554350692357
Qwen2.5-1.5B-Instruct,linguistic_style,linguistic_style__compact__expansive,posneg,negative,0.9979606907415113,0.0007060504554605401,28,2800,0.9979554350692357
Qwen2.5-1.5B-Instruct,linguistic_style,linguistic_style__compact__expansive,posneg,positive,0.9979369015599842,0.0007311405689860407,28,2800,0.9979554350692357
Qwen2.5-1.5B-Instruct,linguistic_style,linguistic_style__compressed_explanation__expanded_explanation,negpos,negative,0.9978471319279093,0.0007933059021321034,28,2800,0.9978298596653774
Qwen2.5-1.5B-Instruct,linguistic_style,linguistic_style__compressed_explanation__expanded_explanation,negpos,positive,0.9977221896548449,0.0009154366542118998,28,2800,0.9978298596653774
Qwen2.5-1.5B-Instruct,linguistic_style,linguistic_style__compressed_explanation__expanded_explanation,posneg,negative,0.9978999625209621,0.0007761152975086544,28,2800,0.9978298596653774
Qwen2.5-1.5B-Instruct,linguistic_style,linguistic_style__compressed_explanation__expanded_explanation,posneg,positive,0.9978501545577932,0.0008605577986189245,28,2800,0.9978298596653774
Qwen2.5-1.5B-Instruct,linguistic_style,linguistic_style__compressed_syntax__expanded_syntax,negpos,negative,0.9980000069204392,0.0007430724501674309,28,2800,0.997892060775116
Qwen2.5-1.5B-Instruct,linguistic_style,linguistic_style__compressed_syntax__expanded_syntax,negpos,positive,0.9977916415113363,0.0010019855188431132,28,2800,0.997892060775116
Qwen2.5-1.5B-Instruct,linguistic_style,linguistic_style__compressed_syntax__expanded_syntax,posneg,negative,0.9978636779633375,0.0007654855853406712,28,2800,0.997892060775116
Qwen2.5-1.5B-Instruct,linguistic_style,linguistic_style__compressed_syntax__expanded_syntax,posneg,positive,0.9979129167053513,0.0009381108215930587,28,2800,0.997892060775116
Qwen2.5-1.5B-Instruct,linguistic_style,linguistic_style__conceptual_explanation__illustrative_explanation,negpos,negative,0.9981783282640222,0.000697042960870565,28,2800,0.9980879917070428
Qwen2.5-1.5B-Instruct,linguistic_style,linguistic_style__conceptual_explanation__illustrative_explanation,negpos,positive,0.9980425259060387,0.0008004315604318475,28,2800,0.9980879917070428
Qwen2.5-1.5B-Instruct,linguistic_style,linguistic_style__conceptual_explanation__illustrative_explanation,posneg,negative,0.9981008007985827,0.0007117454963943135,28,2800,0.9980879917070428
Qwen2.5-1.5B-Instruct,linguistic_style,linguistic_style__conceptual_explanation__illustrative_explanation,posneg,positive,0.9980303118595275,0.0007637294753739097,28,2800,0.9980879917070428
Qwen2.5-1.5B-Instruct,linguistic_style,linguistic_style__concise__verbose,negpos,negative,0.9979054073327517,0.0007469950952961179,28,2800,0.9977449039545943
Qwen2.5-1.5B-Instruct,linguistic_style,linguistic_style__concise__verbose,negpos,positive,0.9975855383888853,0.0009811199419070065,28,2800,0.9977449039545943
Qwen2.5-1.5B-Instruct,linguistic_style,linguistic_style__concise__verbose,posneg,negative,0.9977375658068486,0.000723030528781697,28,2800,0.9977449039545943
Qwen2.5-1.5B-Instruct,linguistic_style,linguistic_style__concise__verbose,posneg,positive,0.9977511042898912,0.0008204566964055329,28,2800,0.9977449039545943
Qwen2.5-1.5B-Instruct,linguistic_style,linguistic_style__condensed_expression__extended_expression,negpos,negative,0.9977966260537204,0.0008402214261005201,28,2800,0.9976701704925344
Qwen2.5-1.5B-Instruct,linguistic_style,linguistic_style__condensed_expression__extended_expression,negpos,positive,0.9976744252627253,0.0012697916992478865,28,2800,0.9976701704925344
Qwen2.5-1.5B-Instruct,linguistic_style,linguistic_style__condensed_expression__extended_expression,posneg,negative,0.9976275367786396,0.0009623741411536406,28,2800,0.9976701704925344
Qwen2.5-1.5B-Instruct,linguistic_style,linguistic_style__condensed_expression__extended_expression,posneg,positive,0.9975820938750519,0.001261041447324024,28,2800,0.9976701704925344
Qwen2.5-1.5B-Instruct,linguistic_style,linguistic_style__definition_first__example_first,negpos,negative,0.9979341386478116,0.0008046374542091433,28,2800,0.9979481362480349
Qwen2.5-1.5B-Instruct,linguistic_style,linguistic_style__definition_first__example_first,negpos,positive,0.9979875933537182,0.0008406407507481256,28,2800,0.9979481362480349
Qwen2.5-1.5B-Instruct,linguistic_style,linguistic_style__definition_first__example_first,posneg,negative,0.9978555119681894,0.000819587519299581,28,2800,0.9979481362480349
Qwen2.5-1.5B-Instruct,linguistic_style,linguistic_style__definition_first__example_first,posneg,positive,0.9980153010224205,0.0008255012575853818,28,2800,0.9979481362480349
Qwen2.5-1.5B-Instruct,linguistic_style,linguistic_style__dense_information__sparse_information,negpos,negative,0.998114984370855,0.0007354208983463024,28,2800,0.9980118023285314
Qwen2.5-1.5B-Instruct,linguistic_style,linguistic_style__dense_information__sparse_information,negpos,positive,0.9979191306388886,0.0006960334078802101,28,2800,0.9980118023285314
Qwen2.5-1.5B-Instruct,linguistic_style,linguistic_style__dense_information__sparse_information,posneg,negative,0.9979139950700918,0.0009144775648251261,28,2800,0.9980118023285314
Qwen2.5-1.5B-Instruct,linguistic_style,linguistic_style__dense_information__sparse_information,posneg,positive,0.99809909923429,0.0007525856080014108,28,2800,0.9980118023285314
Qwen2.5-1.5B-Instruct,linguistic_style,linguistic_style__diagrammatic_description__narrative_description,negpos,negative,0.9978944238417293,0.0008766571225071637,28,2800,0.9979364385298732
Qwen2.5-1.5B-Instruct,linguistic_style,linguistic_style__diagrammatic_description__narrative_description,negpos,positive,0.9978684752001007,0.0008558365887705,28,2800,0.9979364385298732
Qwen2.5-1.5B-Instruct,linguistic_style,linguistic_style__diagrammatic_description__narrative_description,posneg,negative,0.9979031376650672,0.0008775708830247839,28,2800,0.9979364385298732
Qwen2.5-1.5B-Instruct,linguistic_style,linguistic_style__diagrammatic_description__narrative_description,posneg,positive,0.9980797174125955,0.0008004205388681525,28,2800,0.9979364385298732
Qwen2.5-1.5B-Instruct,linguistic_style,linguistic_style__direct_phrasing__circumlocutory_phrasing,negpos,negative,0.9982798211043368,0.0006430678666133926,28,2800,0.9978610875321862
Qwen2.5-1.5B-Instruct,linguistic_style,linguistic_style__direct_phrasing__circumlocutory_phrasing,negpos,positive,0.9974501151953301,0.0012926709865645801,28,2800,0.9978610875321862
Qwen2.5-1.5B-Instruct,linguistic_style,linguistic_style__direct_phrasing__circumlocutory_phrasing,posneg,negative,0.9980322103975368,0.0006601480118991916,28,2800,0.9978610875321862
Qwen2.5-1.5B-Instruct,linguistic_style,linguistic_style__direct_phrasing__circumlocutory_phrasing,posneg,positive,0.997682203431541,0.0010226402162845417,28,2800,0.9978610875321862
Qwen2.5-1.5B-Instruct,linguistic_style,linguistic_style__economical_wording__descriptive_wording,negpos,negative,0.9980262555969752,0.0007656271906596975,28,2800,0.9979551352573308
Qwen2.5-1.5B-Instruct,linguistic_style,linguistic_style__economical_wording__descriptive_wording,negpos,positive,0.9977932941781071,0.0008846066105286193,28,2800,0.9979551352573308
Qwen2.5-1.5B-Instruct,linguistic_style,linguistic_style__economical_wording__descriptive_wording,posneg,negative,0.9979786316921363,0.0007901290200439921,28,2800,0.9979551352573308
Qwen2.5-1.5B-Instruct,linguistic_style,linguistic_style__economical_wording__descriptive_wording,posneg,positive,0.9980223595621045,0.000877119898018918,28,2800,0.9979551352573308
Qwen2.5-1.5B-Instruct,linguistic_style,linguistic_style__efficient_wording__redundant_wording,negpos,negative,0.997949009523379,0.0006726220461103033,28,2800,0.9979284047589678
Qwen2.5-1.5B-Instruct,linguistic_style,linguistic_style__efficient_wording__redundant_wording,negpos,positive,0.9978749774470493,0.0009196271025674969,28,2800,0.9979284047589678
Qwen2.5-1.5B-Instruct,linguistic_style,linguistic_style__efficient_wording__redundant_wording,posneg,negative,0.9980255469114959,0.0006759064818160112,28,2800,0.9979284047589678
Qwen2.5-1.5B-Instruct,linguistic_style,linguistic_style__efficient_wording__redundant_wording,posneg,positive,0.9978640851539469,0.0009446326307223029,28,2800,0.9979284047589678
Qwen2.5-1.5B-Instruct,linguistic_style,linguistic_style__exact_wording__paraphrastic_wording,negpos,negative,0.9982708427568335,0.0006625887120460414,28,2800,0.997971889126006
Qwen2.5-1.5B-Instruct,linguistic_style,linguistic_style__exact_wording__paraphrastic_wording,negpos,positive,0.9976859442682832,0.0009125721156040023,28,2800,0.997971889126006
Qwen2.5-1.5B-Instruct,linguistic_style,linguistic_style__exact_wording__paraphrastic_wording,posneg,negative,0.998135181719812,0.000666729215161875,28,2800,0.997971889126006
Qwen2.5-1.5B-Instruct,linguistic_style,linguistic_style__exact_wording__paraphrastic_wording,posneg,positive,0.9977955877590953,0.0008569753938848627,28,2800,0.997971889126006
Qwen2.5-1.5B-Instruct,linguistic_style,linguistic_style__explicit_phrasing__implicit_phrasing,negpos,negative,0.9982542178551468,0.000740491821079306,28,2800,0.9981352276751732
Qwen2.5-1.5B-Instruct,linguistic_style,linguistic_style__explicit_phrasing__implicit_phrasing,negpos,positive,0.9979913976831334,0.0007745892444037759,28,2800,0.9981352276751732
Qwen2.5-1.5B-Instruct,linguistic_style,linguistic_style__explicit_phrasing__implicit_phrasing,posneg,negative,0.9982163342687559,0.0007574834480575961,28,2800,0.9981352276751732
Qwen2.5-1.5B-Instruct,linguistic_style,linguistic_style__explicit_phrasing__implicit_phrasing,posneg,positive,0.9980789608936566,0.0007887639601596299,28,2800,0.9981352276751732
Qwen2.5-1.5B-Instruct,linguistic_style,linguistic_style__formal_register__informal_register,negpos,negative,0.9977500503199351,0.0010646588879794703,28,2800,0.9977319982043653
Qwen2.5-1.5B-Instruct,linguistic_style,linguistic_style__formal_register__informal_register,negpos,positive,0.997874789792345,0.000830351859741009,28,2800,0.9977319982043653
Qwen2.5-1.5B-Instruct,linguistic_style,linguistic_style__formal_register__informal_register,posneg,negative,0.9975557723165736,0.0012221469270262068,28,2800,0.9977319982043653
Qwen2.5-1.5B-Instruct,linguistic_style,linguistic_style__formal_register__informal_register,posneg,positive,0.9977473803886076,0.0008824320311504682,28,2800,0.9977319982043653
Qwen2.5-1.5B-Instruct,linguistic_style,linguistic_style__formulaic_structure__free_structure,negpos,negative,0.9979400553142072,0.0008768217381195633,28,2800,0.9979933523227651
Qwen2.5-1.5B-Instruct,linguistic_style,linguistic_style__formulaic_structure__free_structure,negpos,positive,0.9980573751409675,0.0007445484815634449,28,2800,0.9979933523227651
Qwen2.5-1.5B-Instruct,linguistic_style,linguistic_style__formulaic_structure__free_structure,posneg,negative,0.9978935335759063,0.0009027874828428311,28,2800,0.9979933523227651
Qwen2.5-1.5B-Instruct,linguistic_style,linguistic_style__formulaic_structure__free_structure,posneg,positive,0.9980824452599794,0.0007567553035789377,28,2800,0.9979933523227651
Qwen2.5-1.5B-Instruct,linguistic_style,linguistic_style__fully_specified__loosely_specified,negpos,negative,0.9980229934884929,0.0007225608197811748,28,2800,0.9979804528819141
Qwen2.5-1.5B-Instruct,linguistic_style,linguistic_style__fully_specified__loosely_specified,negpos,positive,0.9978949393515869,0.0007913188873635151,28,2800,0.9979804528819141
Qwen2.5-1.5B-Instruct,linguistic_style,linguistic_style__fully_specified__loosely_specified,posneg,negative,0.9980361746258868,0.0007478642909987674,28,2800,0.9979804528819141
Qwen2.5-1.5B-Instruct,linguistic_style,linguistic_style__fully_specified__loosely_specified,posneg,positive,0.9979677040616896,0.0007891262268201946,28,2800,0.9979804528819141
Qwen2.5-1.5B-Instruct,linguistic_style,linguistic_style__generalized_description__instance_based_description,negpos,negative,0.9981581863317306,0.0007311408175506045,28,2800,0.9979422769580281
Qwen2.5-1.5B-Instruct,linguistic_style,linguistic_style__generalized_description__instance_based_description,negpos,positive,0.9977855301534253,0.0008792326877511475,28,2800,0.9979422769580281
Qwen2.5-1.5B-Instruct,linguistic_style,linguistic_style__generalized_description__instance_based_description,posneg,negative,0.9980016460384965,0.0007706417689272696,28,2800,0.9979422769580281
Qwen2.5-1.5B-Instruct,linguistic_style,linguistic_style__generalized_description__instance_based_description,posneg,positive,0.9978237453084599,0.0008662229242771616,28,2800,0.9979422769580281
Qwen2.5-1.5B-Instruct,linguistic_style,linguistic_style__high_information_density__low_information_density,negpos,negative,0.998252705571152,0.000678175102475858,28,2800,0.9981267569245587
Qwen2.5-1.5B-Instruct,linguistic_style,linguistic_style__high_information_density__low_information_density,negpos,positive,0.998164223971702,0.0007327123039665327,28,2800,0.9981267569245587
Qwen2.5-1.5B-Instruct,linguistic_style,linguistic_style__high_information_density__low_information_density,posneg,negative,0.9979884079608153,0.0008133951301737006,28,2800,0.9981267569245587
Qwen2.5-1.5B-Instruct,linguistic_style,linguistic_style__high_information_density__low_information_density,posneg,positive,0.9981016901945651,0.000741774867668879,28,2800,0.9981267569245587
Qwen2.5-1.5B-Instruct,linguistic_style,linguistic_style__information_focused_wording__stylistic_wording,negpos,negative,0.9982773669776777,0.000653313052496316,28,2800,0.9982123753694967
Qwen2.5-1.5B-Instruct,linguistic_style,linguistic_style__information_focused_wording__stylistic_wording,negpos,positive,0.9981056082233678,0.0008227832027635669,28,2800,0.9982123753694967
Qwen2.5-1.5B-Instruct,linguistic_style,linguistic_style__information_focused_wording__stylistic_wording,posneg,negative,0.99827895373701,0.0006462257495877454,28,2800,0.9982123753694967
Qwen2.5-1.5B-Instruct,linguistic_style,linguistic_style__information_focused_wording__stylistic_wording,posneg,positive,0.9981875725399315,0.0007771422615856994,28,2800,0.9982123753694967
Qwen2.5-1.5B-Instruct,linguistic_style,linguistic_style__lean_prose__ornate_prose,negpos,negative,0.9982305757111433,0.0006583416014233447,28,2800,0.9980230144354787
Qwen2.5-1.5B-Instruct,linguistic_style,linguistic_style__lean_prose__ornate_prose,negpos,positive,0.9978250367679814,0.001114723668117949,28,2800,0.9980230144354787
Qwen2.5-1.5B-Instruct,linguistic_style,linguistic_style__lean_prose__ornate_prose,posneg,negative,0.9981137493339454,0.0006676594328498086,28,2800,0.9980230144354787
Qwen2.5-1.5B-Instruct,linguistic_style,linguistic_style__lean_prose__ornate_prose,posneg,positive,0.9979226959288445,0.0009940561117511878,28,2800,0.9980230144354787
Qwen2.5-1.5B-Instruct,linguistic_style,linguistic_style__linear_explanation__digressive_explanation,negpos,negative,0.9981138035373789,0.0006646646913463024,28,2800,0.9979172197863652
Qwen2.5-1.5B-Instruct,linguistic_style,linguistic_style__linear_explanation__digressive_explanation,negpos,positive,0.9977685473444275,0.0010114057063093163,28,2800,0.9979172197863652
Qwen2.5-1.5B-Instruct,linguistic_style,linguistic_style__linear_explanation__digressive_explanation,posneg,negative,0.9979275713592729,0.0006854651408730728,28,2800,0.9979172197863652
Qwen2.5-1.5B-Instruct,linguistic_style,linguistic_style__linear_explanation__digressive_explanation,posneg,positive,0.9978589569043812,0.0008160389500713448,28,2800,0.9979172197863652
Qwen2.5-1.5B-Instruct,linguistic_style,linguistic_style__list_style__discursive_style,negpos,negative,0.998069777530409,0.0007915529469584642,28,2800,0.9979821696133417
Qwen2.5-1.5B-Instruct,linguistic_style,linguistic_style__list_style__discursive_style,negpos,positive,0.9977188846094771,0.000867979193310743,28,2800,0.9979821696133417
Qwen2.5-1.5B-Instruct,linguistic_style,linguistic_style__list_style__discursive_style,posneg,negative,0.9981794592671209,0.0007218405356171675,28,2800,0.9979821696133417
Qwen2.5-1.5B-Instruct,linguistic_style,linguistic_style__list_style__discursive_style,posneg,positive,0.9979605570463598,0.0007276879766007461,28,2800,0.9979821696133417
Qwen2.5-1.5B-Instruct,linguistic_style,linguistic_style__literal_phrasing__figurative_phrasing,negpos,negative,0.9982227796577802,0.0006738198119501863,28,2800,0.9980922323709313
Qwen2.5-1.5B-Instruct,linguistic_style,linguistic_style__literal_phrasing__figurative_phrasing,negpos,positive,0.9979031468499588,0.0006936435492978223,28,2800,0.9980922323709313
Qwen2.5-1.5B-Instruct,linguistic_style,linguistic_style__literal_phrasing__figurative_phrasing,posneg,negative,0.9981742774679336,0.000761311092878848,28,2800,0.9980922323709313
Qwen2.5-1.5B-Instruct,linguistic_style,linguistic_style__literal_phrasing__figurative_phrasing,posneg,positive,0.9980687255080525,0.0007194507404317999,28,2800,0.9980922323709313
Qwen2.5-1.5B-Instruct,linguistic_style,linguistic_style__minimal__extensive,negpos,negative,0.9979186614716805,0.0007059227954732683,28,2800,0.9979430686134224
Qwen2.5-1.5B-Instruct,linguistic_style,linguistic_style__minimal__extensive,negpos,positive,0.9980316408567942,0.0007397746689687778,28,2800,0.9979430686134224
Qwen2.5-1.5B-Instruct,linguistic_style,linguistic_style__minimal__extensive,posneg,negative,0.9978765504394171,0.0007584694336919885,28,2800,0.9979430686134224
Qwen2.5-1.5B-Instruct,linguistic_style,linguistic_style__minimal__extensive,posneg,positive,0.9979454216857979,0.0007067098478981472,28,2800,0.9979430686134224
Qwen2.5-1.5B-Instruct,linguistic_style,linguistic_style__neutral_register__colloquial_register,negpos,negative,0.9982325544855357,0.0007243990738269043,28,2800,0.9980430840851704
Qwen2.5-1.5B-Instruct,linguistic_style,linguistic_style__neutral_register__colloquial_register,negpos,positive,0.9978190285130903,0.0009858061117760425,28,2800,0.9980430840851704
Qwen2.5-1.5B-Instruct,linguistic_style,linguistic_style__neutral_register__colloquial_register,posneg,negative,0.9981484372294444,0.0007446349859973645,28,2800,0.9980430840851704
Qwen2.5-1.5B-Instruct,linguistic_style,linguistic_style__neutral_register__colloquial_register,posneg,positive,0.9979723161126112,0.0008820936963669224,28,2800,0.9980430840851704
Qwen2.5-1.5B-Instruct,linguistic_style,linguistic_style__outline_style__narrative_style,negpos,negative,0.997939585517136,0.0008046812758352645,28,2800,0.9979262861406326
Qwen2.5-1.5B-Instruct,linguistic_style,linguistic_style__outline_style__narrative_style,negpos,positive,0.9979269121541522,0.0007686777564376765,28,2800,0.9979262861406326
Qwen2.5-1.5B-Instruct,linguistic_style,linguistic_style__outline_style__narrative_style,posneg,negative,0.9979121396950881,0.0007898560815968412,28,2800,0.9979262861406326
Qwen2.5-1.5B-Instruct,linguistic_style,linguistic_style__outline_style__narrative_style,posneg,positive,0.997926507196154,0.0007523413221160735,28,2800,0.9979262861406326
Qwen2.5-1.5B-Instruct,linguistic_style,linguistic_style__plain_language__technical_language,negpos,negative,0.9981388497010517,0.0007145119903671891,28,2800,0.9980341727466233
Qwen2.5-1.5B-Instruct,linguistic_style,linguistic_style__plain_language__technical_language,negpos,positive,0.9979011631464453,0.0009406355039518614,28,2800,0.9980341727466233
Qwen2.5-1.5B-Instruct,linguistic_style,linguistic_style__plain_language__technical_language,posneg,negative,0.9980763056559683,0.0007087872670997188,28,2800,0.9980341727466233
Qwen2.5-1.5B-Instruct,linguistic_style,linguistic_style__plain_language__technical_language,posneg,positive,0.9980203724830279,0.0008914237336783752,28,2800,0.9980341727466233
Qwen2.5-1.5B-Instruct,linguistic_style,linguistic_style__precise_wording__approximate_wording,negpos,negative,0.9978873795767413,0.0009366744827628991,28,2800,0.9979043868365307
Qwen2.5-1.5B-Instruct,linguistic_style,linguistic_style__precise_wording__approximate_wording,negpos,positive,0.9977531614564865,0.0010161734913286611,28,2800,0.9979043868365307
Qwen2.5-1.5B-Instruct,linguistic_style,linguistic_style__precise_wording__approximate_wording,posneg,negative,0.9980054020948385,0.0007538642463862397,28,2800,0.9979043868365307
Qwen2.5-1.5B-Instruct,linguistic_style,linguistic_style__precise_wording__approximate_wording,posneg,positive,0.9979716042180566,0.0008388798389986757,28,2800,0.9979043868365307
Qwen2.5-1.5B-Instruct,linguistic_style,linguistic_style__professional_register__conversational_register,negpos,negative,0.9981982714127106,0.0008150773496020313,28,2800,0.9979359813017437
Qwen2.5-1.5B-Instruct,linguistic_style,linguistic_style__professional_register__conversational_register,negpos,positive,0.9976182696405527,0.0010168499944406793,28,2800,0.9979359813017437
Qwen2.5-1.5B-Instruct,linguistic_style,linguistic_style__professional_register__conversational_register,posneg,negative,0.9979423591936866,0.0008252427129135645,28,2800,0.9979359813017437
Qwen2.5-1.5B-Instruct,linguistic_style,linguistic_style__professional_register__conversational_register,posneg,positive,0.9979850249600247,0.0008176328731355454,28,2800,0.9979359813017437
Qwen2.5-1.5B-Instruct,linguistic_style,linguistic_style__short_form__long_form,negpos,negative,0.9979187526842072,0.0006970402384371791,28,2800,0.9977302731980587
Qwen2.5-1.5B-Instruct,linguistic_style,linguistic_style__short_form__long_form,negpos,positive,0.9975269866680184,0.000980491195578707,28,2800,0.9977302731980587
Qwen2.5-1.5B-Instruct,linguistic_style,linguistic_style__short_form__long_form,posneg,negative,0.997773992187146,0.0006985867671906975,28,2800,0.9977302731980587
Qwen2.5-1.5B-Instruct,linguistic_style,linguistic_style__short_form__long_form,posneg,positive,0.9977013612528632,0.0008618444108205597,28,2800,0.9977302731980587
Qwen2.5-1.5B-Instruct,linguistic_style,linguistic_style__simple_wording__sophisticated_wording,negpos,negative,0.9980778115122256,0.0007634484100760663,28,2800,0.9978567673857549
Qwen2.5-1.5B-Instruct,linguistic_style,linguistic_style__simple_wording__sophisticated_wording,negpos,positive,0.9977171026313743,0.00101263806332176,28,2800,0.9978567673857549
Qwen2.5-1.5B-Instruct,linguistic_style,linguistic_style__simple_wording__sophisticated_wording,posneg,negative,0.9978595286296547,0.0008497250968860071,28,2800,0.9978567673857549
Qwen2.5-1.5B-Instruct,linguistic_style,linguistic_style__simple_wording__sophisticated_wording,posneg,positive,0.9977726267697651,0.001071572634318849,28,2800,0.9978567673857549
Qwen2.5-1.5B-Instruct,linguistic_style,linguistic_style__specific_wording__general_wording,negpos,negative,0.9978896758279563,0.0008927720272208729,28,2800,0.9979234785267951
Qwen2.5-1.5B-Instruct,linguistic_style,linguistic_style__specific_wording__general_wording,negpos,positive,0.9980053188008607,0.0008314566270148619,28,2800,0.9979234785267951
Qwen2.5-1.5B-Instruct,linguistic_style,linguistic_style__specific_wording__general_wording,posneg,negative,0.9978173521920611,0.0009070940510676497,28,2800,0.9979234785267951
Qwen2.5-1.5B-Instruct,linguistic_style,linguistic_style__specific_wording__general_wording,posneg,positive,0.997981567286302,0.0008206382831055038,28,2800,0.9979234785267951
Qwen2.5-1.5B-Instruct,linguistic_style,linguistic_style__step_by_step__holistic_description,negpos,negative,0.998107355903308,0.0007452992449734618,28,2800,0.9979966411148125
Qwen2.5-1.5B-Instruct,linguistic_style,linguistic_style__step_by_step__holistic_description,negpos,positive,0.9979903159411168,0.0007556129847571086,28,2800,0.9979966411148125
Qwen2.5-1.5B-Instruct,linguistic_style,linguistic_style__step_by_step__holistic_description,posneg,negative,0.9979149783560711,0.0008060992562160228,28,2800,0.9979966411148125
Qwen2.5-1.5B-Instruct,linguistic_style,linguistic_style__step_by_step__holistic_description,posneg,positive,0.9979739142587539,0.0007305027502630921,28,2800,0.9979966411148125
Qwen2.5-1.5B-Instruct,linguistic_style,linguistic_style__straightforward_style__rhetorical_style,negpos,negative,0.9977089634048159,0.0008476394851905775,28,2800,0.9976281341008377
Qwen2.5-1.5B-Instruct,linguistic_style,linguistic_style__straightforward_style__rhetorical_style,negpos,positive,0.9973707163377472,0.0011234659358108953,28,2800,0.9976281341008377
Qwen2.5-1.5B-Instruct,linguistic_style,linguistic_style__straightforward_style__rhetorical_style,posneg,negative,0.9978940435516235,0.0007435292245548492,28,2800,0.9976281341008377
Qwen2.5-1.5B-Instruct,linguistic_style,linguistic_style__straightforward_style__rhetorical_style,posneg,positive,0.9975388131091644,0.0010698713379867126,28,2800,0.9976281341008377
Qwen2.5-1.5B-Instruct,linguistic_style,linguistic_style__structured__free_flowing,negpos,negative,0.998158016815463,0.0007432749546115113,28,2800,0.9979923892767999
Qwen2.5-1.5B-Instruct,linguistic_style,linguistic_style__structured__free_flowing,negpos,positive,0.9978186532358403,0.0008038513224734887,28,2800,0.9979923892767999
Qwen2.5-1.5B-Instruct,linguistic_style,linguistic_style__structured__free_flowing,posneg,negative,0.998165407686655,0.000725523512344042,28,2800,0.9979923892767999
Qwen2.5-1.5B-Instruct,linguistic_style,linguistic_style__structured__free_flowing,posneg,positive,0.9978274793692414,0.0007695136422570957,28,2800,0.9979923892767999
Qwen2.5-1.5B-Instruct,linguistic_style,linguistic_style__succinct__detailed,negpos,negative,0.9979459087400088,0.0007260587638913976,28,2800,0.9978519799646923
Qwen2.5-1.5B-Instruct,linguistic_style,linguistic_style__succinct__detailed,negpos,positive,0.9977255429940366,0.0007562030177035398,28,2800,0.9978519799646923
Qwen2.5-1.5B-Instruct,linguistic_style,linguistic_style__succinct__detailed,posneg,negative,0.9979616488208902,0.0007257231799273183,28,2800,0.9978519799646923
Qwen2.5-1.5B-Instruct,linguistic_style,linguistic_style__succinct__detailed,posneg,positive,0.9977748193038335,0.0007416012378114455,28,2800,0.9978519799646923
Qwen2.5-1.5B-Instruct,linguistic_style,linguistic_style__summary_style__full_exposition,negpos,negative,0.9981329659019534,0.0006853505676570627,28,2800,0.9980115586912819
Qwen2.5-1.5B-Instruct,linguistic_style,linguistic_style__summary_style__full_exposition,negpos,positive,0.9979136436822483,0.0008180386602083086,28,2800,0.9980115586912819
Qwen2.5-1.5B-Instruct,linguistic_style,linguistic_style__summary_style__full_exposition,posneg,negative,0.9980882171282367,0.0007008353523972261,28,2800,0.9980115586912819
Qwen2.5-1.5B-Instruct,linguistic_style,linguistic_style__summary_style__full_exposition,posneg,positive,0.997911408052689,0.0008188316461723303,28,2800,0.9980115586912819
Qwen2.5-1.5B-Instruct,linguistic_style,linguistic_style__systematic_layout__impressionistic_layout,negpos,negative,0.9982625598750205,0.0006960600647108363,28,2800,0.9981630266523175
Qwen2.5-1.5B-Instruct,linguistic_style,linguistic_style__systematic_layout__impressionistic_layout,negpos,positive,0.99807978329465,0.0007986140819108843,28,2800,0.9981630266523175
Qwen2.5-1.5B-Instruct,linguistic_style,linguistic_style__systematic_layout__impressionistic_layout,posneg,negative,0.9981658990857759,0.0007317032010852878,28,2800,0.9981630266523175
Qwen2.5-1.5B-Instruct,linguistic_style,linguistic_style__systematic_layout__impressionistic_layout,posneg,positive,0.9981438643538236,0.0007724832228138515,28,2800,0.9981630266523175
Qwen2.5-1.5B-Instruct,linguistic_style,linguistic_style__taxonomy_style__story_style,negpos,negative,0.9978398692018883,0.0008470392622259259,28,2800,0.9978866239878962
Qwen2.5-1.5B-Instruct,linguistic_style,linguistic_style__taxonomy_style__story_style,negpos,positive,0.9977872111155299,0.0007742069549626742,28,2800,0.9978866239878962
Qwen2.5-1.5B-Instruct,linguistic_style,linguistic_style__taxonomy_style__story_style,posneg,negative,0.9979645295069288,0.0008819293775595157,28,2800,0.9978866239878962
Qwen2.5-1.5B-Instruct,linguistic_style,linguistic_style__taxonomy_style__story_style,posneg,positive,0.9979548861272377,0.0007889879720489586,28,2800,0.9978866239878962
Qwen2.5-1.5B-Instruct,linguistic_style,linguistic_style__technical_register__lay_register,negpos,negative,0.998060056286214,0.0008098096304701249,28,2800,0.9979291561133301
Qwen2.5-1.5B-Instruct,linguistic_style,linguistic_style__technical_register__lay_register,negpos,positive,0.9977863269421919,0.0008481741456547486,28,2800,0.9979291561133301
Qwen2.5-1.5B-Instruct,linguistic_style,linguistic_style__technical_register__lay_register,posneg,negative,0.9979207306363641,0.0008098302280400002,28,2800,0.9979291561133301
Qwen2.5-1.5B-Instruct,linguistic_style,linguistic_style__technical_register__lay_register,posneg,positive,0.9979495105885504,0.000747142033438744,28,2800,0.9979291561133301
Qwen2.5-1.5B-Instruct,linguistic_style,linguistic_style__terminology_heavy__terminology_light,negpos,negative,0.9980449883278919,0.0007667645392938081,28,2800,0.997974313629159
Qwen2.5-1.5B-Instruct,linguistic_style,linguistic_style__terminology_heavy__terminology_light,negpos,positive,0.9979684129989044,0.0007042591850813964,28,2800,0.997974313629159
Qwen2.5-1.5B-Instruct,linguistic_style,linguistic_style__terminology_heavy__terminology_light,posneg,negative,0.9978134774706728,0.0010101591167406502,28,2800,0.997974313629159
Qwen2.5-1.5B-Instruct,linguistic_style,linguistic_style__terminology_heavy__terminology_light,posneg,positive,0.998070375719167,0.0007155102910098403,28,2800,0.997974313629159
Qwen2.5-1.5B-Instruct,linguistic_style,linguistic_style__tight_structure__loose_structure,negpos,negative,0.998079567797806,0.0007413514477547184,28,2800,0.9980273349307994
Qwen2.5-1.5B-Instruct,linguistic_style,linguistic_style__tight_structure__loose_structure,negpos,positive,0.9980416383264201,0.0008208661303202359,28,2800,0.9980273349307994
Qwen2.5-1.5B-Instruct,linguistic_style,linguistic_style__tight_structure__loose_structure,posneg,negative,0.9979688990393871,0.0007632528745521145,28,2800,0.9980273349307994
Qwen2.5-1.5B-Instruct,linguistic_style,linguistic_style__tight_structure__loose_structure,posneg,positive,0.9980192345595844,0.0007993129768997396,28,2800,0.9980273349307994
Qwen2.5-1.5B-Instruct,linguistic_style,linguistic_style__well_organized__loosely_organized,negpos,negative,0.998211210915842,0.000656210652425033,28,2800,0.9981738743680606
Qwen2.5-1.5B-Instruct,linguistic_style,linguistic_style__well_organized__loosely_organized,negpos,positive,0.9981448429615252,0.0007379358198638567,28,2800,0.9981738743680606
Qwen2.5-1.5B-Instruct,linguistic_style,linguistic_style__well_organized__loosely_organized,posneg,negative,0.9982045807058044,0.0006912489664384761,28,2800,0.9981738743680606
Qwen2.5-1.5B-Instruct,linguistic_style,linguistic_style__well_organized__loosely_organized,posneg,positive,0.998134862889071,0.0007776220987616916,28,2800,0.9981738743680606
Qwen2.5-1.5B-Instruct,semantic_framing,semantic_framing__analytic_perspective__experiential_perspective,negpos,negative,0.9983728492036409,0.0006122210775354084,28,2800,0.9982850436573851
Qwen2.5-1.5B-Instruct,semantic_framing,semantic_framing__analytic_perspective__experiential_perspective,negpos,positive,0.9982080078470386,0.0007218257208719052,28,2800,0.9982850436573851
Qwen2.5-1.5B-Instruct,semantic_framing,semantic_framing__analytic_perspective__experiential_perspective,posneg,negative,0.9983475904260297,0.0006256968950946086,28,2800,0.9982850436573851
Qwen2.5-1.5B-Instruct,semantic_framing,semantic_framing__analytic_perspective__experiential_perspective,posneg,positive,0.9982117271528311,0.0007277568933749619,28,2800,0.9982850436573851
Qwen2.5-1.5B-Instruct,semantic_framing,semantic_framing__behavioral_perspective__structural_perspective,negpos,negative,0.9981876174204419,0.0007103332222935665,28,2800,0.998164059324972
Qwen2.5-1.5B-Instruct,semantic_framing,semantic_framing__behavioral_perspective__structural_perspective,negpos,positive,0.9981432605401219,0.0007576393147396351,28,2800,0.998164059324972
Qwen2.5-1.5B-Instruct,semantic_framing,semantic_framing__behavioral_perspective__structural_perspective,posneg,negative,0.9981647278231263,0.0007039968804083345,28,2800,0.998164059324972
Qwen2.5-1.5B-Instruct,semantic_framing,semantic_framing__behavioral_perspective__structural_perspective,posneg,positive,0.9981606315161977,0.000738640300633389,28,2800,0.998164059324972
Qwen2.5-1.5B-Instruct,semantic_framing,semantic_framing__capability_perspective__limitation_perspective,negpos,negative,0.9981648119018568,0.0007079066277237419,28,2800,0.9981275878300659
Qwen2.5-1.5B-Instruct,semantic_framing,semantic_framing__capability_perspective__limitation_perspective,negpos,positive,0.9981382726120123,0.0007613621375815195,28,2800,0.9981275878300659
Qwen2.5-1.5B-Instruct,semantic_framing,semantic_framing__capability_perspective__limitation_perspective,posneg,negative,0.998083048718944,0.0007279788313509304,28,2800,0.9981275878300659
Qwen2.5-1.5B-Instruct,semantic_framing,semantic_framing__capability_perspective__limitation_perspective,posneg,positive,0.9981242180874507,0.0007456612530375798,28,2800,0.9981275878300659
Qwen2.5-1.5B-Instruct,semantic_framing,semantic_framing__causal_perspective__correlational_perspective,negpos,negative,0.9983557590748818,0.0006575190389343472,28,2800,0.9982111324090307
Qwen2.5-1.5B-Instruct,semantic_framing,semantic_framing__causal_perspective__correlational_perspective,negpos,positive,0.9980496470218156,0.0007645026859178298,28,2800,0.9982111324090307
Qwen2.5-1.5B-Instruct,semantic_framing,semantic_framing__causal_perspective__correlational_perspective,posneg,negative,0.9983071111497859,0.0006645903895827336,28,2800,0.9982111324090307
Qwen2.5-1.5B-Instruct,semantic_framing,semantic_framing__causal_perspective__correlational_perspective,posneg,positive,0.9981320123896396,0.0007316529319749889,28,2800,0.9982111324090307
Qwen2.5-1.5B-Instruct,semantic_framing,semantic_framing__competition_perspective__cooperation_perspective,negpos,negative,0.9981534761785903,0.0006561473305962231,28,2800,0.9981485006459652
Qwen2.5-1.5B-Instruct,semantic_framing,semantic_framing__competition_perspective__cooperation_perspective,negpos,positive,0.9981198859993808,0.0007340748110815702,28,2800,0.9981485006459652
Qwen2.5-1.5B-Instruct,semantic_framing,semantic_framing__competition_perspective__cooperation_perspective,posneg,negative,0.9981554197572843,0.000669752875139227,28,2800,0.9981485006459652
Qwen2.5-1.5B-Instruct,semantic_framing,semantic_framing__competition_perspective__cooperation_perspective,posneg,positive,0.9981652206486055,0.0007232889559454993,28,2800,0.9981485006459652
Qwen2.5-1.5B-Instruct,semantic_framing,semantic_framing__constraint_perspective__capability_perspective,negpos,negative,0.9981570562556764,0.0006956864923236908,28,2800,0.9981353888324258
Qwen2.5-1.5B-Instruct,semantic_framing,semantic_framing__constraint_perspective__capability_perspective,negpos,positive,0.9980601266158964,0.0007662759430475304,28,2800,0.9981353888324258
Qwen2.5-1.5B-Instruct,semantic_framing,semantic_framing__constraint_perspective__capability_perspective,posneg,negative,0.9981750792934524,0.0007097051353862516,28,2800,0.9981353888324258
Qwen2.5-1.5B-Instruct,semantic_framing,semantic_framing__constraint_perspective__capability_perspective,posneg,positive,0.9981492931646782,0.0007531761822958972,28,2800,0.9981353888324258
Qwen2.5-1.5B-Instruct,semantic_framing,semantic_framing__cost_benefit_perspective__duty_based_perspective,negpos,negative,0.9982671162138119,0.0006462128906272208,28,2800,0.9982487569230618
Qwen2.5-1.5B-Instruct,semantic_framing,semantic_framing__cost_benefit_perspective__duty_based_perspective,negpos,positive,0.9982436361365606,0.0006801560087408612,28,2800,0.9982487569230618
Qwen2.5-1.5B-Instruct,semantic_framing,semantic_framing__cost_benefit_perspective__duty_based_perspective,posneg,negative,0.99821660743177,0.0006826831125385001,28,2800,0.9982487569230618
Qwen2.5-1.5B-Instruct,semantic_framing,semantic_framing__cost_benefit_perspective__duty_based_perspective,posneg,positive,0.9982676679101047,0.0006669652769062973,28,2800,0.9982487569230618
Qwen2.5-1.5B-Instruct,semantic_framing,semantic_framing__cost_effectiveness_perspective__moral_value_perspective,negpos,negative,0.9982548595061608,0.000657524744205834,28,2800,0.9982258588999867
Qwen2.5-1.5B-Instruct,semantic_framing,semantic_framing__cost_effectiveness_perspective__moral_value_perspective,negpos,positive,0.998240562626251,0.0007045027672753021,28,2800,0.9982258588999867
Qwen2.5-1.5B-Instruct,semantic_framing,semantic_framing__cost_effectiveness_perspective__moral_value_perspective,posneg,negative,0.9981649720431987,0.0006918145361054041,28,2800,0.9982258588999867
Qwen2.5-1.5B-Instruct,semantic_framing,semantic_framing__cost_effectiveness_perspective__moral_value_perspective,posneg,positive,0.9982430414243364,0.000681494833182932,28,2800,0.9982258588999867
Qwen2.5-1.5B-Instruct,semantic_framing,semantic_framing__cost_perspective__benefit_perspective,negpos,negative,0.9981051216418324,0.0007170369696145143,28,2800,0.9980994033582187
Qwen2.5-1.5B-Instruct,semantic_framing,semantic_framing__cost_perspective__benefit_perspective,negpos,positive,0.9981205419834926,0.0007819152739828542,28,2800,0.9980994033582187
Qwen2.5-1.5B-Instruct,semantic_framing,semantic_framing__cost_perspective__benefit_perspective,posneg,negative,0.9980085473935638,0.0007555299250989328,28,2800,0.9980994033582187
Qwen2.5-1.5B-Instruct,semantic_framing,semantic_framing__cost_perspective__benefit_perspective,posneg,positive,0.9981634024139859,0.0007491626842745788,28,2800,0.9980994033582187
Qwen2.5-1.5B-Instruct,semantic_framing,semantic_framing__diagnostic_perspective__prescriptive_perspective,negpos,negative,0.9982575956174404,0.0006598017137225574,28,2800,0.9981983890370356
Qwen2.5-1.5B-Instruct,semantic_framing,semantic_framing__diagnostic_perspective__prescriptive_perspective,negpos,positive,0.9981281806351959,0.0007188830509606872,28,2800,0.9981983890370356
Qwen2.5-1.5B-Instruct,semantic_framing,semantic_framing__diagnostic_perspective__prescriptive_perspective,posneg,negative,0.9982411634107711,0.0007031321912045245,28,2800,0.9981983890370356
Qwen2.5-1.5B-Instruct,semantic_framing,semantic_framing__diagnostic_perspective__prescriptive_perspective,posneg,positive,0.9981666164847349,0.0007330864565881893,28,2800,0.9981983890370356
Qwen2.5-1.5B-Instruct,semantic_framing,semantic_framing__economic_perspective__ethical_perspective,negpos,negative,0.9982122043347924,0.0007049507183615583,28,2800,0.9981886893591255
Qwen2.5-1.5B-Instruct,semantic_framing,semantic_framing__economic_perspective__ethical_perspective,negpos,positive,0.9981733441161015,0.0007363268011256346,28,2800,0.9981886893591255
Qwen2.5-1.5B-Instruct,semantic_framing,semantic_framing__economic_perspective__ethical_perspective,posneg,negative,0.9981918970472605,0.0007044538847812327,28,2800,0.9981886893591255
Qwen2.5-1.5B-Instruct,semantic_framing,semantic_framing__economic_perspective__ethical_perspective,posneg,positive,0.9981773119383478,0.0007241949362001605,28,2800,0.9981886893591255
Qwen2.5-1.5B-Instruct,semantic_framing,semantic_framing__efficiency_analysis_perspective__equity_analysis_perspective,negpos,negative,0.9982152690710208,0.0006318340073800478,28,2800,0.9981650239175888
Qwen2.5-1.5B-Instruct,semantic_framing,semantic_framing__efficiency_analysis_perspective__equity_analysis_perspective,negpos,positive,0.9981321694538939,0.0006847095211385685,28,2800,0.9981650239175888
Qwen2.5-1.5B-Instruct,semantic_framing,semantic_framing__efficiency_analysis_perspective__equity_analysis_perspective,posneg,negative,0.9981608104124458,0.0006881256845752789,28,2800,0.9981650239175888
Qwen2.5-1.5B-Instruct,semantic_framing,semantic_framing__efficiency_analysis_perspective__equity_analysis_perspective,posneg,positive,0.9981518467329947,0.0006835653231387374,28,2800,0.9981650239175888
Qwen2.5-1.5B-Instruct,semantic_framing,semantic_framing__efficiency_perspective__fairness_perspective,negpos,negative,0.998190839252934,0.000695454734973545,28,2800,0.9981572883729429
Qwen2.5-1.5B-Instruct,semantic_framing,semantic_framing__efficiency_perspective__fairness_perspective,negpos,positive,0.9981482113614045,0.0007540572045581143,28,2800,0.9981572883729429
Qwen2.5-1.5B-Instruct,semantic_framing,semantic_framing__efficiency_perspective__fairness_perspective,posneg,negative,0.9981553654595264,0.0007099884556087861,28,2800,0.9981572883729429
Qwen2.5-1.5B-Instruct,semantic_framing,semantic_framing__efficiency_perspective__fairness_perspective,posneg,positive,0.9981347374179068,0.0007498009363685713,28,2800,0.9981572883729429
Qwen2.5-1.5B-Instruct,semantic_framing,semantic_framing__effort_perspective__outcome_perspective,negpos,negative,0.9981890921117145,0.000720125594829916,28,2800,0.9981589706751044
Qwen2.5-1.5B-Instruct,semantic_framing,semantic_framing__effort_perspective__outcome_perspective,negpos,positive,0.9981286764698921,0.0007605323969503348,28,2800,0.9981589706751044
Qwen2.5-1.5B-Instruct,semantic_framing,semantic_framing__effort_perspective__outcome_perspective,posneg,negative,0.9981517854289808,0.0007139282804882592,28,2800,0.9981589706751044
Qwen2.5-1.5B-Instruct,semantic_framing,semantic_framing__effort_perspective__outcome_perspective,posneg,positive,0.9981663286898304,0.0007547224023058092,28,2800,0.9981589706751044
Qwen2.5-1.5B-Instruct,semantic_framing,semantic_framing__evidence_perspective__narrative_perspective,negpos,negative,0.9981839041294487,0.0007303013065856403,28,2800,0.9981538591481154
Qwen2.5-1.5B-Instruct,semantic_framing,semantic_framing__evidence_perspective__narrative_perspective,negpos,positive,0.9981722101805328,0.0007834438577132911,28,2800,0.9981538591481154
Qwen2.5-1.5B-Instruct,semantic_framing,semantic_framing__evidence_perspective__narrative_perspective,posneg,negative,0.9980659502319617,0.000716112946674878,28,2800,0.9981538591481154
Qwen2.5-1.5B-Instruct,semantic_framing,semantic_framing__evidence_perspective__narrative_perspective,posneg,positive,0.9981933720505186,0.0007422147390925373,28,2800,0.9981538591481154
Qwen2.5-1.5B-Instruct,semantic_framing,semantic_framing__feasibility_perspective__desirability_perspective,negpos,negative,0.998277413422814,0.0006417719242868552,28,2800,0.9982109534633117
Qwen2.5-1.5B-Instruct,semantic_framing,semantic_framing__feasibility_perspective__desirability_perspective,negpos,positive,0.9981315825676946,0.0007302307711126403,28,2800,0.9982109534633117
Qwen2.5-1.5B-Instruct,semantic_framing,semantic_framing__feasibility_perspective__desirability_perspective,posneg,negative,0.998281130340689,0.0006348688892038008,28,2800,0.9982109534633117
Qwen2.5-1.5B-Instruct,semantic_framing,semantic_framing__feasibility_perspective__desirability_perspective,posneg,positive,0.998153687522049,0.0007161020534535632,28,2800,0.9982109534633117
Qwen2.5-1.5B-Instruct,semantic_framing,semantic_framing__growth_perspective__sustainability_perspective,negpos,negative,0.9982440208104683,0.000702534989275079,28,2800,0.9981933910779571
Qwen2.5-1.5B-Instruct,semantic_framing,semantic_framing__growth_perspective__sustainability_perspective,negpos,positive,0.9981355669896458,0.0007511889246749277,28,2800,0.9981933910779571
Qwen2.5-1.5B-Instruct,semantic_framing,semantic_framing__growth_perspective__sustainability_perspective,posneg,negative,0.9982291618473178,0.0007249546153167066,28,2800,0.9981933910779571
Qwen2.5-1.5B-Instruct,semantic_framing,semantic_framing__growth_perspective__sustainability_perspective,posneg,positive,0.9981648146643968,0.0007428908852552137,28,2800,0.9981933910779571
Qwen2.5-1.5B-Instruct,semantic_framing,semantic_framing__impact_measurement_perspective__principle_based_perspective,negpos,negative,0.9982720295145047,0.0006660541644823896,28,2800,0.9982154564174256
Qwen2.5-1.5B-Instruct,semantic_framing,semantic_framing__impact_measurement_perspective__principle_based_perspective,negpos,positive,0.9981854796718318,0.0006998156880309164,28,2800,0.9982154564174256
Qwen2.5-1.5B-Instruct,semantic_framing,semantic_framing__impact_measurement_perspective__principle_based_perspective,posneg,negative,0.9981754365875944,0.0007290097050144671,28,2800,0.9982154564174256
Qwen2.5-1.5B-Instruct,semantic_framing,semantic_framing__impact_measurement_perspective__principle_based_perspective,posneg,positive,0.9982288798957716,0.0006811798892658997,28,2800,0.9982154564174256
Qwen2.5-1.5B-Instruct,semantic_framing,semantic_framing__implementation_perspective__design_perspective,negpos,negative,0.9981009503391257,0.0007107679141188205,28,2800,0.9980785080779128
Qwen2.5-1.5B-Instruct,semantic_framing,semantic_framing__implementation_perspective__design_perspective,negpos,positive,0.9980903939319355,0.000762518045014677,28,2800,0.9980785080779128
Qwen2.5-1.5B-Instruct,semantic_framing,semantic_framing__implementation_perspective__design_perspective,posneg,negative,0.9980302130916803,0.0007326763176208079,28,2800,0.9980785080779128
Qwen2.5-1.5B-Instruct,semantic_framing,semantic_framing__implementation_perspective__design_perspective,posneg,positive,0.9980924749489096,0.0007458032513161883,28,2800,0.9980785080779128
Qwen2.5-1.5B-Instruct,semantic_framing,semantic_framing__incentive_perspective__norm_perspective,negpos,negative,0.9981844063913832,0.0007254553144431019,28,2800,0.9981641352914961
Qwen2.5-1.5B-Instruct,semantic_framing,semantic_framing__incentive_perspective__norm_perspective,negpos,positive,0.9981545920961176,0.0007484081974949591,28,2800,0.9981641352914961
Qwen2.5-1.5B-Instruct,semantic_framing,semantic_framing__incentive_perspective__norm_perspective,posneg,negative,0.9981588461236678,0.0007444654445854885,28,2800,0.9981641352914961
Qwen2.5-1.5B-Instruct,semantic_framing,semantic_framing__incentive_perspective__norm_perspective,posneg,positive,0.9981586965548157,0.0007558649233343072,28,2800,0.9981641352914961
Qwen2.5-1.5B-Instruct,semantic_framing,semantic_framing__individual_impact_perspective__system_impact_perspective,negpos,negative,0.9983907166384489,0.0005913560400108013,28,2800,0.998296621822779
Qwen2.5-1.5B-Instruct,semantic_framing,semantic_framing__individual_impact_perspective__system_impact_perspective,negpos,positive,0.9982673163541042,0.0006663797797659405,28,2800,0.998296621822779
Qwen2.5-1.5B-Instruct,semantic_framing,semantic_framing__individual_impact_perspective__system_impact_perspective,posneg,negative,0.9982887893821878,0.0006273593312451872,28,2800,0.998296621822779
Qwen2.5-1.5B-Instruct,semantic_framing,semantic_framing__individual_impact_perspective__system_impact_perspective,posneg,positive,0.9982396649163752,0.0006643822283387808,28,2800,0.998296621822779
Qwen2.5-1.5B-Instruct,semantic_framing,semantic_framing__individual_perspective__societal_perspective,negpos,negative,0.9982644828282611,0.0006839294943604094,28,2800,0.9981932265851772
Qwen2.5-1.5B-Instruct,semantic_framing,semantic_framing__individual_perspective__societal_perspective,negpos,positive,0.9981366447493164,0.0007551149421490948,28,2800,0.9981932265851772
Qwen2.5-1.5B-Instruct,semantic_framing,semantic_framing__individual_perspective__societal_perspective,posneg,negative,0.9982350401686395,0.0006716526438127026,28,2800,0.9981932265851772
Qwen2.5-1.5B-Instruct,semantic_framing,semantic_framing__individual_perspective__societal_perspective,posneg,positive,0.9981367385944917,0.0007467894685088403,28,2800,0.9981932265851772
Qwen2.5-1.5B-Instruct,semantic_framing,semantic_framing__innovation_benefit_perspective__innovation_risk_perspective,negpos,negative,0.9983291140120824,0.0006311442289912026,28,2800,0.9982920168099335
Qwen2.5-1.5B-Instruct,semantic_framing,semantic_framing__innovation_benefit_perspective__innovation_risk_perspective,negpos,positive,0.9982348096713662,0.0006778248951311471,28,2800,0.9982920168099335
Qwen2.5-1.5B-Instruct,semantic_framing,semantic_framing__innovation_benefit_perspective__innovation_risk_perspective,posneg,negative,0.9983348373585192,0.0006411150795613997,28,2800,0.9982920168099335
Qwen2.5-1.5B-Instruct,semantic_framing,semantic_framing__innovation_benefit_perspective__innovation_risk_perspective,posneg,positive,0.9982693061977662,0.0006748733317062423,28,2800,0.9982920168099335
Qwen2.5-1.5B-Instruct,semantic_framing,semantic_framing__innovation_perspective__regulation_perspective,negpos,negative,0.9981545137537056,0.0006900320194424964,28,2800,0.9981290382162362
Qwen2.5-1.5B-Instruct,semantic_framing,semantic_framing__innovation_perspective__regulation_perspective,negpos,positive,0.9981058725208986,0.0007225674044812884,28,2800,0.9981290382162362
Qwen2.5-1.5B-Instruct,semantic_framing,semantic_framing__innovation_perspective__regulation_perspective,posneg,negative,0.9981403045213805,0.0007123931562585928,28,2800,0.9981290382162362
Qwen2.5-1.5B-Instruct,semantic_framing,semantic_framing__innovation_perspective__regulation_perspective,posneg,positive,0.9981154620689601,0.0007241766466243028,28,2800,0.9981290382162362
Qwen2.5-1.5B-Instruct,semantic_framing,semantic_framing__local_perspective__global_perspective,negpos,negative,0.9982270939866279,0.0007072082636059213,28,2800,0.9982032270315645
Qwen2.5-1.5B-Instruct,semantic_framing,semantic_framing__local_perspective__global_perspective,negpos,positive,0.9981809679221157,0.0007793270197124404,28,2800,0.9982032270315645
Qwen2.5-1.5B-Instruct,semantic_framing,semantic_framing__local_perspective__global_perspective,posneg,negative,0.9982045723455556,0.0006949261540759076,28,2800,0.9982032270315645
Qwen2.5-1.5B-Instruct,semantic_framing,semantic_framing__local_perspective__global_perspective,posneg,positive,0.9982002738719589,0.000758350984190814,28,2800,0.9982032270315645
Qwen2.5-1.5B-Instruct,semantic_framing,semantic_framing__logic_perspective__empathy_perspective,negpos,negative,0.9982183615083031,0.00069083322910332,28,2800,0.9981806843537716
Qwen2.5-1.5B-Instruct,semantic_framing,semantic_framing__logic_perspective__empathy_perspective,negpos,positive,0.9981199508658181,0.000758980731231338,28,2800,0.9981806843537716
Qwen2.5-1.5B-Instruct,semantic_framing,semantic_framing__logic_perspective__empathy_perspective,posneg,negative,0.9982077408065108,0.0006990183316407918,28,2800,0.9981806843537716
Qwen2.5-1.5B-Instruct,semantic_framing,semantic_framing__logic_perspective__empathy_perspective,posneg,positive,0.9981766842344546,0.0007458297444050978,28,2800,0.9981806843537716
Qwen2.5-1.5B-Instruct,semantic_framing,semantic_framing__mechanistic_perspective__holistic_perspective,negpos,negative,0.998190220938161,0.0006813318875519433,28,2800,0.9982039890971379
Qwen2.5-1.5B-Instruct,semantic_framing,semantic_framing__mechanistic_perspective__holistic_perspective,negpos,positive,0.9982292057148882,0.0007367010595780069,28,2800,0.9982039890971379
Qwen2.5-1.5B-Instruct,semantic_framing,semantic_framing__mechanistic_perspective__holistic_perspective,posneg,negative,0.9981113596345376,0.0006774460979556451,28,2800,0.9982039890971379
Qwen2.5-1.5B-Instruct,semantic_framing,semantic_framing__mechanistic_perspective__holistic_perspective,posneg,positive,0.9982851701009648,0.0007125356211039361,28,2800,0.9982039890971379
Qwen2.5-1.5B-Instruct,semantic_framing,semantic_framing__micro_level_perspective__macro_level_perspective,negpos,negative,0.9983472453355321,0.0006234586471571479,28,2800,0.998261321379904
Qwen2.5-1.5B-Instruct,semantic_framing,semantic_framing__micro_level_perspective__macro_level_perspective,negpos,positive,0.9981905075314527,0.0006959619254072012,28,2800,0.998261321379904
Qwen2.5-1.5B-Instruct,semantic_framing,semantic_framing__micro_level_perspective__macro_level_perspective,posneg,negative,0.9983204530543783,0.0006441079903026862,28,2800,0.998261321379904
Qwen2.5-1.5B-Instruct,semantic_framing,semantic_framing__micro_level_perspective__macro_level_perspective,posneg,positive,0.9981870795982528,0.0006968609418809039,28,2800,0.998261321379904
Qwen2.5-1.5B-Instruct,semantic_framing,semantic_framing__operational_perspective__strategic_perspective,negpos,negative,0.99819767983655,0.0006936065337160171,28,2800,0.998146205846895
Qwen2.5-1.5B-Instruct,semantic_framing,semantic_framing__operational_perspective__strategic_perspective,negpos,positive,0.9981194971004627,0.0007649669586458204,28,2800,0.998146205846895
Qwen2.5-1.5B-Instruct,semantic_framing,semantic_framing__operational_perspective__strategic_perspective,posneg,negative,0.9981500745526085,0.0006970342619278001,28,2800,0.998146205846895
Qwen2.5-1.5B-Instruct,semantic_framing,semantic_framing__operational_perspective__strategic_perspective,posneg,positive,0.9981175718979586,0.0007476490465295129,28,2800,0.998146205846895
Qwen2.5-1.5B-Instruct,semantic_framing,semantic_framing__optimization_perspective__resilience_perspective,negpos,negative,0.9982127120436045,0.000695779194756431,28,2800,0.9981668960456402
Qwen2.5-1.5B-Instruct,semantic_framing,semantic_framing__optimization_perspective__resilience_perspective,negpos,positive,0.9980961483157771,0.0007565908619067284,28,2800,0.9981668960456402
Qwen2.5-1.5B-Instruct,semantic_framing,semantic_framing__optimization_perspective__resilience_perspective,posneg,negative,0.9982069098740188,0.0007046058698256746,28,2800,0.9981668960456402
Qwen2.5-1.5B-Instruct,semantic_framing,semantic_framing__optimization_perspective__resilience_perspective,posneg,positive,0.9981518139491603,0.000740804741063254,28,2800,0.9981668960456402
Qwen2.5-1.5B-Instruct,semantic_framing,semantic_framing__optimization_perspective__satisficing_perspective,negpos,negative,0.9983594838346936,0.0006527055124100134,28,2800,0.9982186319753245
Qwen2.5-1.5B-Instruct,semantic_framing,semantic_framing__optimization_perspective__satisficing_perspective,negpos,positive,0.9980979642381954,0.0007091682961845159,28,2800,0.9982186319753245
Qwen2.5-1.5B-Instruct,semantic_framing,semantic_framing__optimization_perspective__satisficing_perspective,posneg,negative,0.9983084288548544,0.0006752138709273095,28,2800,0.9982186319753245
Qwen2.5-1.5B-Instruct,semantic_framing,semantic_framing__optimization_perspective__satisficing_perspective,posneg,positive,0.9981086509735545,0.000706884686465826,28,2800,0.9982186319753245
Qwen2.5-1.5B-Instruct,semantic_framing,semantic_framing__output_perspective__process_perspective,negpos,negative,0.9982068195424605,0.0006975416005664183,28,2800,0.998107611558537
Qwen2.5-1.5B-Instruct,semantic_framing,semantic_framing__output_perspective__process_perspective,negpos,positive,0.9980256308672527,0.0007500702386361307,28,2800,0.998107611558537
Qwen2.5-1.5B-Instruct,semantic_framing,semantic_framing__output_perspective__process_perspective,posneg,negative,0.9981440193900838,0.0006963413986229754,28,2800,0.998107611558537
Qwen2.5-1.5B-Instruct,semantic_framing,semantic_framing__output_perspective__process_perspective,posneg,positive,0.9980539764343508,0.0007476694581674227,28,2800,0.998107611558537
Qwen2.5-1.5B-Instruct,semantic_framing,semantic_framing__performance_metric_perspective__well_being_perspective,negpos,negative,0.9982682607340209,0.0006529272379848352,28,2800,0.9982650740535929
Qwen2.5-1.5B-Instruct,semantic_framing,semantic_framing__performance_metric_perspective__well_being_perspective,negpos,positive,0.9982653328720349,0.0007019530623412351,28,2800,0.9982650740535929
Qwen2.5-1.5B-Instruct,semantic_framing,semantic_framing__performance_metric_perspective__well_being_perspective,posneg,negative,0.9982430551849791,0.0006778552830543326,28,2800,0.9982650740535929
Qwen2.5-1.5B-Instruct,semantic_framing,semantic_framing__performance_metric_perspective__well_being_perspective,posneg,positive,0.9982836474233366,0.000679335521089263,28,2800,0.9982650740535929
Qwen2.5-1.5B-Instruct,semantic_framing,semantic_framing__performance_perspective__safety_perspective,negpos,negative,0.9982010977116532,0.0006940226352411264,28,2800,0.9981476224343013
Qwen2.5-1.5B-Instruct,semantic_framing,semantic_framing__performance_perspective__safety_perspective,negpos,positive,0.9981550098875684,0.0007514373159978478,28,2800,0.9981476224343013
Qwen2.5-1.5B-Instruct,semantic_framing,semantic_framing__performance_perspective__safety_perspective,posneg,negative,0.9981338572069899,0.0007099003691346994,28,2800,0.9981476224343013
Qwen2.5-1.5B-Instruct,semantic_framing,semantic_framing__performance_perspective__safety_perspective,posneg,positive,0.998100524930994,0.0007386027278683955,28,2800,0.9981476224343013
Qwen2.5-1.5B-Instruct,semantic_framing,semantic_framing__practical_perspective__theoretical_perspective,negpos,negative,0.9981750445821043,0.0006960665018271841,28,2800,0.998160114736753
Qwen2.5-1.5B-Instruct,semantic_framing,semantic_framing__practical_perspective__theoretical_perspective,negpos,positive,0.9981296350333428,0.000754228015226698,28,2800,0.998160114736753
Qwen2.5-1.5B-Instruct,semantic_framing,semantic_framing__practical_perspective__theoretical_perspective,posneg,negative,0.9981726558652271,0.0006868227218622559,28,2800,0.998160114736753
Qwen2.5-1.5B-Instruct,semantic_framing,semantic_framing__practical_perspective__theoretical_perspective,posneg,positive,0.9981631234663378,0.0007444304186571657,28,2800,0.998160114736753
Qwen2.5-1.5B-Instruct,semantic_framing,semantic_framing__precision_perspective__robustness_perspective,negpos,negative,0.9983460584698821,0.000662912652240547,28,2800,0.9982073580913103
Qwen2.5-1.5B-Instruct,semantic_framing,semantic_framing__precision_perspective__robustness_perspective,negpos,positive,0.998106030009103,0.0007593163028776412,28,2800,0.9982073580913103
Qwen2.5-1.5B-Instruct,semantic_framing,semantic_framing__precision_perspective__robustness_perspective,posneg,negative,0.998294465430463,0.0006793497479777873,28,2800,0.9982073580913103
Qwen2.5-1.5B-Instruct,semantic_framing,semantic_framing__precision_perspective__robustness_perspective,posneg,positive,0.9980828784557932,0.0007486341543539671,28,2800,0.9982073580913103
Qwen2.5-1.5B-Instruct,semantic_framing,semantic_framing__prediction_perspective__explanation_perspective,negpos,negative,0.9980390210381171,0.000728208590698888,28,2800,0.998020879108392
Qwen2.5-1.5B-Instruct,semantic_framing,semantic_framing__prediction_perspective__explanation_perspective,negpos,positive,0.9980577738552496,0.0007633349936582494,28,2800,0.998020879108392
Qwen2.5-1.5B-Instruct,semantic_framing,semantic_framing__prediction_perspective__explanation_perspective,posneg,negative,0.9978887350222091,0.0007828586350149524,28,2800,0.998020879108392
Qwen2.5-1.5B-Instruct,semantic_framing,semantic_framing__prediction_perspective__explanation_perspective,posneg,positive,0.9980979865179923,0.0007464965186572062,28,2800,0.998020879108392
Qwen2.5-1.5B-Instruct,semantic_framing,semantic_framing__problem_perspective__solution_perspective,negpos,negative,0.9981799794601708,0.0006924971696898007,28,2800,0.9981172555430393
Qwen2.5-1.5B-Instruct,semantic_framing,semantic_framing__problem_perspective__solution_perspective,negpos,positive,0.998026879180131,0.0007593962808368882,28,2800,0.9981172555430393
Qwen2.5-1.5B-Instruct,semantic_framing,semantic_framing__problem_perspective__solution_perspective,posneg,negative,0.9981769017724723,0.0007016475470595927,28,2800,0.9981172555430393
Qwen2.5-1.5B-Instruct,semantic_framing,semantic_framing__problem_perspective__solution_perspective,posneg,positive,0.9980852617593834,0.0007582186515690492,28,2800,0.9981172555430393
Qwen2.5-1.5B-Instruct,semantic_framing,semantic_framing__process_perspective__outcome_perspective,negpos,negative,0.9981610202685529,0.0007055669827100784,28,2800,0.9981358699416104
Qwen2.5-1.5B-Instruct,semantic_framing,semantic_framing__process_perspective__outcome_perspective,negpos,positive,0.9980864998502877,0.0007679790246259316,28,2800,0.9981358699416104
Qwen2.5-1.5B-Instruct,semantic_framing,semantic_framing__process_perspective__outcome_perspective,posneg,negative,0.9981579700036302,0.0006722342308536913,28,2800,0.9981358699416104
Qwen2.5-1.5B-Instruct,semantic_framing,semantic_framing__process_perspective__outcome_perspective,posneg,positive,0.9981379896439709,0.0007433820856806666,28,2800,0.9981358699416104
Qwen2.5-1.5B-Instruct,semantic_framing,semantic_framing__producer_perspective__consumer_perspective,negpos,negative,0.9980021042778223,0.0007138994031769945,28,2800,0.9980250684976141
Qwen2.5-1.5B-Instruct,semantic_framing,semantic_framing__producer_perspective__consumer_perspective,negpos,positive,0.9980317696317023,0.00072538112646472,28,2800,0.9980250684976141
Qwen2.5-1.5B-Instruct,semantic_framing,semantic_framing__producer_perspective__consumer_perspective,posneg,negative,0.9980071006417741,0.0007070623255598748,28,2800,0.9980250684976141
Qwen2.5-1.5B-Instruct,semantic_framing,semantic_framing__producer_perspective__consumer_perspective,posneg,positive,0.9980592994391577,0.0007216808747511829,28,2800,0.9980250684976141
Qwen2.5-1.5B-Instruct,semantic_framing,semantic_framing__quantitative_perspective__qualitative_perspective,negpos,negative,0.9981417796227934,0.000724326549346927,28,2800,0.9981350422896776
Qwen2.5-1.5B-Instruct,semantic_framing,semantic_framing__quantitative_perspective__qualitative_perspective,negpos,positive,0.9981438761960378,0.0007580149507005857,28,2800,0.9981350422896776
Qwen2.5-1.5B-Instruct,semantic_framing,semantic_framing__quantitative_perspective__qualitative_perspective,posneg,negative,0.9980982603773075,0.0007275471518867101,28,2800,0.9981350422896776
Qwen2.5-1.5B-Instruct,semantic_framing,semantic_framing__quantitative_perspective__qualitative_perspective,posneg,positive,0.9981562529625719,0.0007542219550547847,28,2800,0.9981350422896776
Qwen2.5-1.5B-Instruct,semantic_framing,semantic_framing__resource_allocation_perspective__value_distribution_perspective,negpos,negative,0.9983466664104829,0.0006227519935495129,28,2800,0.9982729518887644
Qwen2.5-1.5B-Instruct,semantic_framing,semantic_framing__resource_allocation_perspective__value_distribution_perspective,negpos,positive,0.9981753099996469,0.0007069329366608555,28,2800,0.9982729518887644
Qwen2.5-1.5B-Instruct,semantic_framing,semantic_framing__resource_allocation_perspective__value_distribution_perspective,posneg,negative,0.9983369626258233,0.0006547309494954817,28,2800,0.9982729518887644
Qwen2.5-1.5B-Instruct,semantic_framing,semantic_framing__resource_allocation_perspective__value_distribution_perspective,posneg,positive,0.9982328685191045,0.0006849134911697234,28,2800,0.9982729518887644
Qwen2.5-1.5B-Instruct,semantic_framing,semantic_framing__resource_perspective__impact_perspective,negpos,negative,0.9982180912392487,0.0006952830212047801,28,2800,0.998167732105584
Qwen2.5-1.5B-Instruct,semantic_framing,semantic_framing__resource_perspective__impact_perspective,negpos,positive,0.9981471541495294,0.0007564406207784058,28,2800,0.998167732105584
Qwen2.5-1.5B-Instruct,semantic_framing,semantic_framing__resource_perspective__impact_perspective,posneg,negative,0.9981339798477222,0.0007048326378924616,28,2800,0.998167732105584
Qwen2.5-1.5B-Instruct,semantic_framing,semantic_framing__resource_perspective__impact_perspective,posneg,positive,0.9981717031858354,0.0007417910430621377,28,2800,0.998167732105584
Qwen2.5-1.5B-Instruct,semantic_framing,semantic_framing__risk_perspective__opportunity_perspective,negpos,negative,0.9981473310444218,0.0006965046521962867,28,2800,0.9981356064627198
Qwen2.5-1.5B-Instruct,semantic_framing,semantic_framing__risk_perspective__opportunity_perspective,negpos,positive,0.9981212168731501,0.0007583153645342927,28,2800,0.9981356064627198
Qwen2.5-1.5B-Instruct,semantic_framing,semantic_framing__risk_perspective__opportunity_perspective,posneg,negative,0.9981292926906257,0.0007036292184710382,28,2800,0.9981356064627198
Qwen2.5-1.5B-Instruct,semantic_framing,semantic_framing__risk_perspective__opportunity_perspective,posneg,positive,0.9981445852426815,0.0007387827620775686,28,2800,0.9981356064627198
Qwen2.5-1.5B-Instruct,semantic_framing,semantic_framing__scalability_perspective__feasibility_perspective,negpos,negative,0.9981257005898427,0.0007209558424253991,28,2800,0.9981040794416769
Qwen2.5-1.5B-Instruct,semantic_framing,semantic_framing__scalability_perspective__feasibility_perspective,negpos,positive,0.9981036653549069,0.0007397866630205426,28,2800,0.9981040794416769
Qwen2.5-1.5B-Instruct,semantic_framing,semantic_framing__scalability_perspective__feasibility_perspective,posneg,negative,0.9980707088742493,0.0007476468731392085,28,2800,0.9981040794416769
Qwen2.5-1.5B-Instruct,semantic_framing,semantic_framing__scalability_perspective__feasibility_perspective,posneg,positive,0.9981162429477086,0.0007259970482579467,28,2800,0.9981040794416769
Qwen2.5-1.5B-Instruct,semantic_framing,semantic_framing__short_term_perspective__long_term_perspective,negpos,negative,0.9983750001448648,0.0006340692108452278,28,2800,0.9982946987321373
Qwen2.5-1.5B-Instruct,semantic_framing,semantic_framing__short_term_perspective__long_term_perspective,negpos,positive,0.9982070361675116,0.0007581484641963253,28,2800,0.9982946987321373
Qwen2.5-1.5B-Instruct,semantic_framing,semantic_framing__short_term_perspective__long_term_perspective,posneg,negative,0.9983636791494975,0.0006265430883820538,28,2800,0.9982946987321373
Qwen2.5-1.5B-Instruct,semantic_framing,semantic_framing__short_term_perspective__long_term_perspective,posneg,positive,0.9982330794666749,0.0007460837830970142,28,2800,0.9982946987321373
Qwen2.5-1.5B-Instruct,semantic_framing,semantic_framing__supply_perspective__demand_perspective,negpos,negative,0.9981707629864076,0.0006934506243597284,28,2800,0.9981192170960799
Qwen2.5-1.5B-Instruct,semantic_framing,semantic_framing__supply_perspective__demand_perspective,negpos,positive,0.9980672388127895,0.000766285229735205,28,2800,0.9981192170960799
Qwen2.5-1.5B-Instruct,semantic_framing,semantic_framing__supply_perspective__demand_perspective,posneg,negative,0.9981471019516972,0.0006670555146204676,28,2800,0.9981192170960799
Qwen2.5-1.5B-Instruct,semantic_framing,semantic_framing__supply_perspective__demand_perspective,posneg,positive,0.9980917646334253,0.0007287626293206272,28,2800,0.9981192170960799
Qwen2.5-1.5B-Instruct,semantic_framing,semantic_framing__technical_perspective__human_centered_perspective,negpos,negative,0.998341792998514,0.0006380581911220022,28,2800,0.9982272602312096
Qwen2.5-1.5B-Instruct,semantic_framing,semantic_framing__technical_perspective__human_centered_perspective,negpos,positive,0.9981590354315116,0.0007171756932362478,28,2800,0.9982272602312096
Qwen2.5-1.5B-Instruct,semantic_framing,semantic_framing__technical_perspective__human_centered_perspective,posneg,negative,0.9982773856510246,0.0006434233064434948,28,2800,0.9982272602312096
Qwen2.5-1.5B-Instruct,semantic_framing,semantic_framing__technical_perspective__human_centered_perspective,posneg,positive,0.9981308268437878,0.0007096001933067845,28,2800,0.9982272602312096
Qwen2.5-1.5B-Instruct,semantic_framing,semantic_framing__tradeoff_perspective__win_win_perspective,negpos,negative,0.9983314279063141,0.000614690543151233,28,2800,0.9982781693265277
Qwen2.5-1.5B-Instruct,semantic_framing,semantic_framing__tradeoff_perspective__win_win_perspective,negpos,positive,0.9981997579457629,0.0007257008217569232,28,2800,0.9982781693265277
Qwen2.5-1.5B-Instruct,semantic_framing,semantic_framing__tradeoff_perspective__win_win_perspective,posneg,negative,0.9983305726448429,0.0006441157920522482,28,2800,0.9982781693265277
Qwen2.5-1.5B-Instruct,semantic_framing,semantic_framing__tradeoff_perspective__win_win_perspective,posneg,positive,0.9982509188091908,0.0007047321371384038,28,2800,0.9982781693265277
Qwen2.5-1.5B-Instruct,semantic_framing,semantic_framing__utility_perspective__rights_perspective,negpos,negative,0.9982085442632062,0.0006821419755151302,28,2800,0.9981633919415582
Qwen2.5-1.5B-Instruct,semantic_framing,semantic_framing__utility_perspective__rights_perspective,negpos,positive,0.9981445493540767,0.0007601388455808834,28,2800,0.9981633919415582
Qwen2.5-1.5B-Instruct,semantic_framing,semantic_framing__utility_perspective__rights_perspective,posneg,negative,0.9981639176764078,0.0006854086023497923,28,2800,0.9981633919415582
Qwen2.5-1.5B-Instruct,semantic_framing,semantic_framing__utility_perspective__rights_perspective,posneg,positive,0.9981365564725422,0.0007501688822278774,28,2800,0.9981633919415582
Qwen2.5-3B-Instruct,ideology,ideology__centralization_support__decentralization_support,negpos,negative,0.9982662395683347,0.0012535006553499055,36,3600,0.9983134584700528
Qwen2.5-3B-Instruct,ideology,ideology__centralization_support__decentralization_support,negpos,positive,0.998326911014758,0.0012365276316054028,36,3600,0.9983134584700528
Qwen2.5-3B-Instruct,ideology,ideology__centralization_support__decentralization_support,posneg,negative,0.998294084058991,0.0012043590319576712,36,3600,0.9983134584700528
Qwen2.5-3B-Instruct,ideology,ideology__centralization_support__decentralization_support,posneg,positive,0.9983665992381273,0.0011950912704132546,36,3600,0.9983134584700528
Qwen2.5-3B-Instruct,ideology,ideology__collective_benefit__personal_benefit,negpos,negative,0.9982613510473402,0.0012198269007430089,36,3600,0.9983342948484588
Qwen2.5-3B-Instruct,ideology,ideology__collective_benefit__personal_benefit,negpos,positive,0.9984128709719902,0.0011684508204518878,36,3600,0.9983342948484588
Qwen2.5-3B-Instruct,ideology,ideology__collective_benefit__personal_benefit,posneg,negative,0.9982462685214178,0.001185018249261821,36,3600,0.9983342948484588
Qwen2.5-3B-Instruct,ideology,ideology__collective_benefit__personal_benefit,posneg,positive,0.9984166888530872,0.0011231909957381398,36,3600,0.9983342948484588
Qwen2.5-3B-Instruct,ideology,ideology__collective_responsibility__individual_responsibility,negpos,negative,0.9982277571014918,0.0012222613750291283,36,3600,0.998277768217208
Qwen2.5-3B-Instruct,ideology,ideology__collective_responsibility__individual_responsibility,negpos,positive,0.9983571818852963,0.001152260979244384,36,3600,0.998277768217208
Qwen2.5-3B-Instruct,ideology,ideology__collective_responsibility__individual_responsibility,posneg,negative,0.9981829311168777,0.0012430224384680122,36,3600,0.998277768217208
Qwen2.5-3B-Instruct,ideology,ideology__collective_responsibility__individual_responsibility,posneg,positive,0.9983432027651664,0.0011546301156680865,36,3600,0.998277768217208
Qwen2.5-3B-Instruct,ideology,ideology__collective_security__civil_liberty,negpos,negative,0.9983197267545066,0.0011441198353786468,36,3600,0.9983411375210034
Qwen2.5-3B-Instruct,ideology,ideology__collective_security__civil_liberty,negpos,positive,0.9983858358981446,0.0011186783955323253,36,3600,0.9983411375210034
Qwen2.5-3B-Instruct,ideology,ideology__collective_security__civil_liberty,posneg,negative,0.9982900091208015,0.001165903068264908,36,3600,0.9983411375210034
Qwen2.5-3B-Instruct,ideology,ideology__collective_security__civil_liberty,posneg,positive,0.9983689783105612,0.001127899393151721,36,3600,0.9983411375210034
Qwen2.5-3B-Instruct,ideology,ideology__collective_welfare__individual_liberty,negpos,negative,0.9983141754452597,0.0011815383491720725,36,3600,0.9983605826350846
Qwen2.5-3B-Instruct,ideology,ideology__collective_welfare__individual_liberty,negpos,positive,0.9984172657464039,0.0011101562204169626,36,3600,0.9983605826350846
Qwen2.5-3B-Instruct,ideology,ideology__collective_welfare__individual_liberty,posneg,negative,0.9982902325829274,0.0011968915249565381,36,3600,0.9983605826350846
Qwen2.5-3B-Instruct,ideology,ideology__collective_welfare__individual_liberty,posneg,positive,0.9984206567657475,0.0011157756065343389,36,3600,0.9983605826350846
Qwen2.5-3B-Instruct,ideology,ideology__competition_policy__cooperation_policy,negpos,negative,0.9982745612791812,0.0011958212270970121,36,3600,0.9983104279966714
Qwen2.5-3B-Instruct,ideology,ideology__competition_policy__cooperation_policy,negpos,positive,0.9983342937876919,0.0011597528334893108,36,3600,0.9983104279966714
Qwen2.5-3B-Instruct,ideology,ideology__competition_policy__cooperation_policy,posneg,negative,0.9982707717485843,0.0011782605813531598,36,3600,0.9983104279966714
Qwen2.5-3B-Instruct,ideology,ideology__competition_policy__cooperation_policy,posneg,positive,0.9983620851712279,0.0011458864226529457,36,3600,0.9983104279966714
Qwen2.5-3B-Instruct,ideology,ideology__consumer_protection__corporate_freedom,negpos,negative,0.9982705307442595,0.0011659977102694225,36,3600,0.9983380081947895
Qwen2.5-3B-Instruct,ideology,ideology__consumer_protection__corporate_freedom,negpos,positive,0.998390371856471,0.0011457418568008276,36,3600,0.9983380081947895
Qwen2.5-3B-Instruct,ideology,ideology__consumer_protection__corporate_freedom,posneg,negative,0.9982897255480974,0.0011720739760690576,36,3600,0.9983380081947895
Qwen2.5-3B-Instruct,ideology,ideology__consumer_protection__corporate_freedom,posneg,positive,0.99840140463033,0.0011400908172329676,36,3600,0.9983380081947895
Qwen2.5-3B-Instruct,ideology,ideology__data_protection_priority__data_utilization_priority,negpos,negative,0.9982785336992952,0.0007043542970599944,36,3600,0.9983236008077954
Qwen2.5-3B-Instruct,ideology,ideology__data_protection_priority__data_utilization_priority,negpos,positive,0.9983798795503199,0.0006761905969108216,36,3600,0.9983236008077954
Qwen2.5-3B-Instruct,ideology,ideology__data_protection_priority__data_utilization_priority,posneg,negative,0.9982568528025735,0.0007062941046334872,36,3600,0.9983236008077954
Qwen2.5-3B-Instruct,ideology,ideology__data_protection_priority__data_utilization_priority,posneg,positive,0.9983791371789926,0.0006692177804159631,36,3600,0.9983236008077954
Qwen2.5-3B-Instruct,ideology,ideology__economic_growth_priority__sustainability_priority,negpos,negative,0.9982010158820042,0.0012460257344371797,36,3600,0.9982457198953267
Qwen2.5-3B-Instruct,ideology,ideology__economic_growth_priority__sustainability_priority,negpos,positive,0.9982620953196899,0.0011910118222780597,36,3600,0.9982457198953267
Qwen2.5-3B-Instruct,ideology,ideology__economic_growth_priority__sustainability_priority,posneg,negative,0.9982018647776982,0.001230440173589443,36,3600,0.9982457198953267
Qwen2.5-3B-Instruct,ideology,ideology__economic_growth_priority__sustainability_priority,posneg,positive,0.9983179036019144,0.0011667044368489203,36,3600,0.9982457198953267
Qwen2.5-3B-Instruct,ideology,ideology__energy_transition__fossil_energy_support,negpos,negative,0.998265229380443,0.0012618668221820821,36,3600,0.9982991989358572
Qwen2.5-3B-Instruct,ideology,ideology__energy_transition__fossil_energy_support,negpos,positive,0.9983327720798312,0.0011479919726149687,36,3600,0.9982991989358572
Qwen2.5-3B-Instruct,ideology,ideology__energy_transition__fossil_energy_support,posneg,negative,0.9982724257354322,0.0012321996688232147,36,3600,0.9982991989358572
Qwen2.5-3B-Instruct,ideology,ideology__energy_transition__fossil_energy_support,posneg,positive,0.998326368547722,0.0011524817276535263,36,3600,0.9982991989358572
Qwen2.5-3B-Instruct,ideology,ideology__environmental_protection__economic_growth,negpos,negative,0.9982799572701264,0.0012456898120354624,36,3600,0.9983318952426212
Qwen2.5-3B-Instruct,ideology,ideology__environmental_protection__economic_growth,negpos,positive,0.9983955521284129,0.001113695642105359,36,3600,0.9983318952426212
Qwen2.5-3B-Instruct,ideology,ideology__environmental_protection__economic_growth,posneg,negative,0.9982669408946508,0.001250466667907921,36,3600,0.9983318952426212
Qwen2.5-3B-Instruct,ideology,ideology__environmental_protection__economic_growth,posneg,positive,0.9983851306772945,0.0011186338908850987,36,3600,0.9983318952426212
Qwen2.5-3B-Instruct,ideology,ideology__equality_priority__merit_priority,negpos,negative,0.9983270534414657,0.0011897534298721082,36,3600,0.9983875088382882
Qwen2.5-3B-Instruct,ideology,ideology__equality_priority__merit_priority,negpos,positive,0.998443850742436,0.0011320910071557706,36,3600,0.9983875088382882
Qwen2.5-3B-Instruct,ideology,ideology__equality_priority__merit_priority,posneg,negative,0.9983260350739437,0.0011918859560182693,36,3600,0.9983875088382882
Qwen2.5-3B-Instruct,ideology,ideology__equality_priority__merit_priority,posneg,positive,0.9984530960953073,0.001126111384355633,36,3600,0.9983875088382882
Qwen2.5-3B-Instruct,ideology,ideology__equity_priority__efficiency_priority,negpos,negative,0.9982887454302709,0.0012024523251949798,36,3600,0.9983436098103108
Qwen2.5-3B-Instruct,ideology,ideology__equity_priority__efficiency_priority,negpos,positive,0.9983888097936586,0.0011875316116723633,36,3600,0.9983436098103108
Qwen2.5-3B-Instruct,ideology,ideology__equity_priority__efficiency_priority,posneg,negative,0.9982834349969895,0.0011815613424780232,36,3600,0.9983436098103108
Qwen2.5-3B-Instruct,ideology,ideology__equity_priority__efficiency_priority,posneg,positive,0.998413449020324,0.001158530711342772,36,3600,0.9983436098103108
Qwen2.5-3B-Instruct,ideology,ideology__global_cooperation__national_self_reliance,negpos,negative,0.9982202170099712,0.0011439393535554055,36,3600,0.998301336866175
Qwen2.5-3B-Instruct,ideology,ideology__global_cooperation__national_self_reliance,negpos,positive,0.9983659709949939,0.0010928666118764229,36,3600,0.998301336866175
Qwen2.5-3B-Instruct,ideology,ideology__global_cooperation__national_self_reliance,posneg,negative,0.9982287042820496,0.0011307709908924516,36,3600,0.998301336866175
Qwen2.5-3B-Instruct,ideology,ideology__global_cooperation__national_self_reliance,posneg,positive,0.9983904551776851,0.0010714790255008549,36,3600,0.998301336866175
Qwen2.5-3B-Instruct,ideology,ideology__government_intervention__free_market,negpos,negative,0.9982624944303188,0.0011831701178330763,36,3600,0.9983307120323263
Qwen2.5-3B-Instruct,ideology,ideology__government_intervention__free_market,negpos,positive,0.9983755854980413,0.0011781902431267797,36,3600,0.9983307120323263
Qwen2.5-3B-Instruct,ideology,ideology__government_intervention__free_market,posneg,negative,0.9982814684168633,0.0011370576391416393,36,3600,0.9983307120323263
Qwen2.5-3B-Instruct,ideology,ideology__government_intervention__free_market,posneg,positive,0.9984032997840817,0.001128799565203909,36,3600,0.9983307120323263
Qwen2.5-3B-Instruct,ideology,ideology__hierarchy_support__egalitarianism_support,negpos,negative,0.9982718430149473,0.001223285156797578,36,3600,0.9983117168338657
Qwen2.5-3B-Instruct,ideology,ideology__hierarchy_support__egalitarianism_support,negpos,positive,0.9983343292815763,0.0012215823220011676,36,3600,0.9983117168338657
Qwen2.5-3B-Instruct,ideology,ideology__hierarchy_support__egalitarianism_support,posneg,negative,0.9982788200201339,0.0011531245897776702,36,3600,0.9983117168338657
Qwen2.5-3B-Instruct,ideology,ideology__hierarchy_support__egalitarianism_support,posneg,positive,0.998361875018805,0.0011597973144037465,36,3600,0.9983117168338657
Qwen2.5-3B-Instruct,ideology,ideology__human_rights_priority__sovereignty_priority,negpos,negative,0.9982889103306847,0.0011945324525162939,36,3600,0.998342593145321
Qwen2.5-3B-Instruct,ideology,ideology__human_rights_priority__sovereignty_priority,negpos,positive,0.9984195169037814,0.0011130112442073014,36,3600,0.998342593145321
Qwen2.5-3B-Instruct,ideology,ideology__human_rights_priority__sovereignty_priority,posneg,negative,0.9982431308542741,0.0012329398830968276,36,3600,0.998342593145321
Qwen2.5-3B-Instruct,ideology,ideology__human_rights_priority__sovereignty_priority,posneg,positive,0.9984188144925441,0.0011530392717020175,36,3600,0.998342593145321
Qwen2.5-3B-Instruct,ideology,ideology__inclusive_policy__selective_policy,negpos,negative,0.9982799062715038,0.0012258576466366168,36,3600,0.9983160143266693
Qwen2.5-3B-Instruct,ideology,ideology__inclusive_policy__selective_policy,negpos,positive,0.9983716362906409,0.0011249781091674717,36,3600,0.9983160143266693
Qwen2.5-3B-Instruct,ideology,ideology__inclusive_policy__selective_policy,posneg,negative,0.9982555884850929,0.001248173186921999,36,3600,0.9983160143266693
Qwen2.5-3B-Instruct,ideology,ideology__inclusive_policy__selective_policy,posneg,positive,0.9983569262594396,0.001134610875309587,36,3600,0.9983160143266693
Qwen2.5-3B-Instruct,ideology,ideology__industrial_policy__market_coordination,negpos,negative,0.9982371106547172,0.0012187560353734198,36,3600,0.9982969849277308
Qwen2.5-3B-Instruct,ideology,ideology__industrial_policy__market_coordination,negpos,positive,0.9983431786403708,0.0011575862673736117,36,3600,0.9982969849277308
Qwen2.5-3B-Instruct,ideology,ideology__industrial_policy__market_coordination,posneg,negative,0.9982565875707,0.0011953903560225627,36,3600,0.9982969849277308
Qwen2.5-3B-Instruct,ideology,ideology__industrial_policy__market_coordination,posneg,positive,0.9983510628451353,0.0011308221733763522,36,3600,0.9982969849277308
Qwen2.5-3B-Instruct,ideology,ideology__institution_trust__institution_skepticism,negpos,negative,0.9982184730603739,0.0011947309513947952,36,3600,0.9982611997641442
Qwen2.5-3B-Instruct,ideology,ideology__institution_trust__institution_skepticism,negpos,positive,0.9983650240460017,0.0011521916749618506,36,3600,0.9982611997641442
Qwen2.5-3B-Instruct,ideology,ideology__institution_trust__institution_skepticism,posneg,negative,0.998111779309737,0.0013105442502498624,36,3600,0.9982611997641442
Qwen2.5-3B-Instruct,ideology,ideology__institution_trust__institution_skepticism,posneg,positive,0.9983495226404643,0.0011851083413669035,36,3600,0.9982611997641442
Qwen2.5-3B-Instruct,ideology,ideology__institutional_solutions__market_solutions,negpos,negative,0.9982744812779587,0.0011953912247293188,36,3600,0.998346394047355
Qwen2.5-3B-Instruct,ideology,ideology__institutional_solutions__market_solutions,negpos,positive,0.9984155284489733,0.0011298788320845108,36,3600,0.998346394047355
Qwen2.5-3B-Instruct,ideology,ideology__institutional_solutions__market_solutions,posneg,negative,0.9982737851623131,0.0012091646306744582,36,3600,0.998346394047355
Qwen2.5-3B-Instruct,ideology,ideology__institutional_solutions__market_solutions,posneg,positive,0.998421781300175,0.001139165929540369,36,3600,0.998346394047355
Qwen2.5-3B-Instruct,ideology,ideology__law_and_order__reform_priority,negpos,negative,0.9982986183906069,0.0011745605993796918,36,3600,0.9983545967188547
Qwen2.5-3B-Instruct,ideology,ideology__law_and_order__reform_priority,negpos,positive,0.9984138718927303,0.0011360569756271792,36,3600,0.9983545967188547
Qwen2.5-3B-Instruct,ideology,ideology__law_and_order__reform_priority,posneg,negative,0.9982925846833504,0.001171045351957743,36,3600,0.9983545967188547
Qwen2.5-3B-Instruct,ideology,ideology__law_and_order__reform_priority,posneg,positive,0.9984133119087316,0.001124327338375209,36,3600,0.9983545967188547
Qwen2.5-3B-Instruct,ideology,ideology__long_term_stability__rapid_innovation,negpos,negative,0.9983203051225618,0.0011209398566156194,36,3600,0.99834647343868
Qwen2.5-3B-Instruct,ideology,ideology__long_term_stability__rapid_innovation,negpos,positive,0.9983728427622144,0.00112183788634572,36,3600,0.99834647343868
Qwen2.5-3B-Instruct,ideology,ideology__long_term_stability__rapid_innovation,posneg,negative,0.9982969667225162,0.001119624720927306,36,3600,0.99834647343868
Qwen2.5-3B-Instruct,ideology,ideology__long_term_stability__rapid_innovation,posneg,positive,0.9983957791474274,0.0011209739768784995,36,3600,0.99834647343868
Qwen2.5-3B-Instruct,ideology,ideology__national_priority__global_priority,negpos,negative,0.9983239733042039,0.0012160671027397355,36,3600,0.9983609293284917
Qwen2.5-3B-Instruct,ideology,ideology__national_priority__global_priority,negpos,positive,0.9983842574107471,0.0011555116982132746,36,3600,0.9983609293284917
Qwen2.5-3B-Instruct,ideology,ideology__national_priority__global_priority,posneg,negative,0.9983314914452082,0.0011892338614533744,36,3600,0.9983609293284917
Qwen2.5-3B-Instruct,ideology,ideology__national_priority__global_priority,posneg,positive,0.9984039951538077,0.0011331709321057187,36,3600,0.9983609293284917
Qwen2.5-3B-Instruct,ideology,ideology__policy_gradualism__policy_radicalism,negpos,negative,0.9982773108488868,0.0007261963461688406,36,3600,0.9983536987338005
Qwen2.5-3B-Instruct,ideology,ideology__policy_gradualism__policy_radicalism,negpos,positive,0.998437111798084,0.0006802895820686687,36,3600,0.9983536987338005
Qwen2.5-3B-Instruct,ideology,ideology__policy_gradualism__policy_radicalism,posneg,negative,0.9982598034457583,0.0007013617091086521,36,3600,0.9983536987338005
Qwen2.5-3B-Instruct,ideology,ideology__policy_gradualism__policy_radicalism,posneg,positive,0.998440568842473,0.0006386372381523997,36,3600,0.9983536987338005
Qwen2.5-3B-Instruct,ideology,ideology__precautionary_principle__innovation_principle,negpos,negative,0.9982476431939696,0.0012264520430587385,36,3600,0.9983056842590297
Qwen2.5-3B-Instruct,ideology,ideology__precautionary_principle__innovation_principle,negpos,positive,0.9983827094637766,0.0011482640011903887,36,3600,0.9983056842590297
Qwen2.5-3B-Instruct,ideology,ideology__precautionary_principle__innovation_principle,posneg,negative,0.998201134103803,0.001255964120222535,36,3600,0.9983056842590297
Qwen2.5-3B-Instruct,ideology,ideology__precautionary_principle__innovation_principle,posneg,positive,0.9983912502745694,0.0011433129191186625,36,3600,0.9983056842590297
Qwen2.5-3B-Instruct,ideology,ideology__precautionary_regulation__innovation_deregulation,negpos,negative,0.9982413503704053,0.0011523296846662927,36,3600,0.998278406881703
Qwen2.5-3B-Instruct,ideology,ideology__precautionary_regulation__innovation_deregulation,negpos,positive,0.9983307041772947,0.0011056413358788608,36,3600,0.998278406881703
Qwen2.5-3B-Instruct,ideology,ideology__precautionary_regulation__innovation_deregulation,posneg,negative,0.998209979998357,0.0011794200576586574,36,3600,0.998278406881703
Qwen2.5-3B-Instruct,ideology,ideology__precautionary_regulation__innovation_deregulation,posneg,positive,0.998331592980755,0.001126738707045428,36,3600,0.998278406881703
Qwen2.5-3B-Instruct,ideology,ideology__privacy_priority__surveillance_acceptance,negpos,negative,0.9983110983196336,0.001195086407627742,36,3600,0.9983344762598523
Qwen2.5-3B-Instruct,ideology,ideology__privacy_priority__surveillance_acceptance,negpos,positive,0.9983783851867482,0.001162809866907476,36,3600,0.9983344762598523
Qwen2.5-3B-Instruct,ideology,ideology__privacy_priority__surveillance_acceptance,posneg,negative,0.998263106290397,0.0012183311169231081,36,3600,0.9983344762598523
Qwen2.5-3B-Instruct,ideology,ideology__privacy_priority__surveillance_acceptance,posneg,positive,0.9983853152426305,0.0011744853171120674,36,3600,0.9983344762598523
Qwen2.5-3B-Instruct,ideology,ideology__protectionism__free_trade,negpos,negative,0.9982744852614116,0.001186898485062682,36,3600,0.9983183509031273
Qwen2.5-3B-Instruct,ideology,ideology__protectionism__free_trade,negpos,positive,0.9983221127220232,0.001156222598737751,36,3600,0.9983183509031273
Qwen2.5-3B-Instruct,ideology,ideology__protectionism__free_trade,posneg,negative,0.9983239528915951,0.0011662983196135857,36,3600,0.9983183509031273
Qwen2.5-3B-Instruct,ideology,ideology__protectionism__free_trade,posneg,positive,0.9983528527374789,0.001144288005202197,36,3600,0.9983183509031273
Qwen2.5-3B-Instruct,ideology,ideology__public_health_priority__economic_activity_priority,negpos,negative,0.9983306074447262,0.0007208597080253091,36,3600,0.9983800685985358
Qwen2.5-3B-Instruct,ideology,ideology__public_health_priority__economic_activity_priority,negpos,positive,0.9984382814797256,0.0006729187242943055,36,3600,0.9983800685985358
Qwen2.5-3B-Instruct,ideology,ideology__public_health_priority__economic_activity_priority,posneg,negative,0.9983012802373114,0.0007433658378055332,36,3600,0.9983800685985358
Qwen2.5-3B-Instruct,ideology,ideology__public_health_priority__economic_activity_priority,posneg,positive,0.9984501052323801,0.0006848397167579673,36,3600,0.9983800685985358
Qwen2.5-3B-Instruct,ideology,ideology__public_interest__private_interest,negpos,negative,0.9982322147780701,0.001230728535403891,36,3600,0.9983142205119122
Qwen2.5-3B-Instruct,ideology,ideology__public_interest__private_interest,negpos,positive,0.9983824838010322,0.0011050941713865905,36,3600,0.9983142205119122
Qwen2.5-3B-Instruct,ideology,ideology__public_interest__private_interest,posneg,negative,0.9982426844251524,0.0011987409240363336,36,3600,0.9983142205119122
Qwen2.5-3B-Instruct,ideology,ideology__public_interest__private_interest,posneg,positive,0.9983994990433942,0.0010755432747083162,36,3600,0.9983142205119122
Qwen2.5-3B-Instruct,ideology,ideology__public_sector_priority__private_sector_priority,negpos,negative,0.9981617288150324,0.0013173670183672759,36,3600,0.9982234574251739
Qwen2.5-3B-Instruct,ideology,ideology__public_sector_priority__private_sector_priority,negpos,positive,0.9982660846630351,0.0012451559557676228,36,3600,0.9982234574251739
Qwen2.5-3B-Instruct,ideology,ideology__public_sector_priority__private_sector_priority,posneg,negative,0.9981687914102477,0.0012844807603646453,36,3600,0.9982234574251739
Qwen2.5-3B-Instruct,ideology,ideology__public_sector_priority__private_sector_priority,posneg,positive,0.9982972248123804,0.0012118500971700734,36,3600,0.9982234574251739
Qwen2.5-3B-Instruct,ideology,ideology__punishment_oriented__rehabilitation_oriented,negpos,negative,0.9982840175048793,0.0012535555223772274,36,3600,0.9983079330205193
Qwen2.5-3B-Instruct,ideology,ideology__punishment_oriented__rehabilitation_oriented,negpos,positive,0.9983410848567504,0.0011779570236927167,36,3600,0.9983079330205193
Qwen2.5-3B-Instruct,ideology,ideology__punishment_oriented__rehabilitation_oriented,posneg,negative,0.9982651303604704,0.0012617081169784094,36,3600,0.9983079330205193
Qwen2.5-3B-Instruct,ideology,ideology__punishment_oriented__rehabilitation_oriented,posneg,positive,0.9983414993599771,0.0011817009280246729,36,3600,0.9983079330205193
Qwen2.5-3B-Instruct,ideology,ideology__redistribution__wealth_concentration_acceptance,negpos,negative,0.9982669778580754,0.0011959962850980861,36,3600,0.9983031580570665
Qwen2.5-3B-Instruct,ideology,ideology__redistribution__wealth_concentration_acceptance,negpos,positive,0.998348693412733,0.0011284794600892939,36,3600,0.9983031580570665
Qwen2.5-3B-Instruct,ideology,ideology__redistribution__wealth_concentration_acceptance,posneg,negative,0.998274742109328,0.0011644016994950856,36,3600,0.9983031580570665
Qwen2.5-3B-Instruct,ideology,ideology__redistribution__wealth_concentration_acceptance,posneg,positive,0.9983222188481297,0.001122507775474171,36,3600,0.9983031580570665
Qwen2.5-3B-Instruct,ideology,ideology__redistribution_supporting__market_outcome_supporting,negpos,negative,0.9982182539590008,0.001229069066442029,36,3600,0.9982948770459991
Qwen2.5-3B-Instruct,ideology,ideology__redistribution_supporting__market_outcome_supporting,negpos,positive,0.99834218927106,0.0011625680861768065,36,3600,0.9982948770459991
Qwen2.5-3B-Instruct,ideology,ideology__redistribution_supporting__market_outcome_supporting,posneg,negative,0.9982394628694187,0.0011699024380515278,36,3600,0.9982948770459991
Qwen2.5-3B-Instruct,ideology,ideology__redistribution_supporting__market_outcome_supporting,posneg,positive,0.9983796020845167,0.0011017627732414763,36,3600,0.9982948770459991
Qwen2.5-3B-Instruct,ideology,ideology__regulation_of_technology__tech_self_governance,negpos,negative,0.9983771391159773,0.0006708441620000034,36,3600,0.998419736539039
Qwen2.5-3B-Instruct,ideology,ideology__regulation_of_technology__tech_self_governance,negpos,positive,0.9984957582399575,0.0006584778002799449,36,3600,0.998419736539039
Qwen2.5-3B-Instruct,ideology,ideology__regulation_of_technology__tech_self_governance,posneg,negative,0.9983410090045864,0.0006763796144130352,36,3600,0.998419736539039
Qwen2.5-3B-Instruct,ideology,ideology__regulation_of_technology__tech_self_governance,posneg,positive,0.9984650397956352,0.0006469140183922295,36,3600,0.998419736539039
Qwen2.5-3B-Instruct,ideology,ideology__regulation_supporting__deregulation_supporting,negpos,negative,0.9982714085838025,0.0012440088953439433,36,3600,0.9983080408139009
Qwen2.5-3B-Instruct,ideology,ideology__regulation_supporting__deregulation_supporting,negpos,positive,0.998350239637499,0.0012090015680516876,36,3600,0.9983080408139009
Qwen2.5-3B-Instruct,ideology,ideology__regulation_supporting__deregulation_supporting,posneg,negative,0.9982449384035923,0.0012289919508401367,36,3600,0.9983080408139009
Qwen2.5-3B-Instruct,ideology,ideology__regulation_supporting__deregulation_supporting,posneg,positive,0.9983655766307097,0.0011917105292326,36,3600,0.9983080408139009
Qwen2.5-3B-Instruct,ideology,ideology__regulatory_caution__entrepreneurial_freedom,negpos,negative,0.9982742309574681,0.0011848479935618575,36,3600,0.9983259782161993
Qwen2.5-3B-Instruct,ideology,ideology__regulatory_caution__entrepreneurial_freedom,negpos,positive,0.9983677303386277,0.0011840316717784487,36,3600,0.9983259782161993
Qwen2.5-3B-Instruct,ideology,ideology__regulatory_caution__entrepreneurial_freedom,posneg,negative,0.9982736767664058,0.00116976143306599,36,3600,0.9983259782161993
Qwen2.5-3B-Instruct,ideology,ideology__regulatory_caution__entrepreneurial_freedom,posneg,positive,0.9983882748022955,0.001157086849047367,36,3600,0.9983259782161993
Qwen2.5-3B-Instruct,ideology,ideology__resource_conservation__resource_utilization,negpos,negative,0.9982929323314723,0.001197199698846766,36,3600,0.9983552025871527
Qwen2.5-3B-Instruct,ideology,ideology__resource_conservation__resource_utilization,negpos,positive,0.9984190890744146,0.001132918502089759,36,3600,0.9983552025871527
Qwen2.5-3B-Instruct,ideology,ideology__resource_conservation__resource_utilization,posneg,negative,0.9982964971219227,0.0011784776065968026,36,3600,0.9983552025871527
Qwen2.5-3B-Instruct,ideology,ideology__resource_conservation__resource_utilization,posneg,positive,0.9984122918208013,0.001116134678762093,36,3600,0.9983552025871527
Qwen2.5-3B-Instruct,ideology,ideology__risk_averse__risk_seeking,negpos,negative,0.9983026412199284,0.0011246100523382488,36,3600,0.9983403905369957
Qwen2.5-3B-Instruct,ideology,ideology__risk_averse__risk_seeking,negpos,positive,0.9983917206413473,0.0011235558308018562,36,3600,0.9983403905369957
Qwen2.5-3B-Instruct,ideology,ideology__risk_averse__risk_seeking,posneg,negative,0.9982740815880842,0.0011623525251671016,36,3600,0.9983403905369957
Qwen2.5-3B-Instruct,ideology,ideology__risk_averse__risk_seeking,posneg,positive,0.9983931186986231,0.0011371475219713188,36,3600,0.9983403905369957
Qwen2.5-3B-Instruct,ideology,ideology__security_priority__freedom_priority,negpos,negative,0.9983052222334202,0.0011895428832949106,36,3600,0.9983483210691255
Qwen2.5-3B-Instruct,ideology,ideology__security_priority__freedom_priority,negpos,positive,0.9983749026267711,0.0011557566666079554,36,3600,0.9983483210691255
Qwen2.5-3B-Instruct,ideology,ideology__security_priority__freedom_priority,posneg,negative,0.9983093073524331,0.001174390361757979,36,3600,0.9983483210691255
Qwen2.5-3B-Instruct,ideology,ideology__security_priority__freedom_priority,posneg,positive,0.9984038520638777,0.0011394703162886037,36,3600,0.9983483210691255
Qwen2.5-3B-Instruct,ideology,ideology__social_cohesion__individual_autonomy,negpos,negative,0.9982856289408897,0.0011875945103712688,36,3600,0.998341473680525
Qwen2.5-3B-Instruct,ideology,ideology__social_cohesion__individual_autonomy,negpos,positive,0.9983890022208673,0.0011178773254355181,36,3600,0.998341473680525
Qwen2.5-3B-Instruct,ideology,ideology__social_cohesion__individual_autonomy,posneg,negative,0.9982755223648001,0.0011889585556545787,36,3600,0.998341473680525
Qwen2.5-3B-Instruct,ideology,ideology__social_cohesion__individual_autonomy,posneg,positive,0.9984157411955424,0.0011099284959498533,36,3600,0.998341473680525
Qwen2.5-3B-Instruct,ideology,ideology__social_equality__outcome_inequality_acceptance,negpos,negative,0.998295500931271,0.0006954358479116528,36,3600,0.9983306766656777
Qwen2.5-3B-Instruct,ideology,ideology__social_equality__outcome_inequality_acceptance,negpos,positive,0.9983651731955775,0.0006704109845050252,36,3600,0.9983306766656777
Qwen2.5-3B-Instruct,ideology,ideology__social_equality__outcome_inequality_acceptance,posneg,negative,0.9982541737101607,0.000692503369263917,36,3600,0.9983306766656777
Qwen2.5-3B-Instruct,ideology,ideology__social_equality__outcome_inequality_acceptance,posneg,positive,0.9984078588257014,0.0006557103419748811,36,3600,0.9983306766656777
Qwen2.5-3B-Instruct,ideology,ideology__social_safety_net__minimal_welfare,negpos,negative,0.9982699648212257,0.0012015374646435477,36,3600,0.9983314749662386
Qwen2.5-3B-Instruct,ideology,ideology__social_safety_net__minimal_welfare,negpos,positive,0.9983922383905439,0.0011392100088580585,36,3600,0.9983314749662386
Qwen2.5-3B-Instruct,ideology,ideology__social_safety_net__minimal_welfare,posneg,negative,0.9982557757767991,0.0012054687288679845,36,3600,0.9983314749662386
Qwen2.5-3B-Instruct,ideology,ideology__social_safety_net__minimal_welfare,posneg,positive,0.998407920876386,0.0011248140544951213,36,3600,0.9983314749662386
Qwen2.5-3B-Instruct,ideology,ideology__social_stability__disruptive_change,negpos,negative,0.9982995008819616,0.0011821467778942937,36,3600,0.9983247427663962
Qwen2.5-3B-Instruct,ideology,ideology__social_stability__disruptive_change,negpos,positive,0.9983303371079939,0.001143541583557009,36,3600,0.9983247427663962
Qwen2.5-3B-Instruct,ideology,ideology__social_stability__disruptive_change,posneg,negative,0.9982988810103871,0.0011689226225839791,36,3600,0.9983247427663962
Qwen2.5-3B-Instruct,ideology,ideology__social_stability__disruptive_change,posneg,positive,0.9983702520652419,0.0011289172726175996,36,3600,0.9983247427663962
Qwen2.5-3B-Instruct,ideology,ideology__strict_regulation__flexible_regulation,negpos,negative,0.9982700479868805,0.001208672818742379,36,3600,0.9983080498301061
Qwen2.5-3B-Instruct,ideology,ideology__strict_regulation__flexible_regulation,negpos,positive,0.9983177909461367,0.0011257781059411398,36,3600,0.9983080498301061
Qwen2.5-3B-Instruct,ideology,ideology__strict_regulation__flexible_regulation,posneg,negative,0.9982849703075463,0.001197787479125814,36,3600,0.9983080498301061
Qwen2.5-3B-Instruct,ideology,ideology__strict_regulation__flexible_regulation,posneg,positive,0.9983593900798612,0.0011092759629285171,36,3600,0.9983080498301061
Qwen2.5-3B-Instruct,ideology,ideology__tradition_priority__progress_priority,negpos,negative,0.9982935719645573,0.0012165475230333574,36,3600,0.9983422732030964
Qwen2.5-3B-Instruct,ideology,ideology__tradition_priority__progress_priority,negpos,positive,0.9983855299340322,0.0011613789125351965,36,3600,0.9983422732030964
Qwen2.5-3B-Instruct,ideology,ideology__tradition_priority__progress_priority,posneg,negative,0.9982805091854059,0.001200301331874091,36,3600,0.9983422732030964
Qwen2.5-3B-Instruct,ideology,ideology__tradition_priority__progress_priority,posneg,positive,0.9984094817283905,0.0011423218116442622,36,3600,0.9983422732030964
Qwen2.5-3B-Instruct,ideology,ideology__universal_policy__targeted_policy,negpos,negative,0.9983026936924042,0.0011848467146445133,36,3600,0.9983077142496349
Qwen2.5-3B-Instruct,ideology,ideology__universal_policy__targeted_policy,negpos,positive,0.9982720841753768,0.001127349850865892,36,3600,0.9983077142496349
Qwen2.5-3B-Instruct,ideology,ideology__universal_policy__targeted_policy,posneg,negative,0.998317041560757,0.0011577441783153402,36,3600,0.9983077142496349
Qwen2.5-3B-Instruct,ideology,ideology__universal_policy__targeted_policy,posneg,positive,0.9983390375700019,0.0010962945005257858,36,3600,0.9983077142496349
Qwen2.5-3B-Instruct,ideology,ideology__urban_development__environmental_preservation,negpos,negative,0.9982880162016541,0.0011756364446999159,36,3600,0.9983147714313132
Qwen2.5-3B-Instruct,ideology,ideology__urban_development__environmental_preservation,negpos,positive,0.9983225965008621,0.001200186430897014,36,3600,0.9983147714313132
Qwen2.5-3B-Instruct,ideology,ideology__urban_development__environmental_preservation,posneg,negative,0.9982967179188491,0.0011605595832041217,36,3600,0.9983147714313132
Qwen2.5-3B-Instruct,ideology,ideology__urban_development__environmental_preservation,posneg,positive,0.9983517551038877,0.0011726517022214345,36,3600,0.9983147714313132
Qwen2.5-3B-Instruct,ideology,ideology__welfare_expansion__fiscal_restraint,negpos,negative,0.9982912543860899,0.001205078992467061,36,3600,0.998343324921525
Qwen2.5-3B-Instruct,ideology,ideology__welfare_expansion__fiscal_restraint,negpos,positive,0.9983640182417209,0.001139477640056119,36,3600,0.998343324921525
Qwen2.5-3B-Instruct,ideology,ideology__welfare_expansion__fiscal_restraint,posneg,negative,0.9983140482153533,0.0011772139993685483,36,3600,0.998343324921525
Qwen2.5-3B-Instruct,ideology,ideology__welfare_expansion__fiscal_restraint,posneg,positive,0.9984039788429361,0.0011131229955749845,36,3600,0.998343324921525
Qwen2.5-3B-Instruct,linguistic_style,linguistic_style__abstract_wording__concrete_wording,negpos,negative,0.9977958364267818,0.001584869274958438,36,3600,0.9978338621511932
Qwen2.5-3B-Instruct,linguistic_style,linguistic_style__abstract_wording__concrete_wording,negpos,positive,0.9977712061637489,0.0015298506418631942,36,3600,0.9978338621511932
Qwen2.5-3B-Instruct,linguistic_style,linguistic_style__abstract_wording__concrete_wording,posneg,negative,0.9978590583608786,0.0015304208082576975,36,3600,0.9978338621511932
Qwen2.5-3B-Instruct,linguistic_style,linguistic_style__abstract_wording__concrete_wording,posneg,positive,0.9979093476533633,0.0014364504362808748,36,3600,0.9978338621511932
Qwen2.5-3B-Instruct,linguistic_style,linguistic_style__academic_style__everyday_style,negpos,negative,0.9974897960524641,0.0019168685281447926,36,3600,0.9977685980633633
Qwen2.5-3B-Instruct,linguistic_style,linguistic_style__academic_style__everyday_style,negpos,positive,0.9978736844669113,0.001309808541649865,36,3600,0.9977685980633633
Qwen2.5-3B-Instruct,linguistic_style,linguistic_style__academic_style__everyday_style,posneg,negative,0.9977041280174522,0.0017585894643446533,36,3600,0.9977685980633633
Qwen2.5-3B-Instruct,linguistic_style,linguistic_style__academic_style__everyday_style,posneg,positive,0.9980067837166255,0.0012496405745411057,36,3600,0.9977685980633633
Qwen2.5-3B-Instruct,linguistic_style,linguistic_style__analytic_presentation__descriptive_presentation,negpos,negative,0.9981086953687708,0.0013458023427025552,36,3600,0.998107005218234
Qwen2.5-3B-Instruct,linguistic_style,linguistic_style__analytic_presentation__descriptive_presentation,negpos,positive,0.9980015408740373,0.0012968462360495774,36,3600,0.998107005218234
Qwen2.5-3B-Instruct,linguistic_style,linguistic_style__analytic_presentation__descriptive_presentation,posneg,negative,0.9981590085762425,0.0013263765501598914,36,3600,0.998107005218234
Qwen2.5-3B-Instruct,linguistic_style,linguistic_style__analytic_presentation__descriptive_presentation,posneg,positive,0.9981587760538857,0.001269652990758533,36,3600,0.998107005218234
Qwen2.5-3B-Instruct,linguistic_style,linguistic_style__basic_vocabulary__advanced_vocabulary,negpos,negative,0.9977868342308083,0.0015134024819406153,36,3600,0.9975543244399089
Qwen2.5-3B-Instruct,linguistic_style,linguistic_style__basic_vocabulary__advanced_vocabulary,negpos,positive,0.9973950624933965,0.0019791657090797474,36,3600,0.9975543244399089
Qwen2.5-3B-Instruct,linguistic_style,linguistic_style__basic_vocabulary__advanced_vocabulary,posneg,negative,0.9977166025007413,0.0016860904366518246,36,3600,0.9975543244399089
Qwen2.5-3B-Instruct,linguistic_style,linguistic_style__basic_vocabulary__advanced_vocabulary,posneg,positive,0.9973187985346894,0.0021354956592758646,36,3600,0.9975543244399089
Qwen2.5-3B-Instruct,linguistic_style,linguistic_style__brief__elaborate,negpos,negative,0.9980893831403742,0.001228392440920111,36,3600,0.9978934805780152
Qwen2.5-3B-Instruct,linguistic_style,linguistic_style__brief__elaborate,negpos,positive,0.9977997134091383,0.001531745353125798,36,3600,0.9978934805780152
Qwen2.5-3B-Instruct,linguistic_style,linguistic_style__brief__elaborate,posneg,negative,0.997797700558889,0.0015088980591252557,36,3600,0.9978934805780152
Qwen2.5-3B-Instruct,linguistic_style,linguistic_style__brief__elaborate,posneg,positive,0.9978871252036594,0.0015079727269980971,36,3600,0.9978934805780152
Qwen2.5-3B-Instruct,linguistic_style,linguistic_style__bullet_point_style__paragraph_style,negpos,negative,0.9974086171833727,0.0018015874754577967,36,3600,0.9974087131251423
Qwen2.5-3B-Instruct,linguistic_style,linguistic_style__bullet_point_style__paragraph_style,negpos,positive,0.997910421521159,0.0013242740560882964,36,3600,0.9974087131251423
Qwen2.5-3B-Instruct,linguistic_style,linguistic_style__bullet_point_style__paragraph_style,posneg,negative,0.9968189364891633,0.002313916169433945,36,3600,0.9974087131251423
Qwen2.5-3B-Instruct,linguistic_style,linguistic_style__bullet_point_style__paragraph_style,posneg,positive,0.9974968773068744,0.001652887219877458,36,3600,0.9974087131251423
Qwen2.5-3B-Instruct,linguistic_style,linguistic_style__compact__expansive,negpos,negative,0.9981342822600694,0.0011990526495179253,36,3600,0.9979907085379904
Qwen2.5-3B-Instruct,linguistic_style,linguistic_style__compact__expansive,negpos,positive,0.9978791318659379,0.0015482487901999427,36,3600,0.9979907085379904
Qwen2.5-3B-Instruct,linguistic_style,linguistic_style__compact__expansive,posneg,negative,0.9977712246504902,0.0015290772714851122,36,3600,0.9979907085379904
Qwen2.5-3B-Instruct,linguistic_style,linguistic_style__compact__expansive,posneg,positive,0.998178195375464,0.0012835789684567903,36,3600,0.9979907085379904
Qwen2.5-3B-Instruct,linguistic_style,linguistic_style__compressed_explanation__expanded_explanation,negpos,negative,0.9977680970697398,0.001469929367922598,36,3600,0.9975467931496068
Qwen2.5-3B-Instruct,linguistic_style,linguistic_style__compressed_explanation__expanded_explanation,negpos,positive,0.9974593976624819,0.0016216070145368621,36,3600,0.9975467931496068
Qwen2.5-3B-Instruct,linguistic_style,linguistic_style__compressed_explanation__expanded_explanation,posneg,negative,0.9975945318126297,0.0016948823842460497,36,3600,0.9975467931496068
Qwen2.5-3B-Instruct,linguistic_style,linguistic_style__compressed_explanation__expanded_explanation,posneg,positive,0.9973651460535758,0.0017923943448737705,36,3600,0.9975467931496068
Qwen2.5-3B-Instruct,linguistic_style,linguistic_style__compressed_syntax__expanded_syntax,negpos,negative,0.9979545369742016,0.001389223453288404,36,3600,0.9976967113275932
Qwen2.5-3B-Instruct,linguistic_style,linguistic_style__compressed_syntax__expanded_syntax,negpos,positive,0.9975290088061978,0.0016240279163397208,36,3600,0.9976967113275932
Qwen2.5-3B-Instruct,linguistic_style,linguistic_style__compressed_syntax__expanded_syntax,posneg,negative,0.9977014449077646,0.001623147400485895,36,3600,0.9976967113275932
Qwen2.5-3B-Instruct,linguistic_style,linguistic_style__compressed_syntax__expanded_syntax,posneg,positive,0.9976018546222087,0.0016153496692704432,36,3600,0.9976967113275932
Qwen2.5-3B-Instruct,linguistic_style,linguistic_style__conceptual_explanation__illustrative_explanation,negpos,negative,0.99820689148523,0.0013037073287212343,36,3600,0.9980675818028785
Qwen2.5-3B-Instruct,linguistic_style,linguistic_style__conceptual_explanation__illustrative_explanation,negpos,positive,0.9980303075783635,0.001326545841962056,36,3600,0.9980675818028785
Qwen2.5-3B-Instruct,linguistic_style,linguistic_style__conceptual_explanation__illustrative_explanation,posneg,negative,0.9980787634517747,0.0013325233888458919,36,3600,0.9980675818028785
Qwen2.5-3B-Instruct,linguistic_style,linguistic_style__conceptual_explanation__illustrative_explanation,posneg,positive,0.9979543646961457,0.0013576017936664077,36,3600,0.9980675818028785
Qwen2.5-3B-Instruct,linguistic_style,linguistic_style__concise__verbose,negpos,negative,0.9982148133640862,0.001125417955078382,36,3600,0.9978867002154848
Qwen2.5-3B-Instruct,linguistic_style,linguistic_style__concise__verbose,negpos,positive,0.9976597315833455,0.0017584337298616713,36,3600,0.9978867002154848
Qwen2.5-3B-Instruct,linguistic_style,linguistic_style__concise__verbose,posneg,negative,0.9975768517646989,0.0017146894209078617,36,3600,0.9978867002154848
Qwen2.5-3B-Instruct,linguistic_style,linguistic_style__concise__verbose,posneg,positive,0.9980954041498086,0.0013961189763560366,36,3600,0.9978867002154848
Qwen2.5-3B-Instruct,linguistic_style,linguistic_style__condensed_expression__extended_expression,negpos,negative,0.9979441076048597,0.0013715667548054955,36,3600,0.9977844988335803
Qwen2.5-3B-Instruct,linguistic_style,linguistic_style__condensed_expression__extended_expression,negpos,positive,0.9977610170989016,0.0014867131755790304,36,3600,0.9977844988335803
Qwen2.5-3B-Instruct,linguistic_style,linguistic_style__condensed_expression__extended_expression,posneg,negative,0.9977317470646064,0.0015565400921800775,36,3600,0.9977844988335803
Qwen2.5-3B-Instruct,linguistic_style,linguistic_style__condensed_expression__extended_expression,posneg,positive,0.9977011235659536,0.001567711225533046,36,3600,0.9977844988335803
Qwen2.5-3B-Instruct,linguistic_style,linguistic_style__definition_first__example_first,negpos,negative,0.998064528906483,0.001313097367524004,36,3600,0.9979625345111527
Qwen2.5-3B-Instruct,linguistic_style,linguistic_style__definition_first__example_first,negpos,positive,0.9978099841602577,0.0013182846273623956,36,3600,0.9979625345111527
Qwen2.5-3B-Instruct,linguistic_style,linguistic_style__definition_first__example_first,posneg,negative,0.9979306320333757,0.001456386807892756,36,3600,0.9979625345111527
Qwen2.5-3B-Instruct,linguistic_style,linguistic_style__definition_first__example_first,posneg,positive,0.9980449929444942,0.0012966542901570353,36,3600,0.9979625345111527
Qwen2.5-3B-Instruct,linguistic_style,linguistic_style__dense_information__sparse_information,negpos,negative,0.997749901645941,0.0016142664811489103,36,3600,0.9977353946883072
Qwen2.5-3B-Instruct,linguistic_style,linguistic_style__dense_information__sparse_information,negpos,positive,0.9978319149974028,0.0013517402242342698,36,3600,0.9977353946883072
Qwen2.5-3B-Instruct,linguistic_style,linguistic_style__dense_information__sparse_information,posneg,negative,0.9974487312944006,0.0019306043893088187,36,3600,0.9977353946883072
Qwen2.5-3B-Instruct,linguistic_style,linguistic_style__dense_information__sparse_information,posneg,positive,0.9979110308154842,0.001346279957344645,36,3600,0.9977353946883072
Qwen2.5-3B-Instruct,linguistic_style,linguistic_style__diagrammatic_description__narrative_description,negpos,negative,0.9977356887948796,0.0015158992586328953,36,3600,0.9978944854763242
Qwen2.5-3B-Instruct,linguistic_style,linguistic_style__diagrammatic_description__narrative_description,negpos,positive,0.9979572733105265,0.0013632836171108343,36,3600,0.9978944854763242
Qwen2.5-3B-Instruct,linguistic_style,linguistic_style__diagrammatic_description__narrative_description,posneg,negative,0.9978038338543566,0.0014249088748540264,36,3600,0.9978944854763242
Qwen2.5-3B-Instruct,linguistic_style,linguistic_style__diagrammatic_description__narrative_description,posneg,positive,0.9980811459455341,0.0012776639764994445,36,3600,0.9978944854763242
Qwen2.5-3B-Instruct,linguistic_style,linguistic_style__direct_phrasing__circumlocutory_phrasing,negpos,negative,0.997938045764625,0.0013566684416991088,36,3600,0.9976904246955404
Qwen2.5-3B-Instruct,linguistic_style,linguistic_style__direct_phrasing__circumlocutory_phrasing,negpos,positive,0.9975645111509603,0.0017139798798333904,36,3600,0.9976904246955404
Qwen2.5-3B-Instruct,linguistic_style,linguistic_style__direct_phrasing__circumlocutory_phrasing,posneg,negative,0.9977724500273292,0.001425637011826941,36,3600,0.9976904246955404
Qwen2.5-3B-Instruct,linguistic_style,linguistic_style__direct_phrasing__circumlocutory_phrasing,posneg,positive,0.9974866918392471,0.0017321406060750598,36,3600,0.9976904246955404
Qwen2.5-3B-Instruct,linguistic_style,linguistic_style__economical_wording__descriptive_wording,negpos,negative,0.9979716369740282,0.001375451830499412,36,3600,0.9980337014904863
Qwen2.5-3B-Instruct,linguistic_style,linguistic_style__economical_wording__descriptive_wording,negpos,positive,0.998036256892095,0.0013676336635495018,36,3600,0.9980337014904863
Qwen2.5-3B-Instruct,linguistic_style,linguistic_style__economical_wording__descriptive_wording,posneg,negative,0.9981026506789316,0.0012461290773000994,36,3600,0.9980337014904863
Qwen2.5-3B-Instruct,linguistic_style,linguistic_style__economical_wording__descriptive_wording,posneg,positive,0.9980242614168904,0.001375378687220988,36,3600,0.9980337014904863
Qwen2.5-3B-Instruct,linguistic_style,linguistic_style__efficient_wording__redundant_wording,negpos,negative,0.9978806772506918,0.0014724027670446748,36,3600,0.9978353674114004
Qwen2.5-3B-Instruct,linguistic_style,linguistic_style__efficient_wording__redundant_wording,negpos,positive,0.9978007195483518,0.0014749510296272591,36,3600,0.9978353674114004
Qwen2.5-3B-Instruct,linguistic_style,linguistic_style__efficient_wording__redundant_wording,posneg,negative,0.9979506226395396,0.0014995640144411532,36,3600,0.9978353674114004
Qwen2.5-3B-Instruct,linguistic_style,linguistic_style__efficient_wording__redundant_wording,posneg,positive,0.9977094502070183,0.0015565760739183825,36,3600,0.9978353674114004
Qwen2.5-3B-Instruct,linguistic_style,linguistic_style__exact_wording__paraphrastic_wording,negpos,negative,0.997912056640989,0.00150541275647617,36,3600,0.9974002792075616
Qwen2.5-3B-Instruct,linguistic_style,linguistic_style__exact_wording__paraphrastic_wording,negpos,positive,0.9972934087890081,0.0019284561735203485,36,3600,0.9974002792075616
Qwen2.5-3B-Instruct,linguistic_style,linguistic_style__exact_wording__paraphrastic_wording,posneg,negative,0.9974153060416582,0.0018027393440942987,36,3600,0.9974002792075616
Qwen2.5-3B-Instruct,linguistic_style,linguistic_style__exact_wording__paraphrastic_wording,posneg,positive,0.9969803453585909,0.0021482075644665014,36,3600,0.9974002792075616
Qwen2.5-3B-Instruct,linguistic_style,linguistic_style__explicit_phrasing__implicit_phrasing,negpos,negative,0.9976690037383954,0.0016889914450507553,36,3600,0.9976296248131247
Qwen2.5-3B-Instruct,linguistic_style,linguistic_style__explicit_phrasing__implicit_phrasing,negpos,positive,0.9976440935397055,0.0016498475609900537,36,3600,0.9976296248131247
Qwen2.5-3B-Instruct,linguistic_style,linguistic_style__explicit_phrasing__implicit_phrasing,posneg,negative,0.9975442616685639,0.0017844104167947924,36,3600,0.9976296248131247
Qwen2.5-3B-Instruct,linguistic_style,linguistic_style__explicit_phrasing__implicit_phrasing,posneg,positive,0.9976611403058337,0.001622552336906458,36,3600,0.9976296248131247
Qwen2.5-3B-Instruct,linguistic_style,linguistic_style__formal_register__informal_register,negpos,negative,0.9977139794925782,0.00164219451267875,36,3600,0.9977839080945281
Qwen2.5-3B-Instruct,linguistic_style,linguistic_style__formal_register__informal_register,negpos,positive,0.9977977176628152,0.0014691460140289249,36,3600,0.9977839080945281
Qwen2.5-3B-Instruct,linguistic_style,linguistic_style__formal_register__informal_register,posneg,negative,0.9977226415492945,0.0016433019602055425,36,3600,0.9977839080945281
Qwen2.5-3B-Instruct,linguistic_style,linguistic_style__formal_register__informal_register,posneg,positive,0.9979012936734244,0.0013966736587129691,36,3600,0.9977839080945281
Qwen2.5-3B-Instruct,linguistic_style,linguistic_style__formulaic_structure__free_structure,negpos,negative,0.9978537443086601,0.0015451838433950744,36,3600,0.9977542874486197
Qwen2.5-3B-Instruct,linguistic_style,linguistic_style__formulaic_structure__free_structure,negpos,positive,0.9977295444530123,0.0015147929869175486,36,3600,0.9977542874486197
Qwen2.5-3B-Instruct,linguistic_style,linguistic_style__formulaic_structure__free_structure,posneg,negative,0.9976476988790609,0.0016209602390814912,36,3600,0.9977542874486197
Qwen2.5-3B-Instruct,linguistic_style,linguistic_style__formulaic_structure__free_structure,posneg,positive,0.9977861621537455,0.0013918280017296736,36,3600,0.9977542874486197
Qwen2.5-3B-Instruct,linguistic_style,linguistic_style__fully_specified__loosely_specified,negpos,negative,0.9979922593510282,0.0014403043007119034,36,3600,0.9978592865218006
Qwen2.5-3B-Instruct,linguistic_style,linguistic_style__fully_specified__loosely_specified,negpos,positive,0.9978725981050027,0.0013482640540664506,36,3600,0.9978592865218006
Qwen2.5-3B-Instruct,linguistic_style,linguistic_style__fully_specified__loosely_specified,posneg,negative,0.9977415701007453,0.0016619918406208028,36,3600,0.9978592865218006
Qwen2.5-3B-Instruct,linguistic_style,linguistic_style__fully_specified__loosely_specified,posneg,positive,0.9978307185304262,0.001393810910267351,36,3600,0.9978592865218006
Qwen2.5-3B-Instruct,linguistic_style,linguistic_style__generalized_description__instance_based_description,negpos,negative,0.9978298763231472,0.001593895176437653,36,3600,0.9977532742472017
Qwen2.5-3B-Instruct,linguistic_style,linguistic_style__generalized_description__instance_based_description,negpos,positive,0.9975587914687571,0.0017071525226651384,36,3600,0.9977532742472017
Qwen2.5-3B-Instruct,linguistic_style,linguistic_style__generalized_description__instance_based_description,posneg,negative,0.9978771076735593,0.001530782602025566,36,3600,0.9977532742472017
Qwen2.5-3B-Instruct,linguistic_style,linguistic_style__generalized_description__instance_based_description,posneg,positive,0.9977473215233432,0.001559434653448263,36,3600,0.9977532742472017
Qwen2.5-3B-Instruct,linguistic_style,linguistic_style__high_information_density__low_information_density,negpos,negative,0.9974573701967588,0.0019207979941245634,36,3600,0.9976425644686835
Qwen2.5-3B-Instruct,linguistic_style,linguistic_style__high_information_density__low_information_density,negpos,positive,0.9978226117371339,0.0015312809078907692,36,3600,0.9976425644686835
Qwen2.5-3B-Instruct,linguistic_style,linguistic_style__high_information_density__low_information_density,posneg,negative,0.9974163943013286,0.0019173204791645248,36,3600,0.9976425644686835
Qwen2.5-3B-Instruct,linguistic_style,linguistic_style__high_information_density__low_information_density,posneg,positive,0.9978738816395124,0.0014488919565874185,36,3600,0.9976425644686835
Qwen2.5-3B-Instruct,linguistic_style,linguistic_style__information_focused_wording__stylistic_wording,negpos,negative,0.9980955322439462,0.0012802679698047615,36,3600,0.9981611546648178
Qwen2.5-3B-Instruct,linguistic_style,linguistic_style__information_focused_wording__stylistic_wording,negpos,positive,0.9981995744350625,0.001256754864607772,36,3600,0.9981611546648178
Qwen2.5-3B-Instruct,linguistic_style,linguistic_style__information_focused_wording__stylistic_wording,posneg,negative,0.9981105072774726,0.001253983217804534,36,3600,0.9981611546648178
Qwen2.5-3B-Instruct,linguistic_style,linguistic_style__information_focused_wording__stylistic_wording,posneg,positive,0.9982390047027899,0.0012601399732255867,36,3600,0.9981611546648178
Qwen2.5-3B-Instruct,linguistic_style,linguistic_style__lean_prose__ornate_prose,negpos,negative,0.9978751244088335,0.001418798297281922,36,3600,0.9978221671402256
Qwen2.5-3B-Instruct,linguistic_style,linguistic_style__lean_prose__ornate_prose,negpos,positive,0.997866007240255,0.0014322326201623343,36,3600,0.9978221671402256
Qwen2.5-3B-Instruct,linguistic_style,linguistic_style__lean_prose__ornate_prose,posneg,negative,0.9976772298627272,0.001669340283285914,36,3600,0.9978221671402256
Qwen2.5-3B-Instruct,linguistic_style,linguistic_style__lean_prose__ornate_prose,posneg,positive,0.9978703070490869,0.001536196243327654,36,3600,0.9978221671402256
Qwen2.5-3B-Instruct,linguistic_style,linguistic_style__linear_explanation__digressive_explanation,negpos,negative,0.9979438912026006,0.00146742774517231,36,3600,0.9978459875554231
Qwen2.5-3B-Instruct,linguistic_style,linguistic_style__linear_explanation__digressive_explanation,negpos,positive,0.9976235862291555,0.0016173054429599396,36,3600,0.9978459875554231
Qwen2.5-3B-Instruct,linguistic_style,linguistic_style__linear_explanation__digressive_explanation,posneg,negative,0.9979122540008384,0.0014569247863184735,36,3600,0.9978459875554231
Qwen2.5-3B-Instruct,linguistic_style,linguistic_style__linear_explanation__digressive_explanation,posneg,positive,0.9979042187890977,0.0014827420060165536,36,3600,0.9978459875554231
Qwen2.5-3B-Instruct,linguistic_style,linguistic_style__list_style__discursive_style,negpos,negative,0.997700467962467,0.001608610433714285,36,3600,0.9978448522782386
Qwen2.5-3B-Instruct,linguistic_style,linguistic_style__list_style__discursive_style,negpos,positive,0.9976733270838023,0.0014425358262059689,36,3600,0.9978448522782386
Qwen2.5-3B-Instruct,linguistic_style,linguistic_style__list_style__discursive_style,posneg,negative,0.9982513436046302,0.0012015798694333176,36,3600,0.9978448522782386
Qwen2.5-3B-Instruct,linguistic_style,linguistic_style__list_style__discursive_style,posneg,positive,0.9977542704620548,0.0014662710149473878,36,3600,0.9978448522782386
Qwen2.5-3B-Instruct,linguistic_style,linguistic_style__literal_phrasing__figurative_phrasing,negpos,negative,0.9981133369858518,0.001351141251542142,36,3600,0.9979323896922752
Qwen2.5-3B-Instruct,linguistic_style,linguistic_style__literal_phrasing__figurative_phrasing,negpos,positive,0.9977836568730906,0.0015562279346420086,36,3600,0.9979323896922752
Qwen2.5-3B-Instruct,linguistic_style,linguistic_style__literal_phrasing__figurative_phrasing,posneg,negative,0.9979717528207234,0.0013739310695689044,36,3600,0.9979323896922752
Qwen2.5-3B-Instruct,linguistic_style,linguistic_style__literal_phrasing__figurative_phrasing,posneg,positive,0.997860812089435,0.0014734265652992123,36,3600,0.9979323896922752
Qwen2.5-3B-Instruct,linguistic_style,linguistic_style__minimal__extensive,negpos,negative,0.9978532773814592,0.001463456561214627,36,3600,0.997837680895342
Qwen2.5-3B-Instruct,linguistic_style,linguistic_style__minimal__extensive,negpos,positive,0.9977607894481216,0.0016413142133477375,36,3600,0.997837680895342
Qwen2.5-3B-Instruct,linguistic_style,linguistic_style__minimal__extensive,posneg,negative,0.9977305005435806,0.0016271611838976072,36,3600,0.997837680895342
Qwen2.5-3B-Instruct,linguistic_style,linguistic_style__minimal__extensive,posneg,positive,0.9980061562082064,0.0014822684056731018,36,3600,0.997837680895342
Qwen2.5-3B-Instruct,linguistic_style,linguistic_style__neutral_register__colloquial_register,negpos,negative,0.9981029812664168,0.0013343638493882276,36,3600,0.9981198628973125
Qwen2.5-3B-Instruct,linguistic_style,linguistic_style__neutral_register__colloquial_register,negpos,positive,0.998094713130472,0.0013859150898375945,36,3600,0.9981198628973125
Qwen2.5-3B-Instruct,linguistic_style,linguistic_style__neutral_register__colloquial_register,posneg,negative,0.9981474539402238,0.001308578144614507,36,3600,0.9981198628973125
Qwen2.5-3B-Instruct,linguistic_style,linguistic_style__neutral_register__colloquial_register,posneg,positive,0.998134303252137,0.0013847224285924496,36,3600,0.9981198628973125
Qwen2.5-3B-Instruct,linguistic_style,linguistic_style__outline_style__narrative_style,negpos,negative,0.997805736425283,0.0014911325939849461,36,3600,0.9978450492399696
Qwen2.5-3B-Instruct,linguistic_style,linguistic_style__outline_style__narrative_style,negpos,positive,0.9979170198297508,0.001267471552431755,36,3600,0.9978450492399696
Qwen2.5-3B-Instruct,linguistic_style,linguistic_style__outline_style__narrative_style,posneg,negative,0.9976380387216791,0.0015705717138770432,36,3600,0.9978450492399696
Qwen2.5-3B-Instruct,linguistic_style,linguistic_style__outline_style__narrative_style,posneg,positive,0.9980194019831655,0.0012468169730663614,36,3600,0.9978450492399696
Qwen2.5-3B-Instruct,linguistic_style,linguistic_style__plain_language__technical_language,negpos,negative,0.9979517092658495,0.0013169099555607156,36,3600,0.9978665525967325
Qwen2.5-3B-Instruct,linguistic_style,linguistic_style__plain_language__technical_language,negpos,positive,0.9978432904769744,0.0015750685715265605,36,3600,0.9978665525967325
Qwen2.5-3B-Instruct,linguistic_style,linguistic_style__plain_language__technical_language,posneg,negative,0.9978745552088737,0.0013964538110226882,36,3600,0.9978665525967325
Qwen2.5-3B-Instruct,linguistic_style,linguistic_style__plain_language__technical_language,posneg,positive,0.9977966554352327,0.0016912039615909727,36,3600,0.9978665525967325
Qwen2.5-3B-Instruct,linguistic_style,linguistic_style__precise_wording__approximate_wording,negpos,negative,0.9981236548633647,0.001337778240927345,36,3600,0.9979252379466443
Qwen2.5-3B-Instruct,linguistic_style,linguistic_style__precise_wording__approximate_wording,negpos,positive,0.9977109157427039,0.0015553023294187574,36,3600,0.9979252379466443
Qwen2.5-3B-Instruct,linguistic_style,linguistic_style__precise_wording__approximate_wording,posneg,negative,0.9980254778699389,0.0013891375014072173,36,3600,0.9979252379466443
Qwen2.5-3B-Instruct,linguistic_style,linguistic_style__precise_wording__approximate_wording,posneg,positive,0.99784090331057,0.0015103173362515426,36,3600,0.9979252379466443
Qwen2.5-3B-Instruct,linguistic_style,linguistic_style__professional_register__conversational_register,negpos,negative,0.9980103316207707,0.0014058389647867591,36,3600,0.9980606010227302
Qwen2.5-3B-Instruct,linguistic_style,linguistic_style__professional_register__conversational_register,negpos,positive,0.9980879565094782,0.0012855200286708412,36,3600,0.9980606010227302
Qwen2.5-3B-Instruct,linguistic_style,linguistic_style__professional_register__conversational_register,posneg,negative,0.9979682780747606,0.001408715387338081,36,3600,0.9980606010227302
Qwen2.5-3B-Instruct,linguistic_style,linguistic_style__professional_register__conversational_register,posneg,positive,0.9981758378859111,0.0012358353956568116,36,3600,0.9980606010227302
Qwen2.5-3B-Instruct,linguistic_style,linguistic_style__short_form__long_form,negpos,negative,0.9977741466069006,0.001526384443524096,36,3600,0.9974513990728571
Qwen2.5-3B-Instruct,linguistic_style,linguistic_style__short_form__long_form,negpos,positive,0.9972882484262731,0.0019188533919530435,36,3600,0.9974513990728571
Qwen2.5-3B-Instruct,linguistic_style,linguistic_style__short_form__long_form,posneg,negative,0.997426143341869,0.0018409162608492024,36,3600,0.9974513990728571
Qwen2.5-3B-Instruct,linguistic_style,linguistic_style__short_form__long_form,posneg,positive,0.9973170579163855,0.0018289979371656254,36,3600,0.9974513990728571
Qwen2.5-3B-Instruct,linguistic_style,linguistic_style__simple_wording__sophisticated_wording,negpos,negative,0.9979596976566785,0.0013421917439309222,36,3600,0.9977103867839582
Qwen2.5-3B-Instruct,linguistic_style,linguistic_style__simple_wording__sophisticated_wording,negpos,positive,0.9975863666121083,0.0017165525676587066,36,3600,0.9977103867839582
Qwen2.5-3B-Instruct,linguistic_style,linguistic_style__simple_wording__sophisticated_wording,posneg,negative,0.997743173650006,0.0015670181061926787,36,3600,0.9977103867839582
Qwen2.5-3B-Instruct,linguistic_style,linguistic_style__simple_wording__sophisticated_wording,posneg,positive,0.99755230921704,0.001830369613040078,36,3600,0.9977103867839582
Qwen2.5-3B-Instruct,linguistic_style,linguistic_style__specific_wording__general_wording,negpos,negative,0.9977764249067034,0.0017124244713578704,36,3600,0.9978523598729669
Qwen2.5-3B-Instruct,linguistic_style,linguistic_style__specific_wording__general_wording,negpos,positive,0.9979350385830552,0.0014296753528422932,36,3600,0.9978523598729669
Qwen2.5-3B-Instruct,linguistic_style,linguistic_style__specific_wording__general_wording,posneg,negative,0.9977560982540431,0.0017713173861730739,36,3600,0.9978523598729669
Qwen2.5-3B-Instruct,linguistic_style,linguistic_style__specific_wording__general_wording,posneg,positive,0.9979418777480661,0.0014396252904666101,36,3600,0.9978523598729669
Qwen2.5-3B-Instruct,linguistic_style,linguistic_style__step_by_step__holistic_description,negpos,negative,0.9978016287719697,0.0017170948561265641,36,3600,0.9980091232905832
Qwen2.5-3B-Instruct,linguistic_style,linguistic_style__step_by_step__holistic_description,negpos,positive,0.998111204204758,0.001079435484050157,36,3600,0.9980091232905832
Qwen2.5-3B-Instruct,linguistic_style,linguistic_style__step_by_step__holistic_description,posneg,negative,0.9979366965357307,0.001693801024320182,36,3600,0.9980091232905832
Qwen2.5-3B-Instruct,linguistic_style,linguistic_style__step_by_step__holistic_description,posneg,positive,0.9981869636498748,0.0010515038437612083,36,3600,0.9980091232905832
Qwen2.5-3B-Instruct,linguistic_style,linguistic_style__straightforward_style__rhetorical_style,negpos,negative,0.9980955050741179,0.0012915456341938767,36,3600,0.9980325590884778
Qwen2.5-3B-Instruct,linguistic_style,linguistic_style__straightforward_style__rhetorical_style,negpos,positive,0.9979993717687865,0.0014081905455118609,36,3600,0.9980325590884778
Qwen2.5-3B-Instruct,linguistic_style,linguistic_style__straightforward_style__rhetorical_style,posneg,negative,0.9981408586579007,0.0012959863988004706,36,3600,0.9980325590884778
Qwen2.5-3B-Instruct,linguistic_style,linguistic_style__straightforward_style__rhetorical_style,posneg,positive,0.9978945008531057,0.0015488833762737596,36,3600,0.9980325590884778
Qwen2.5-3B-Instruct,linguistic_style,linguistic_style__structured__free_flowing,negpos,negative,0.99821089490137,0.0011649705131781525,36,3600,0.9981066884048796
Qwen2.5-3B-Instruct,linguistic_style,linguistic_style__structured__free_flowing,negpos,positive,0.9980147057366341,0.0012949802234735943,36,3600,0.9981066884048796
Qwen2.5-3B-Instruct,linguistic_style,linguistic_style__structured__free_flowing,posneg,negative,0.998190817977764,0.0011689332186533335,36,3600,0.9981066884048796
Qwen2.5-3B-Instruct,linguistic_style,linguistic_style__structured__free_flowing,posneg,positive,0.9980103350037504,0.001297147050702486,36,3600,0.9981066884048796
Qwen2.5-3B-Instruct,linguistic_style,linguistic_style__succinct__detailed,negpos,negative,0.998109948167042,0.0012635996646704962,36,3600,0.9981321388892421
Qwen2.5-3B-Instruct,linguistic_style,linguistic_style__succinct__detailed,negpos,positive,0.9981866991102173,0.001371692887647196,36,3600,0.9981321388892421
Qwen2.5-3B-Instruct,linguistic_style,linguistic_style__succinct__detailed,posneg,negative,0.9981922490893201,0.0012006597755487537,36,3600,0.9981321388892421
Qwen2.5-3B-Instruct,linguistic_style,linguistic_style__succinct__detailed,posneg,positive,0.9980396591903893,0.001422473081485631,36,3600,0.9981321388892421
Qwen2.5-3B-Instruct,linguistic_style,linguistic_style__summary_style__full_exposition,negpos,negative,0.9982365544890427,0.001223956017284226,36,3600,0.9981115131023981
Qwen2.5-3B-Instruct,linguistic_style,linguistic_style__summary_style__full_exposition,negpos,positive,0.9981115970397073,0.001320693855913961,36,3600,0.9981115131023981
Qwen2.5-3B-Instruct,linguistic_style,linguistic_style__summary_style__full_exposition,posneg,negative,0.9981042235298321,0.0012495181015615723,36,3600,0.9981115131023981
Qwen2.5-3B-Instruct,linguistic_style,linguistic_style__summary_style__full_exposition,posneg,positive,0.9979936773510105,0.0013293012961229057,36,3600,0.9981115131023981
Qwen2.5-3B-Instruct,linguistic_style,linguistic_style__systematic_layout__impressionistic_layout,negpos,negative,0.9980253102896549,0.0013769326801762705,36,3600,0.9980601770137899
Qwen2.5-3B-Instruct,linguistic_style,linguistic_style__systematic_layout__impressionistic_layout,negpos,positive,0.9981138577855623,0.0012482441572592034,36,3600,0.9980601770137899
Qwen2.5-3B-Instruct,linguistic_style,linguistic_style__systematic_layout__impressionistic_layout,posneg,negative,0.9978905055220874,0.0014228302050079773,36,3600,0.9980601770137899
Qwen2.5-3B-Instruct,linguistic_style,linguistic_style__systematic_layout__impressionistic_layout,posneg,positive,0.998211034457855,0.001161353631870561,36,3600,0.9980601770137899
Qwen2.5-3B-Instruct,linguistic_style,linguistic_style__taxonomy_style__story_style,negpos,negative,0.997942769591499,0.001438866664612478,36,3600,0.9979694113131846
Qwen2.5-3B-Instruct,linguistic_style,linguistic_style__taxonomy_style__story_style,negpos,positive,0.9979058925942424,0.0013277600771914844,36,3600,0.9979694113131846
Qwen2.5-3B-Instruct,linguistic_style,linguistic_style__taxonomy_style__story_style,posneg,negative,0.9980288082180311,0.001393703059877974,36,3600,0.9979694113131846
Qwen2.5-3B-Instruct,linguistic_style,linguistic_style__taxonomy_style__story_style,posneg,positive,0.9980001748489659,0.0013246237463007261,36,3600,0.9979694113131846
Qwen2.5-3B-Instruct,linguistic_style,linguistic_style__technical_register__lay_register,negpos,negative,0.9977152077543059,0.0017518701410463783,36,3600,0.9977847342026771
Qwen2.5-3B-Instruct,linguistic_style,linguistic_style__technical_register__lay_register,negpos,positive,0.9977727294363726,0.0013888601767762748,36,3600,0.9977847342026771
Qwen2.5-3B-Instruct,linguistic_style,linguistic_style__technical_register__lay_register,posneg,negative,0.9975923809998152,0.001867743009747251,36,3600,0.9977847342026771
Qwen2.5-3B-Instruct,linguistic_style,linguistic_style__technical_register__lay_register,posneg,positive,0.9980586186202145,0.0012334364263532033,36,3600,0.9977847342026771
Qwen2.5-3B-Instruct,linguistic_style,linguistic_style__terminology_heavy__terminology_light,negpos,negative,0.9977094730735219,0.0017902846224361365,36,3600,0.9977958515900827
Qwen2.5-3B-Instruct,linguistic_style,linguistic_style__terminology_heavy__terminology_light,negpos,positive,0.9978741453418927,0.0012818469726740378,36,3600,0.9977958515900827
Qwen2.5-3B-Instruct,linguistic_style,linguistic_style__terminology_heavy__terminology_light,posneg,negative,0.9976432817708317,0.0018371858459099023,36,3600,0.9977958515900827
Qwen2.5-3B-Instruct,linguistic_style,linguistic_style__terminology_heavy__terminology_light,posneg,positive,0.9979565061740843,0.0012734893349820471,36,3600,0.9977958515900827
Qwen2.5-3B-Instruct,linguistic_style,linguistic_style__tight_structure__loose_structure,negpos,negative,0.9976522011968816,0.0017182051413322998,36,3600,0.9977383613856136
Qwen2.5-3B-Instruct,linguistic_style,linguistic_style__tight_structure__loose_structure,negpos,positive,0.9977857783260808,0.0015267050598042813,36,3600,0.9977383613856136
Qwen2.5-3B-Instruct,linguistic_style,linguistic_style__tight_structure__loose_structure,posneg,negative,0.997587237196067,0.0017826154417927684,36,3600,0.9977383613856136
Qwen2.5-3B-Instruct,linguistic_style,linguistic_style__tight_structure__loose_structure,posneg,positive,0.9979282288234249,0.001464317039902872,36,3600,0.9977383613856136
Qwen2.5-3B-Instruct,linguistic_style,linguistic_style__well_organized__loosely_organized,negpos,negative,0.9981641713954352,0.0012795969635783146,36,3600,0.9980539123325246
Qwen2.5-3B-Instruct,linguistic_style,linguistic_style__well_organized__loosely_organized,negpos,positive,0.9981218554130074,0.0012557205250328534,36,3600,0.9980539123325246
Qwen2.5-3B-Instruct,linguistic_style,linguistic_style__well_organized__loosely_organized,posneg,negative,0.9978882195256555,0.0014616272106705687,36,3600,0.9980539123325246
Qwen2.5-3B-Instruct,linguistic_style,linguistic_style__well_organized__loosely_organized,posneg,positive,0.9980414029960004,0.001332101492789305,36,3600,0.9980539123325246
Qwen2.5-3B-Instruct,semantic_framing,semantic_framing__analytic_perspective__experiential_perspective,negpos,negative,0.9981911338736368,0.0012731246277575359,36,3600,0.998238130145535
Qwen2.5-3B-Instruct,semantic_framing,semantic_framing__analytic_perspective__experiential_perspective,negpos,positive,0.9982570730441521,0.0011790563807709872,36,3600,0.998238130145535
Qwen2.5-3B-Instruct,semantic_framing,semantic_framing__analytic_perspective__experiential_perspective,posneg,negative,0.9982072616148131,0.0012891976915863615,36,3600,0.998238130145535
Qwen2.5-3B-Instruct,semantic_framing,semantic_framing__analytic_perspective__experiential_perspective,posneg,positive,0.9982970520495381,0.0011978221965664951,36,3600,0.998238130145535
Qwen2.5-3B-Instruct,semantic_framing,semantic_framing__behavioral_perspective__structural_perspective,negpos,negative,0.9982313124865237,0.0012352983117551617,36,3600,0.9982331258861619
Qwen2.5-3B-Instruct,semantic_framing,semantic_framing__behavioral_perspective__structural_perspective,negpos,positive,0.9982536474905912,0.001238442019557793,36,3600,0.9982331258861619
Qwen2.5-3B-Instruct,semantic_framing,semantic_framing__behavioral_perspective__structural_perspective,posneg,negative,0.9981796164114427,0.0012512734946608576,36,3600,0.9982331258861619
Qwen2.5-3B-Instruct,semantic_framing,semantic_framing__behavioral_perspective__structural_perspective,posneg,positive,0.99826792715609,0.0012339517551495397,36,3600,0.9982331258861619
Qwen2.5-3B-Instruct,semantic_framing,semantic_framing__capability_perspective__limitation_perspective,negpos,negative,0.9981360282632998,0.001324963546014096,36,3600,0.9981894207042499
Qwen2.5-3B-Instruct,semantic_framing,semantic_framing__capability_perspective__limitation_perspective,negpos,positive,0.9982906688016074,0.0012076912404805542,36,3600,0.9981894207042499
Qwen2.5-3B-Instruct,semantic_framing,semantic_framing__capability_perspective__limitation_perspective,posneg,negative,0.9980767669510734,0.0013660976708456838,36,3600,0.9981894207042499
Qwen2.5-3B-Instruct,semantic_framing,semantic_framing__capability_perspective__limitation_perspective,posneg,positive,0.9982542188010187,0.0012383289958912591,36,3600,0.9981894207042499
Qwen2.5-3B-Instruct,semantic_framing,semantic_framing__causal_perspective__correlational_perspective,negpos,negative,0.9982350967736675,0.001242464809549503,36,3600,0.9982433997702198
Qwen2.5-3B-Instruct,semantic_framing,semantic_framing__causal_perspective__correlational_perspective,negpos,positive,0.998257846630054,0.0011965668911533228,36,3600,0.9982433997702198
Qwen2.5-3B-Instruct,semantic_framing,semantic_framing__causal_perspective__correlational_perspective,posneg,negative,0.9982124430789044,0.0012641482555863642,36,3600,0.9982433997702198
Qwen2.5-3B-Instruct,semantic_framing,semantic_framing__causal_perspective__correlational_perspective,posneg,positive,0.9982682125982534,0.0012110849501364165,36,3600,0.9982433997702198
Qwen2.5-3B-Instruct,semantic_framing,semantic_framing__competition_perspective__cooperation_perspective,negpos,negative,0.9981778568930242,0.0012484029027957312,36,3600,0.9982158361237896
Qwen2.5-3B-Instruct,semantic_framing,semantic_framing__competition_perspective__cooperation_perspective,negpos,positive,0.9982578288179,0.0012099413391099855,36,3600,0.9982158361237896
Qwen2.5-3B-Instruct,semantic_framing,semantic_framing__competition_perspective__cooperation_perspective,posneg,negative,0.9981591021244248,0.001266183772719407,36,3600,0.9982158361237896
Qwen2.5-3B-Instruct,semantic_framing,semantic_framing__competition_perspective__cooperation_perspective,posneg,positive,0.9982685566598095,0.0012184644939911549,36,3600,0.9982158361237896
Qwen2.5-3B-Instruct,semantic_framing,semantic_framing__constraint_perspective__capability_perspective,negpos,negative,0.9981655070929989,0.0012864038188300472,36,3600,0.9981934563519397
Qwen2.5-3B-Instruct,semantic_framing,semantic_framing__constraint_perspective__capability_perspective,negpos,positive,0.9981842197155006,0.001222722434863373,36,3600,0.9981934563519397
Qwen2.5-3B-Instruct,semantic_framing,semantic_framing__constraint_perspective__capability_perspective,posneg,negative,0.9981821496222505,0.0012803870578487146,36,3600,0.9981934563519397
Qwen2.5-3B-Instruct,semantic_framing,semantic_framing__constraint_perspective__capability_perspective,posneg,positive,0.9982419489770086,0.0012091661030144934,36,3600,0.9981934563519397
Qwen2.5-3B-Instruct,semantic_framing,semantic_framing__cost_benefit_perspective__duty_based_perspective,negpos,negative,0.9981985772451155,0.0012891443105853518,36,3600,0.9982159588005901
Qwen2.5-3B-Instruct,semantic_framing,semantic_framing__cost_benefit_perspective__duty_based_perspective,negpos,positive,0.9982891582191056,0.001175337359771177,36,3600,0.9982159588005901
Qwen2.5-3B-Instruct,semantic_framing,semantic_framing__cost_benefit_perspective__duty_based_perspective,posneg,negative,0.9981234438946545,0.001334016601581416,36,3600,0.9982159588005901
Qwen2.5-3B-Instruct,semantic_framing,semantic_framing__cost_benefit_perspective__duty_based_perspective,posneg,positive,0.9982526558434848,0.001199568915503299,36,3600,0.9982159588005901
Qwen2.5-3B-Instruct,semantic_framing,semantic_framing__cost_effectiveness_perspective__moral_value_perspective,negpos,negative,0.9981919362823106,0.0012890627295417715,36,3600,0.998235234501249
Qwen2.5-3B-Instruct,semantic_framing,semantic_framing__cost_effectiveness_perspective__moral_value_perspective,negpos,positive,0.9983030293808013,0.0012051412160577434,36,3600,0.998235234501249
Qwen2.5-3B-Instruct,semantic_framing,semantic_framing__cost_effectiveness_perspective__moral_value_perspective,posneg,negative,0.9981449621213299,0.0013003053222994513,36,3600,0.998235234501249
Qwen2.5-3B-Instruct,semantic_framing,semantic_framing__cost_effectiveness_perspective__moral_value_perspective,posneg,positive,0.9983010102205542,0.0012004601442541065,36,3600,0.998235234501249
Qwen2.5-3B-Instruct,semantic_framing,semantic_framing__cost_perspective__benefit_perspective,negpos,negative,0.9980306897036415,0.0014758407985193977,36,3600,0.9981327269062767
Qwen2.5-3B-Instruct,semantic_framing,semantic_framing__cost_perspective__benefit_perspective,negpos,positive,0.9981761522469151,0.001241285817293734,36,3600,0.9981327269062767
Qwen2.5-3B-Instruct,semantic_framing,semantic_framing__cost_perspective__benefit_perspective,posneg,negative,0.9980704227611774,0.0014831068675757834,36,3600,0.9981327269062767
Qwen2.5-3B-Instruct,semantic_framing,semantic_framing__cost_perspective__benefit_perspective,posneg,positive,0.9982536429133728,0.0012303792442087322,36,3600,0.9981327269062767
Qwen2.5-3B-Instruct,semantic_framing,semantic_framing__diagnostic_perspective__prescriptive_perspective,negpos,negative,0.9981308279849167,0.0013044601756424978,36,3600,0.9981955507333168
Qwen2.5-3B-Instruct,semantic_framing,semantic_framing__diagnostic_perspective__prescriptive_perspective,negpos,positive,0.9982518487297466,0.0012435604862039657,36,3600,0.9981955507333168
Qwen2.5-3B-Instruct,semantic_framing,semantic_framing__diagnostic_perspective__prescriptive_perspective,posneg,negative,0.9981148779870261,0.001286124830261927,36,3600,0.9981955507333168
Qwen2.5-3B-Instruct,semantic_framing,semantic_framing__diagnostic_perspective__prescriptive_perspective,posneg,positive,0.9982846482315776,0.0012009686717612818,36,3600,0.9981955507333168
Qwen2.5-3B-Instruct,semantic_framing,semantic_framing__economic_perspective__ethical_perspective,negpos,negative,0.9982302647780157,0.0012372934704480494,36,3600,0.9982672656641267
Qwen2.5-3B-Instruct,semantic_framing,semantic_framing__economic_perspective__ethical_perspective,negpos,positive,0.9983162019136559,0.0011792439697234092,36,3600,0.9982672656641267
Qwen2.5-3B-Instruct,semantic_framing,semantic_framing__economic_perspective__ethical_perspective,posneg,negative,0.9982023409935749,0.0012547366509026454,36,3600,0.9982672656641267
Qwen2.5-3B-Instruct,semantic_framing,semantic_framing__economic_perspective__ethical_perspective,posneg,positive,0.9983202549712605,0.0011884367761655053,36,3600,0.9982672656641267
Qwen2.5-3B-Instruct,semantic_framing,semantic_framing__efficiency_analysis_perspective__equity_analysis_perspective,negpos,negative,0.9981310023374633,0.0012981902657041044,36,3600,0.9981864679003098
Qwen2.5-3B-Instruct,semantic_framing,semantic_framing__efficiency_analysis_perspective__equity_analysis_perspective,negpos,positive,0.9982309016781274,0.0012380458807712768,36,3600,0.9981864679003098
Qwen2.5-3B-Instruct,semantic_framing,semantic_framing__efficiency_analysis_perspective__equity_analysis_perspective,posneg,negative,0.9981207937194798,0.001304202476277164,36,3600,0.9981864679003098
Qwen2.5-3B-Instruct,semantic_framing,semantic_framing__efficiency_analysis_perspective__equity_analysis_perspective,posneg,positive,0.9982631738661686,0.001230359069807382,36,3600,0.9981864679003098
Qwen2.5-3B-Instruct,semantic_framing,semantic_framing__efficiency_perspective__fairness_perspective,negpos,negative,0.9981964536577483,0.0012790319075183497,36,3600,0.9982240308075563
Qwen2.5-3B-Instruct,semantic_framing,semantic_framing__efficiency_perspective__fairness_perspective,negpos,positive,0.9982525173989742,0.0012033457862683798,36,3600,0.9982240308075563
Qwen2.5-3B-Instruct,semantic_framing,semantic_framing__efficiency_perspective__fairness_perspective,posneg,negative,0.9981847042266381,0.001290655969205221,36,3600,0.9982240308075563
Qwen2.5-3B-Instruct,semantic_framing,semantic_framing__efficiency_perspective__fairness_perspective,posneg,positive,0.9982624479468643,0.0012105001758185728,36,3600,0.9982240308075563
Qwen2.5-3B-Instruct,semantic_framing,semantic_framing__effort_perspective__outcome_perspective,negpos,negative,0.9981824298870864,0.0013123265403994662,36,3600,0.9982302790020596
Qwen2.5-3B-Instruct,semantic_framing,semantic_framing__effort_perspective__outcome_perspective,negpos,positive,0.99826983155634,0.0011926925004302595,36,3600,0.9982302790020596
Qwen2.5-3B-Instruct,semantic_framing,semantic_framing__effort_perspective__outcome_perspective,posneg,negative,0.9981710867431001,0.001322847512603625,36,3600,0.9982302790020596
Qwen2.5-3B-Instruct,semantic_framing,semantic_framing__effort_perspective__outcome_perspective,posneg,positive,0.9982977678217119,0.001189270034439537,36,3600,0.9982302790020596
Qwen2.5-3B-Instruct,semantic_framing,semantic_framing__evidence_perspective__narrative_perspective,negpos,negative,0.9981633546890085,0.001288640440248435,36,3600,0.9981943945293998
Qwen2.5-3B-Instruct,semantic_framing,semantic_framing__evidence_perspective__narrative_perspective,negpos,positive,0.9982382675767906,0.0012403220819350652,36,3600,0.9981943945293998
Qwen2.5-3B-Instruct,semantic_framing,semantic_framing__evidence_perspective__narrative_perspective,posneg,negative,0.9981275630576195,0.001304237678628944,36,3600,0.9981943945293998
Qwen2.5-3B-Instruct,semantic_framing,semantic_framing__evidence_perspective__narrative_perspective,posneg,positive,0.998248392794181,0.0012536168982063766,36,3600,0.9981943945293998
Qwen2.5-3B-Instruct,semantic_framing,semantic_framing__feasibility_perspective__desirability_perspective,negpos,negative,0.9981412479715269,0.001324216322373851,36,3600,0.9982146088348798
Qwen2.5-3B-Instruct,semantic_framing,semantic_framing__feasibility_perspective__desirability_perspective,negpos,positive,0.9982820855856406,0.0012258435020334648,36,3600,0.9982146088348798
Qwen2.5-3B-Instruct,semantic_framing,semantic_framing__feasibility_perspective__desirability_perspective,posneg,negative,0.9981274506295185,0.0013251202463840847,36,3600,0.9982146088348798
Qwen2.5-3B-Instruct,semantic_framing,semantic_framing__feasibility_perspective__desirability_perspective,posneg,positive,0.9983076511528333,0.0012117523173509866,36,3600,0.9982146088348798
Qwen2.5-3B-Instruct,semantic_framing,semantic_framing__growth_perspective__sustainability_perspective,negpos,negative,0.9982541346484629,0.0012309427862075772,36,3600,0.9982711084151281
Qwen2.5-3B-Instruct,semantic_framing,semantic_framing__growth_perspective__sustainability_perspective,negpos,positive,0.9982988745385413,0.001168260408908636,36,3600,0.9982711084151281
Qwen2.5-3B-Instruct,semantic_framing,semantic_framing__growth_perspective__sustainability_perspective,posneg,negative,0.9982324355938249,0.0012581024241957533,36,3600,0.9982711084151281
Qwen2.5-3B-Instruct,semantic_framing,semantic_framing__growth_perspective__sustainability_perspective,posneg,positive,0.9982989888796833,0.0011880129571165616,36,3600,0.9982711084151281
Qwen2.5-3B-Instruct,semantic_framing,semantic_framing__impact_measurement_perspective__principle_based_perspective,negpos,negative,0.998187866914768,0.001263500235211701,36,3600,0.9982114899026359
Qwen2.5-3B-Instruct,semantic_framing,semantic_framing__impact_measurement_perspective__principle_based_perspective,negpos,positive,0.9983432547755791,0.0011787281578081465,36,3600,0.9982114899026359
Qwen2.5-3B-Instruct,semantic_framing,semantic_framing__impact_measurement_perspective__principle_based_perspective,posneg,negative,0.9980511987882221,0.0013380691563688804,36,3600,0.9982114899026359
Qwen2.5-3B-Instruct,semantic_framing,semantic_framing__impact_measurement_perspective__principle_based_perspective,posneg,positive,0.9982636391319741,0.001209998060251726,36,3600,0.9982114899026359
Qwen2.5-3B-Instruct,semantic_framing,semantic_framing__implementation_perspective__design_perspective,negpos,negative,0.9982130494423403,0.001223971727337613,36,3600,0.9982258931269311
Qwen2.5-3B-Instruct,semantic_framing,semantic_framing__implementation_perspective__design_perspective,negpos,positive,0.9982667679536544,0.0012186191105431538,36,3600,0.9982258931269311
Qwen2.5-3B-Instruct,semantic_framing,semantic_framing__implementation_perspective__design_perspective,posneg,negative,0.9981709138896543,0.0012336672612049588,36,3600,0.9982258931269311
Qwen2.5-3B-Instruct,semantic_framing,semantic_framing__implementation_perspective__design_perspective,posneg,positive,0.9982528412220755,0.0012090902167417518,36,3600,0.9982258931269311
Qwen2.5-3B-Instruct,semantic_framing,semantic_framing__incentive_perspective__norm_perspective,negpos,negative,0.9981622326584856,0.0012676765811890874,36,3600,0.9982068798548285
Qwen2.5-3B-Instruct,semantic_framing,semantic_framing__incentive_perspective__norm_perspective,negpos,positive,0.9982603359516001,0.0012533017505607334,36,3600,0.9982068798548285
Qwen2.5-3B-Instruct,semantic_framing,semantic_framing__incentive_perspective__norm_perspective,posneg,negative,0.9981339487088429,0.0012537361328915433,36,3600,0.9982068798548285
Qwen2.5-3B-Instruct,semantic_framing,semantic_framing__incentive_perspective__norm_perspective,posneg,positive,0.9982710021003852,0.0012335143107415414,36,3600,0.9982068798548285
Qwen2.5-3B-Instruct,semantic_framing,semantic_framing__individual_impact_perspective__system_impact_perspective,negpos,negative,0.9981027639472884,0.0013457167077297748,36,3600,0.9981388288034203
Qwen2.5-3B-Instruct,semantic_framing,semantic_framing__individual_impact_perspective__system_impact_perspective,negpos,positive,0.9981423961970582,0.001319489110084303,36,3600,0.9981388288034203
Qwen2.5-3B-Instruct,semantic_framing,semantic_framing__individual_impact_perspective__system_impact_perspective,posneg,negative,0.9980890365982779,0.001333670058036199,36,3600,0.9981388288034203
Qwen2.5-3B-Instruct,semantic_framing,semantic_framing__individual_impact_perspective__system_impact_perspective,posneg,positive,0.9982211184710565,0.0012735317182334344,36,3600,0.9981388288034203
Qwen2.5-3B-Instruct,semantic_framing,semantic_framing__individual_perspective__societal_perspective,negpos,negative,0.9982483009391765,0.001258563097024932,36,3600,0.9982294362558316
Qwen2.5-3B-Instruct,semantic_framing,semantic_framing__individual_perspective__societal_perspective,negpos,positive,0.9982184658849914,0.0012057564754110934,36,3600,0.9982294362558316
Qwen2.5-3B-Instruct,semantic_framing,semantic_framing__individual_perspective__societal_perspective,posneg,negative,0.998223234114596,0.001310928237544824,36,3600,0.9982294362558316
Qwen2.5-3B-Instruct,semantic_framing,semantic_framing__individual_perspective__societal_perspective,posneg,positive,0.9982277440845624,0.001233878527216616,36,3600,0.9982294362558316
Qwen2.5-3B-Instruct,semantic_framing,semantic_framing__innovation_benefit_perspective__innovation_risk_perspective,negpos,negative,0.9981660473211598,0.0012771125958269695,36,3600,0.9982074860882274
Qwen2.5-3B-Instruct,semantic_framing,semantic_framing__innovation_benefit_perspective__innovation_risk_perspective,negpos,positive,0.99826168664033,0.0012287779527931214,36,3600,0.9982074860882274
Qwen2.5-3B-Instruct,semantic_framing,semantic_framing__innovation_benefit_perspective__innovation_risk_perspective,posneg,negative,0.9981576891243219,0.0012711956253305464,36,3600,0.9982074860882274
Qwen2.5-3B-Instruct,semantic_framing,semantic_framing__innovation_benefit_perspective__innovation_risk_perspective,posneg,positive,0.998244521267098,0.0012265660219880736,36,3600,0.9982074860882274
Qwen2.5-3B-Instruct,semantic_framing,semantic_framing__innovation_perspective__regulation_perspective,negpos,negative,0.9981539109818238,0.001274492407473821,36,3600,0.9981860472880594
Qwen2.5-3B-Instruct,semantic_framing,semantic_framing__innovation_perspective__regulation_perspective,negpos,positive,0.998232994354753,0.0011892726439129014,36,3600,0.9981860472880594
Qwen2.5-3B-Instruct,semantic_framing,semantic_framing__innovation_perspective__regulation_perspective,posneg,negative,0.9981250195210458,0.001275689071418027,36,3600,0.9981860472880594
Qwen2.5-3B-Instruct,semantic_framing,semantic_framing__innovation_perspective__regulation_perspective,posneg,positive,0.998232264294615,0.0011842496286691604,36,3600,0.9981860472880594
Qwen2.5-3B-Instruct,semantic_framing,semantic_framing__local_perspective__global_perspective,negpos,negative,0.9982913038953087,0.0012160121532735371,36,3600,0.9982931298387215
Qwen2.5-3B-Instruct,semantic_framing,semantic_framing__local_perspective__global_perspective,negpos,positive,0.9982957445286031,0.0011684464158387194,36,3600,0.9982931298387215
Qwen2.5-3B-Instruct,semantic_framing,semantic_framing__local_perspective__global_perspective,posneg,negative,0.9982814097356751,0.001237761969299104,36,3600,0.9982931298387215
Qwen2.5-3B-Instruct,semantic_framing,semantic_framing__local_perspective__global_perspective,posneg,positive,0.9983040611952991,0.0011832433267938629,36,3600,0.9982931298387215
Qwen2.5-3B-Instruct,semantic_framing,semantic_framing__logic_perspective__empathy_perspective,negpos,negative,0.9981386296025438,0.0013611069154040797,36,3600,0.9981638927592396
Qwen2.5-3B-Instruct,semantic_framing,semantic_framing__logic_perspective__empathy_perspective,negpos,positive,0.9981719263454862,0.0012277284811169423,36,3600,0.9981638927592396
Qwen2.5-3B-Instruct,semantic_framing,semantic_framing__logic_perspective__empathy_perspective,posneg,negative,0.9981239277702589,0.0013326125829862528,36,3600,0.9981638927592396
Qwen2.5-3B-Instruct,semantic_framing,semantic_framing__logic_perspective__empathy_perspective,posneg,positive,0.9982210873186692,0.0012039931743158699,36,3600,0.9981638927592396
Qwen2.5-3B-Instruct,semantic_framing,semantic_framing__mechanistic_perspective__holistic_perspective,negpos,negative,0.998214092379726,0.001203952238793457,36,3600,0.9982761394128362
Qwen2.5-3B-Instruct,semantic_framing,semantic_framing__mechanistic_perspective__holistic_perspective,negpos,positive,0.998362923200625,0.0011756320348973864,36,3600,0.9982761394128362
Qwen2.5-3B-Instruct,semantic_framing,semantic_framing__mechanistic_perspective__holistic_perspective,posneg,negative,0.9981660680160847,0.001208422884322994,36,3600,0.9982761394128362
Qwen2.5-3B-Instruct,semantic_framing,semantic_framing__mechanistic_perspective__holistic_perspective,posneg,positive,0.9983614740549093,0.001162376322804246,36,3600,0.9982761394128362
Qwen2.5-3B-Instruct,semantic_framing,semantic_framing__micro_level_perspective__macro_level_perspective,negpos,negative,0.9982147220919119,0.0012328078479280336,36,3600,0.9982616730897289
Qwen2.5-3B-Instruct,semantic_framing,semantic_framing__micro_level_perspective__macro_level_perspective,negpos,positive,0.9983119015961681,0.0011942669834305434,36,3600,0.9982616730897289
Qwen2.5-3B-Instruct,semantic_framing,semantic_framing__micro_level_perspective__macro_level_perspective,posneg,negative,0.9981950100389542,0.0012345212846206523,36,3600,0.9982616730897289
Qwen2.5-3B-Instruct,semantic_framing,semantic_framing__micro_level_perspective__macro_level_perspective,posneg,positive,0.9983250586318815,0.001190816093909228,36,3600,0.9982616730897289
Qwen2.5-3B-Instruct,semantic_framing,semantic_framing__operational_perspective__strategic_perspective,negpos,negative,0.9982409021078228,0.0012145638687442095,36,3600,0.9982395629592944
Qwen2.5-3B-Instruct,semantic_framing,semantic_framing__operational_perspective__strategic_perspective,negpos,positive,0.9982678559599965,0.001196286578555167,36,3600,0.9982395629592944
Qwen2.5-3B-Instruct,semantic_framing,semantic_framing__operational_perspective__strategic_perspective,posneg,negative,0.9981955021567723,0.0012325791032468242,36,3600,0.9982395629592944
Qwen2.5-3B-Instruct,semantic_framing,semantic_framing__operational_perspective__strategic_perspective,posneg,positive,0.9982539916125861,0.001200216442349365,36,3600,0.9982395629592944
Qwen2.5-3B-Instruct,semantic_framing,semantic_framing__optimization_perspective__resilience_perspective,negpos,negative,0.9982129304414743,0.0012629456433056647,36,3600,0.9982147391288595
Qwen2.5-3B-Instruct,semantic_framing,semantic_framing__optimization_perspective__resilience_perspective,negpos,positive,0.9982415541761793,0.0011963243156318008,36,3600,0.9982147391288595
Qwen2.5-3B-Instruct,semantic_framing,semantic_framing__optimization_perspective__resilience_perspective,posneg,negative,0.9981762126733285,0.001285652084025561,36,3600,0.9982147391288595
Qwen2.5-3B-Instruct,semantic_framing,semantic_framing__optimization_perspective__resilience_perspective,posneg,positive,0.998228259224456,0.0012075468872456906,36,3600,0.9982147391288595
Qwen2.5-3B-Instruct,semantic_framing,semantic_framing__optimization_perspective__satisficing_perspective,negpos,negative,0.9981490018233105,0.0012764960012539768,36,3600,0.998151973431848
Qwen2.5-3B-Instruct,semantic_framing,semantic_framing__optimization_perspective__satisficing_perspective,negpos,positive,0.998176740068216,0.0011823359917731845,36,3600,0.998151973431848
Qwen2.5-3B-Instruct,semantic_framing,semantic_framing__optimization_perspective__satisficing_perspective,posneg,negative,0.9980881610217521,0.0013025844603200638,36,3600,0.998151973431848
Qwen2.5-3B-Instruct,semantic_framing,semantic_framing__optimization_perspective__satisficing_perspective,posneg,positive,0.9981939908141134,0.001193433265965322,36,3600,0.998151973431848
Qwen2.5-3B-Instruct,semantic_framing,semantic_framing__output_perspective__process_perspective,negpos,negative,0.9982031437906796,0.001278328001768791,36,3600,0.998097867053678
Qwen2.5-3B-Instruct,semantic_framing,semantic_framing__output_perspective__process_perspective,negpos,positive,0.9980268911937343,0.0012016520587922385,36,3600,0.998097867053678
Qwen2.5-3B-Instruct,semantic_framing,semantic_framing__output_perspective__process_perspective,posneg,negative,0.9980892810618944,0.0014012760814276581,36,3600,0.998097867053678
Qwen2.5-3B-Instruct,semantic_framing,semantic_framing__output_perspective__process_perspective,posneg,positive,0.9980721521684034,0.0012770095097355044,36,3600,0.998097867053678
Qwen2.5-3B-Instruct,semantic_framing,semantic_framing__performance_metric_perspective__well_being_perspective,negpos,negative,0.998179686595934,0.0013022323446547778,36,3600,0.9982158256902595
Qwen2.5-3B-Instruct,semantic_framing,semantic_framing__performance_metric_perspective__well_being_perspective,negpos,positive,0.9982818506448194,0.0012018791769182636,36,3600,0.9982158256902595
Qwen2.5-3B-Instruct,semantic_framing,semantic_framing__performance_metric_perspective__well_being_perspective,posneg,negative,0.9981015949193228,0.0012892685086813818,36,3600,0.9982158256902595
Qwen2.5-3B-Instruct,semantic_framing,semantic_framing__performance_metric_perspective__well_being_perspective,posneg,positive,0.9983001706009615,0.0011848614532268384,36,3600,0.9982158256902595
Qwen2.5-3B-Instruct,semantic_framing,semantic_framing__performance_perspective__safety_perspective,negpos,negative,0.9982428546506087,0.001245771606230087,36,3600,0.9982451070375675
Qwen2.5-3B-Instruct,semantic_framing,semantic_framing__performance_perspective__safety_perspective,negpos,positive,0.998265220550837,0.0012040221794168042,36,3600,0.9982451070375675
Qwen2.5-3B-Instruct,semantic_framing,semantic_framing__performance_perspective__safety_perspective,posneg,negative,0.9982077544036435,0.001257013769002277,36,3600,0.9982451070375675
Qwen2.5-3B-Instruct,semantic_framing,semantic_framing__performance_perspective__safety_perspective,posneg,positive,0.9982645985451808,0.0012117128925983108,36,3600,0.9982451070375675
Qwen2.5-3B-Instruct,semantic_framing,semantic_framing__practical_perspective__theoretical_perspective,negpos,negative,0.9982542971993666,0.0012053794217089869,36,3600,0.9982510501722642
Qwen2.5-3B-Instruct,semantic_framing,semantic_framing__practical_perspective__theoretical_perspective,negpos,positive,0.9982624755094461,0.0011960747299107437,36,3600,0.9982510501722642
Qwen2.5-3B-Instruct,semantic_framing,semantic_framing__practical_perspective__theoretical_perspective,posneg,negative,0.9982176779733324,0.0012270642871387491,36,3600,0.9982510501722642
Qwen2.5-3B-Instruct,semantic_framing,semantic_framing__practical_perspective__theoretical_perspective,posneg,positive,0.9982697500069118,0.001212887805660741,36,3600,0.9982510501722642
Qwen2.5-3B-Instruct,semantic_framing,semantic_framing__precision_perspective__robustness_perspective,negpos,negative,0.9982221562597974,0.0012691392675316603,36,3600,0.9982460028822308
Qwen2.5-3B-Instruct,semantic_framing,semantic_framing__precision_perspective__robustness_perspective,negpos,positive,0.9982530724237182,0.0011717408311291066,36,3600,0.9982460028822308
Qwen2.5-3B-Instruct,semantic_framing,semantic_framing__precision_perspective__robustness_perspective,posneg,negative,0.9982087268575456,0.0012985659609107778,36,3600,0.9982460028822308
Qwen2.5-3B-Instruct,semantic_framing,semantic_framing__precision_perspective__robustness_perspective,posneg,positive,0.9983000559878619,0.001187405001327171,36,3600,0.9982460028822308
Qwen2.5-3B-Instruct,semantic_framing,semantic_framing__prediction_perspective__explanation_perspective,negpos,negative,0.9979959164024677,0.001327141819438436,36,3600,0.9979860997163652
Qwen2.5-3B-Instruct,semantic_framing,semantic_framing__prediction_perspective__explanation_perspective,negpos,positive,0.9978998842489342,0.0014114333767555906,36,3600,0.9979860997163652
Qwen2.5-3B-Instruct,semantic_framing,semantic_framing__prediction_perspective__explanation_perspective,posneg,negative,0.997966261070363,0.0013136243717387973,36,3600,0.9979860997163652
Qwen2.5-3B-Instruct,semantic_framing,semantic_framing__prediction_perspective__explanation_perspective,posneg,positive,0.9980823371436962,0.0013266468956874367,36,3600,0.9979860997163652
Qwen2.5-3B-Instruct,semantic_framing,semantic_framing__problem_perspective__solution_perspective,negpos,negative,0.9981571156581435,0.001334947789336582,36,3600,0.9981611318261288
Qwen2.5-3B-Instruct,semantic_framing,semantic_framing__problem_perspective__solution_perspective,negpos,positive,0.9982312671252114,0.0012070536545885115,36,3600,0.9981611318261288
Qwen2.5-3B-Instruct,semantic_framing,semantic_framing__problem_perspective__solution_perspective,posneg,negative,0.9980744254785018,0.0014014794131476534,36,3600,0.9981611318261288
Qwen2.5-3B-Instruct,semantic_framing,semantic_framing__problem_perspective__solution_perspective,posneg,positive,0.9981817190426585,0.0012694039190779686,36,3600,0.9981611318261288
Qwen2.5-3B-Instruct,semantic_framing,semantic_framing__process_perspective__outcome_perspective,negpos,negative,0.9981629255806178,0.001310713185589898,36,3600,0.9982115447475977
Qwen2.5-3B-Instruct,semantic_framing,semantic_framing__process_perspective__outcome_perspective,negpos,positive,0.9982770154461161,0.0011784448733289257,36,3600,0.9982115447475977
Qwen2.5-3B-Instruct,semantic_framing,semantic_framing__process_perspective__outcome_perspective,posneg,negative,0.9981257147692497,0.0013289398498720685,36,3600,0.9982115447475977
Qwen2.5-3B-Instruct,semantic_framing,semantic_framing__process_perspective__outcome_perspective,posneg,positive,0.9982805231944067,0.0011799234239016757,36,3600,0.9982115447475977
Qwen2.5-3B-Instruct,semantic_framing,semantic_framing__producer_perspective__consumer_perspective,negpos,negative,0.9979943468099614,0.0014175790528090481,36,3600,0.9980532036741405
Qwen2.5-3B-Instruct,semantic_framing,semantic_framing__producer_perspective__consumer_perspective,negpos,positive,0.9980219604001623,0.0013129123295329487,36,3600,0.9980532036741405
Qwen2.5-3B-Instruct,semantic_framing,semantic_framing__producer_perspective__consumer_perspective,posneg,negative,0.9980603341755785,0.001386876459905052,36,3600,0.9980532036741405
Qwen2.5-3B-Instruct,semantic_framing,semantic_framing__producer_perspective__consumer_perspective,posneg,positive,0.9981361733108601,0.0012603360604845676,36,3600,0.9980532036741405
Qwen2.5-3B-Instruct,semantic_framing,semantic_framing__quantitative_perspective__qualitative_perspective,negpos,negative,0.998198249747491,0.0012527986422570152,36,3600,0.9982458468255597
Qwen2.5-3B-Instruct,semantic_framing,semantic_framing__quantitative_perspective__qualitative_perspective,negpos,positive,0.9983100766532232,0.0011972933839191936,36,3600,0.9982458468255597
Qwen2.5-3B-Instruct,semantic_framing,semantic_framing__quantitative_perspective__qualitative_perspective,posneg,negative,0.9981689804512361,0.0012575665730218393,36,3600,0.9982458468255597
Qwen2.5-3B-Instruct,semantic_framing,semantic_framing__quantitative_perspective__qualitative_perspective,posneg,positive,0.9983060804502885,0.0011995070724232426,36,3600,0.9982458468255597
Qwen2.5-3B-Instruct,semantic_framing,semantic_framing__resource_allocation_perspective__value_distribution_perspective,negpos,negative,0.9981178887679693,0.001302763215659952,36,3600,0.9981795559153006
Qwen2.5-3B-Instruct,semantic_framing,semantic_framing__resource_allocation_perspective__value_distribution_perspective,negpos,positive,0.9982553327601271,0.0012069292288204919,36,3600,0.9981795559153006
Qwen2.5-3B-Instruct,semantic_framing,semantic_framing__resource_allocation_perspective__value_distribution_perspective,posneg,negative,0.9980925899874948,0.001306347511901741,36,3600,0.9981795559153006
Qwen2.5-3B-Instruct,semantic_framing,semantic_framing__resource_allocation_perspective__value_distribution_perspective,posneg,positive,0.9982524121456113,0.0012051429573809202,36,3600,0.9981795559153006
Qwen2.5-3B-Instruct,semantic_framing,semantic_framing__resource_perspective__impact_perspective,negpos,negative,0.9981480179207696,0.0013208578512808428,36,3600,0.9981745190859416
Qwen2.5-3B-Instruct,semantic_framing,semantic_framing__resource_perspective__impact_perspective,negpos,positive,0.9982129052763545,0.0012632749853512231,36,3600,0.9981745190859416
Qwen2.5-3B-Instruct,semantic_framing,semantic_framing__resource_perspective__impact_perspective,posneg,negative,0.9981013851153807,0.0013046207836579903,36,3600,0.9981745190859416
Qwen2.5-3B-Instruct,semantic_framing,semantic_framing__resource_perspective__impact_perspective,posneg,positive,0.9982357680312615,0.0012376493863960707,36,3600,0.9981745190859416
Qwen2.5-3B-Instruct,semantic_framing,semantic_framing__risk_perspective__opportunity_perspective,negpos,negative,0.9982273578789361,0.0012810210920072903,36,3600,0.9982534616442141
Qwen2.5-3B-Instruct,semantic_framing,semantic_framing__risk_perspective__opportunity_perspective,negpos,positive,0.9982742011994383,0.0012325755230860578,36,3600,0.9982534616442141
Qwen2.5-3B-Instruct,semantic_framing,semantic_framing__risk_perspective__opportunity_perspective,posneg,negative,0.9982160956135413,0.0012483548869389868,36,3600,0.9982534616442141
Qwen2.5-3B-Instruct,semantic_framing,semantic_framing__risk_perspective__opportunity_perspective,posneg,positive,0.9982961918849408,0.001189331279806803,36,3600,0.9982534616442141
Qwen2.5-3B-Instruct,semantic_framing,semantic_framing__scalability_perspective__feasibility_perspective,negpos,negative,0.9981470808282729,0.0012631584238470652,36,3600,0.9982043835338565
Qwen2.5-3B-Instruct,semantic_framing,semantic_framing__scalability_perspective__feasibility_perspective,negpos,positive,0.9982859520418814,0.0011973971882117847,36,3600,0.9982043835338565
Qwen2.5-3B-Instruct,semantic_framing,semantic_framing__scalability_perspective__feasibility_perspective,posneg,negative,0.9981140217549687,0.0012568012160704776,36,3600,0.9982043835338565
Qwen2.5-3B-Instruct,semantic_framing,semantic_framing__scalability_perspective__feasibility_perspective,posneg,positive,0.998270479510303,0.0011877126225103597,36,3600,0.9982043835338565
Qwen2.5-3B-Instruct,semantic_framing,semantic_framing__short_term_perspective__long_term_perspective,negpos,negative,0.9982784814007962,0.0012295546419237716,36,3600,0.9983006079135142
Qwen2.5-3B-Instruct,semantic_framing,semantic_framing__short_term_perspective__long_term_perspective,negpos,positive,0.9983194609260639,0.0012003938941692654,36,3600,0.9983006079135142
Qwen2.5-3B-Instruct,semantic_framing,semantic_framing__short_term_perspective__long_term_perspective,posneg,negative,0.9982757724527556,0.0012746302008639122,36,3600,0.9983006079135142
Qwen2.5-3B-Instruct,semantic_framing,semantic_framing__short_term_perspective__long_term_perspective,posneg,positive,0.9983287168744407,0.0012378688838351316,36,3600,0.9983006079135142
Qwen2.5-3B-Instruct,semantic_framing,semantic_framing__supply_perspective__demand_perspective,negpos,negative,0.9980930733671385,0.0013891799494815465,36,3600,0.9981437494649692
Qwen2.5-3B-Instruct,semantic_framing,semantic_framing__supply_perspective__demand_perspective,negpos,positive,0.9981437448688018,0.0012565714328359873,36,3600,0.9981437494649692
Qwen2.5-3B-Instruct,semantic_framing,semantic_framing__supply_perspective__demand_perspective,posneg,negative,0.9981322884595496,0.0013794556080654551,36,3600,0.9981437494649692
Qwen2.5-3B-Instruct,semantic_framing,semantic_framing__supply_perspective__demand_perspective,posneg,positive,0.9982058911643867,0.0012504182427845963,36,3600,0.9981437494649692
Qwen2.5-3B-Instruct,semantic_framing,semantic_framing__technical_perspective__human_centered_perspective,negpos,negative,0.9981527313097749,0.0013467867721490704,36,3600,0.9981769471934541
Qwen2.5-3B-Instruct,semantic_framing,semantic_framing__technical_perspective__human_centered_perspective,negpos,positive,0.9982136853752852,0.0011664162886427848,36,3600,0.9981769471934541
Qwen2.5-3B-Instruct,semantic_framing,semantic_framing__technical_perspective__human_centered_perspective,posneg,negative,0.998122431823198,0.0013786395188463087,36,3600,0.9981769471934541
Qwen2.5-3B-Instruct,semantic_framing,semantic_framing__technical_perspective__human_centered_perspective,posneg,positive,0.9982189402655579,0.0011849553533037494,36,3600,0.9981769471934541
Qwen2.5-3B-Instruct,semantic_framing,semantic_framing__tradeoff_perspective__win_win_perspective,negpos,negative,0.9981239603291099,0.0012845046945697731,36,3600,0.998180524205424
Qwen2.5-3B-Instruct,semantic_framing,semantic_framing__tradeoff_perspective__win_win_perspective,negpos,positive,0.9982287601116615,0.001221788023632747,36,3600,0.998180524205424
Qwen2.5-3B-Instruct,semantic_framing,semantic_framing__tradeoff_perspective__win_win_perspective,posneg,negative,0.9981324328388231,0.0012852852242537043,36,3600,0.998180524205424
Qwen2.5-3B-Instruct,semantic_framing,semantic_framing__tradeoff_perspective__win_win_perspective,posneg,positive,0.9982369435421017,0.001218315043397345,36,3600,0.998180524205424
Qwen2.5-3B-Instruct,semantic_framing,semantic_framing__utility_perspective__rights_perspective,negpos,negative,0.9982305875053208,0.0012548348500873176,36,3600,0.9982082676653977
Qwen2.5-3B-Instruct,semantic_framing,semantic_framing__utility_perspective__rights_perspective,negpos,positive,0.9982108566596395,0.0012287290746663317,36,3600,0.9982082676653977
Qwen2.5-3B-Instruct,semantic_framing,semantic_framing__utility_perspective__rights_perspective,posneg,negative,0.9981936504644744,0.0012853550947234023,36,3600,0.9982082676653977
Qwen2.5-3B-Instruct,semantic_framing,semantic_framing__utility_perspective__rights_perspective,posneg,positive,0.9981979760321562,0.001252333145648316,36,3600,0.9982082676653977
