model,category,concat_variant,reference_variant,layer,mean_cos,std_across_pairs,n_pairs,n_rows_total,sem_across_pairs
Llama-3.2-3B-Instruct,ideology,negpos,negative,0,0.5661509558560774,0.07261717877039482,50,5000,0.010269619907836395
Llama-3.2-3B-Instruct,ideology,negpos,negative,1,0.5069915356779732,0.05926333241505031,50,5000,0.00838110084527892
Llama-3.2-3B-Instruct,ideology,negpos,negative,2,0.47468236882791276,0.04605654275041261,50,5000,0.006513378739364977
Llama-3.2-3B-Instruct,ideology,negpos,negative,3,0.3974849139597238,0.03626276727311023,50,5000,0.00512832972868117
Llama-3.2-3B-Instruct,ideology,negpos,negative,4,0.2494023545399733,0.027939189277559024,50,5000,0.003951198039803293
Llama-3.2-3B-Instruct,ideology,negpos,negative,5,0.262598678185175,0.027566239493154482,50,5000,0.00389845497548439
Llama-3.2-3B-Instruct,ideology,negpos,negative,6,0.22320379599240867,0.023146325549680304,50,5000,0.003273384751146077
Llama-3.2-3B-Instruct,ideology,negpos,negative,7,0.23308486733681963,0.02936194997246473,50,5000,0.004152406786877994
Llama-3.2-3B-Instruct,ideology,negpos,negative,8,0.24011486686834818,0.036584038560917215,50,5000,0.005173764349922941
Llama-3.2-3B-Instruct,ideology,negpos,negative,9,0.22397981938376815,0.03061717395550363,50,5000,0.004329922264940953
Llama-3.2-3B-Instruct,ideology,negpos,negative,10,0.22700792296230646,0.028905699411653968,50,5000,0.004087883213784104
Llama-3.2-3B-Instruct,ideology,negpos,negative,11,0.23071993703076316,0.0345417671579854,50,5000,0.004884943558315651
Llama-3.2-3B-Instruct,ideology,negpos,negative,12,0.24416491453675082,0.039803426489565794,50,5000,0.005629054557046446
Llama-3.2-3B-Instruct,ideology,negpos,negative,13,0.2764782937258052,0.044814033787133195,50,5000,0.006337661436640988
Llama-3.2-3B-Instruct,ideology,negpos,negative,14,0.2799940683319873,0.04858162080176706,50,5000,0.006870478701992585
Llama-3.2-3B-Instruct,ideology,negpos,negative,15,0.2743613415817483,0.047043516269670946,50,5000,0.0066529578730288004
Llama-3.2-3B-Instruct,ideology,negpos,negative,16,0.27346822657268527,0.04659339978900947,50,5000,0.00658930178986889
Llama-3.2-3B-Instruct,ideology,negpos,negative,17,0.2630940483973187,0.044626877906571216,50,5000,0.006311193598184125
Llama-3.2-3B-Instruct,ideology,negpos,negative,18,0.26162392426740316,0.04725141237658229,50,5000,0.00668235882242466
Llama-3.2-3B-Instruct,ideology,negpos,negative,19,0.2628032210045772,0.04894445635661557,50,5000,0.006921791398250377
Llama-3.2-3B-Instruct,ideology,negpos,negative,20,0.26923596560148005,0.053846968821462005,50,5000,0.007615111359999276
Llama-3.2-3B-Instruct,ideology,negpos,negative,21,0.26824116916436763,0.05516943932863731,50,5000,0.0078021369327078505
Llama-3.2-3B-Instruct,ideology,negpos,negative,22,0.26495564798520826,0.054453070441594864,50,5000,0.007700827073136096
Llama-3.2-3B-Instruct,ideology,negpos,negative,23,0.2601836197721768,0.05421258865591671,50,5000,0.00766681781285512
Llama-3.2-3B-Instruct,ideology,negpos,negative,24,0.25557496149575126,0.05273027264111987,50,5000,0.007457186671670267
Llama-3.2-3B-Instruct,ideology,negpos,negative,25,0.24776298563809682,0.052094076899205255,50,5000,0.0073672150070163015
Llama-3.2-3B-Instruct,ideology,negpos,negative,26,0.2437541706299904,0.05028182786409641,50,5000,0.007110924290631453
Llama-3.2-3B-Instruct,ideology,negpos,negative,27,0.24508082784115182,0.048636582954643355,50,5000,0.006878251524194073
Llama-3.2-3B-Instruct,ideology,negpos,positive,0,0.42592622519675133,0.09942771658244136,50,5000,0.014061202526667683
Llama-3.2-3B-Instruct,ideology,negpos,positive,1,0.3819833487594479,0.07720409895201301,50,5000,0.010918308380873125
Llama-3.2-3B-Instruct,ideology,negpos,positive,2,0.3775112381000594,0.05329000955050119,50,5000,0.007536345424531054
Llama-3.2-3B-Instruct,ideology,negpos,positive,3,0.2824898456923683,0.03678473428954596,50,5000,0.005202147012056653
Llama-3.2-3B-Instruct,ideology,negpos,positive,4,0.12836193352707503,0.03179292823772189,50,5000,0.004496199030134084
Llama-3.2-3B-Instruct,ideology,negpos,positive,5,0.15479372856909662,0.035941576847695667,50,5000,0.005082906543108604
Llama-3.2-3B-Instruct,ideology,negpos,positive,6,0.11034127018798122,0.030243644172531874,50,5000,0.00427709717643806
Llama-3.2-3B-Instruct,ideology,negpos,positive,7,0.12689057062395337,0.03025233736737385,50,5000,0.004278326579842647
Llama-3.2-3B-Instruct,ideology,negpos,positive,8,0.15122953267312977,0.03681210251627226,50,5000,0.0052060174637980966
Llama-3.2-3B-Instruct,ideology,negpos,positive,9,0.15445655367609376,0.02908690310139154,50,5000,0.004113509285341995
Llama-3.2-3B-Instruct,ideology,negpos,positive,10,0.16494177269944246,0.02760017547200636,50,5000,0.003903254247638863
Llama-3.2-3B-Instruct,ideology,negpos,positive,11,0.18074125030661795,0.032846445167468874,50,5000,0.004645188823157869
Llama-3.2-3B-Instruct,ideology,negpos,positive,12,0.19531869639721683,0.03863232168626249,50,5000,0.005463435327467264
Llama-3.2-3B-Instruct,ideology,negpos,positive,13,0.23314925041287565,0.05540703458314828,50,5000,0.00783573797583634
Llama-3.2-3B-Instruct,ideology,negpos,positive,14,0.242215687639058,0.06509994514739932,50,5000,0.009206522533719667
Llama-3.2-3B-Instruct,ideology,negpos,positive,15,0.23684703095508086,0.06571261266810134,50,5000,0.009293166805419898
Llama-3.2-3B-Instruct,ideology,negpos,positive,16,0.2353403249039094,0.06775179273591753,50,5000,0.00958155041622255
Llama-3.2-3B-Instruct,ideology,negpos,positive,17,0.2302083836822745,0.06795885859659155,50,5000,0.009610833951069517
Llama-3.2-3B-Instruct,ideology,negpos,positive,18,0.22788585976220194,0.07203487467843914,50,5000,0.010187269673409487
Llama-3.2-3B-Instruct,ideology,negpos,positive,19,0.2306746021893799,0.07358931236663639,50,5000,0.010407100359460731
Llama-3.2-3B-Instruct,ideology,negpos,positive,20,0.23514135185352167,0.07662226345403311,50,5000,0.010836024415641797
Llama-3.2-3B-Instruct,ideology,negpos,positive,21,0.23253930946669385,0.07574747498495862,50,5000,0.010712310643924524
Llama-3.2-3B-Instruct,ideology,negpos,positive,22,0.2302523945582163,0.07559865835792387,50,5000,0.010691264794698606
Llama-3.2-3B-Instruct,ideology,negpos,positive,23,0.2270375718688928,0.07515739751686741,50,5000,0.010628861088101986
Llama-3.2-3B-Instruct,ideology,negpos,positive,24,0.221261443327158,0.073646573879441,50,5000,0.010415198360261758
Llama-3.2-3B-Instruct,ideology,negpos,positive,25,0.21403792336742328,0.07162641415336263,50,5000,0.010129504631983763
Llama-3.2-3B-Instruct,ideology,negpos,positive,26,0.21321310589374762,0.06892169283401044,50,5000,0.009746999274757012
Llama-3.2-3B-Instruct,ideology,negpos,positive,27,0.21380056365713065,0.06848324115302931,50,5000,0.009684992843388132
Llama-3.2-3B-Instruct,ideology,posneg,negative,0,0.5724846896647837,0.0741861108988406,50,5000,0.010491500417285485
Llama-3.2-3B-Instruct,ideology,posneg,negative,1,0.510632833788969,0.060471199105316994,50,5000,0.008551918990770306
Llama-3.2-3B-Instruct,ideology,posneg,negative,2,0.4702451856052823,0.04740159986810182,50,5000,0.0067035985411652305
Llama-3.2-3B-Instruct,ideology,posneg,negative,3,0.38330948152075167,0.03404397646570494,50,5000,0.0048145453234910394
Llama-3.2-3B-Instruct,ideology,posneg,negative,4,0.2394277259474609,0.02540447758499744,50,5000,0.0035927356745706672
Llama-3.2-3B-Instruct,ideology,posneg,negative,5,0.25559711902999377,0.027137289213396993,50,5000,0.0038377922451627126
Llama-3.2-3B-Instruct,ideology,posneg,negative,6,0.2183292868899049,0.023646456285486814,50,5000,0.0033441139180997973
Llama-3.2-3B-Instruct,ideology,posneg,negative,7,0.22895742839697994,0.030151785984435527,50,5000,0.0042641064668959726
Llama-3.2-3B-Instruct,ideology,posneg,negative,8,0.2394620618640142,0.038760307711615885,50,5000,0.005481535284752165
Llama-3.2-3B-Instruct,ideology,posneg,negative,9,0.22440839070113883,0.03286608913786143,50,5000,0.00464796690009267
Llama-3.2-3B-Instruct,ideology,posneg,negative,10,0.22811151418128672,0.030129351675944892,50,5000,0.00426093377656298
Llama-3.2-3B-Instruct,ideology,posneg,negative,11,0.2325402543028895,0.034973473868768666,50,5000,0.004945996106851368
Llama-3.2-3B-Instruct,ideology,posneg,negative,12,0.2348253038629801,0.03732002272086958,50,5000,0.005277848227992581
Llama-3.2-3B-Instruct,ideology,posneg,negative,13,0.24523173324027056,0.047312994188655456,50,5000,0.006691067805807597
Llama-3.2-3B-Instruct,ideology,posneg,negative,14,0.24431428146835468,0.0515010711945612,50,5000,0.007283351336009079
Llama-3.2-3B-Instruct,ideology,posneg,negative,15,0.2343451750255519,0.05096381949739312,50,5000,0.007207372472354772
Llama-3.2-3B-Instruct,ideology,posneg,negative,16,0.23194787738404218,0.05192330860624899,50,5000,0.0073430647234240965
Llama-3.2-3B-Instruct,ideology,posneg,negative,17,0.22328296350636684,0.05113713068978926,50,5000,0.00723188237623454
Llama-3.2-3B-Instruct,ideology,posneg,negative,18,0.2183495292450553,0.05376089440860054,50,5000,0.007602938599795077
Llama-3.2-3B-Instruct,ideology,posneg,negative,19,0.22107944493252,0.056309312931029164,50,5000,0.007963339403497213
Llama-3.2-3B-Instruct,ideology,posneg,negative,20,0.22579095416560505,0.06154966711822498,50,5000,0.008704437399814309
Llama-3.2-3B-Instruct,ideology,posneg,negative,21,0.22391805976830853,0.06312054056412149,50,5000,0.00892659245301017
Llama-3.2-3B-Instruct,ideology,posneg,negative,22,0.22090887830983053,0.06205155678674842,50,5000,0.008775415317418388
Llama-3.2-3B-Instruct,ideology,posneg,negative,23,0.21619383833722292,0.061647804097948546,50,5000,0.008718316064583849
Llama-3.2-3B-Instruct,ideology,posneg,negative,24,0.21054518944003256,0.05976076178818898,50,5000,0.008451447981860467
Llama-3.2-3B-Instruct,ideology,posneg,negative,25,0.20325815815826245,0.05902782457368515,50,5000,0.008347795006948539
Llama-3.2-3B-Instruct,ideology,posneg,negative,26,0.20188126504875098,0.05692995321536981,50,5000,0.008051111194244178
Llama-3.2-3B-Instruct,ideology,posneg,negative,27,0.20400889437692837,0.05532840100849452,50,5000,0.007824617509063016
Llama-3.2-3B-Instruct,ideology,posneg,positive,0,0.42034553445946926,0.09791370547482847,50,5000,0.01384708902247072
Llama-3.2-3B-Instruct,ideology,posneg,positive,1,0.37902980855492446,0.07569677818194884,50,5000,0.010705141033285985
Llama-3.2-3B-Instruct,ideology,posneg,positive,2,0.38210664087918356,0.05175641229283795,50,5000,0.007319462020430501
Llama-3.2-3B-Instruct,ideology,posneg,positive,3,0.2879847016373327,0.038839253155107556,50,5000,0.005492699856439512
Llama-3.2-3B-Instruct,ideology,posneg,positive,4,0.1331721093573046,0.03296674562529202,50,5000,0.004662201877059187
Llama-3.2-3B-Instruct,ideology,posneg,positive,5,0.15773923219368594,0.03575433983558996,50,5000,0.005056427230918794
Llama-3.2-3B-Instruct,ideology,posneg,positive,6,0.11383336051239595,0.030404099730785766,50,5000,0.004299789019102139
Llama-3.2-3B-Instruct,ideology,posneg,positive,7,0.13083556626989837,0.0306516297597166,50,5000,0.004334795051502999
Llama-3.2-3B-Instruct,ideology,posneg,positive,8,0.1502152741873657,0.03534471688910324,50,5000,0.004998497798280719
Llama-3.2-3B-Instruct,ideology,posneg,positive,9,0.15198019083129163,0.027780002853455398,50,5000,0.00392868567981199
Llama-3.2-3B-Instruct,ideology,posneg,positive,10,0.16268726816914364,0.02819171179673844,50,5000,0.003986910116946108
Llama-3.2-3B-Instruct,ideology,posneg,positive,11,0.17941571730718767,0.030621717594042207,50,5000,0.004330564832465331
Llama-3.2-3B-Instruct,ideology,posneg,positive,12,0.20992759594581614,0.03774590746822287,50,5000,0.005338077426564068
Llama-3.2-3B-Instruct,ideology,posneg,positive,13,0.27416600747845377,0.05327259720182861,50,5000,0.007533882946566501
Llama-3.2-3B-Instruct,ideology,posneg,positive,14,0.28646955074494324,0.06299391049746517,50,5000,0.008908684257243211
Llama-3.2-3B-Instruct,ideology,posneg,positive,15,0.28404752519241944,0.06462758144818963,50,5000,0.00913972021874016
Llama-3.2-3B-Instruct,ideology,posneg,positive,16,0.28342812912112053,0.06652368242309184,50,5000,0.009407869390173716
Llama-3.2-3B-Instruct,ideology,posneg,positive,17,0.27774895287567825,0.06662173860200554,50,5000,0.00942173662798314
Llama-3.2-3B-Instruct,ideology,posneg,positive,18,0.27774501823982056,0.0708535026730898,50,5000,0.010020198442192194
Llama-3.2-3B-Instruct,ideology,posneg,positive,19,0.28092415742769317,0.07255439087108868,50,5000,0.01026074035796123
Llama-3.2-3B-Instruct,ideology,posneg,positive,20,0.28629365136181384,0.07611910691211975,50,5000,0.010764867335084735
Llama-3.2-3B-Instruct,ideology,posneg,positive,21,0.285684238314774,0.07521375886970481,50,5000,0.010636831787059622
Llama-3.2-3B-Instruct,ideology,posneg,positive,22,0.28251867036925904,0.0743913677931661,50,5000,0.010520528125658056
Llama-3.2-3B-Instruct,ideology,posneg,positive,23,0.27936471365123483,0.07422238741483217,50,5000,0.010496630691376577
Llama-3.2-3B-Instruct,ideology,posneg,positive,24,0.2748248037084142,0.07478267496493379,50,5000,0.01057586731659483
Llama-3.2-3B-Instruct,ideology,posneg,positive,25,0.2677831131106378,0.07413790807938372,50,5000,0.010484683509183431
Llama-3.2-3B-Instruct,ideology,posneg,positive,26,0.26350680140791277,0.07222371917820039,50,5000,0.01021397631868368
Llama-3.2-3B-Instruct,ideology,posneg,positive,27,0.26295288638455644,0.07127074091424974,50,5000,0.010079204840131103
Llama-3.2-3B-Instruct,linguistic_style,negpos,negative,0,0.46699319838986747,0.1487898206006683,50,5000,0.021042058223652484
Llama-3.2-3B-Instruct,linguistic_style,negpos,negative,1,0.4314928991043858,0.11519915139954763,50,5000,0.016291620228311175
Llama-3.2-3B-Instruct,linguistic_style,negpos,negative,2,0.42084557438614034,0.08442395604465815,50,5000,0.011939350362754559
Llama-3.2-3B-Instruct,linguistic_style,negpos,negative,3,0.3956036198805737,0.0431631799886634,50,5000,0.0061041954535118745
Llama-3.2-3B-Instruct,linguistic_style,negpos,negative,4,0.22824066246047928,0.036581425503963864,50,5000,0.005173394807864673
Llama-3.2-3B-Instruct,linguistic_style,negpos,negative,5,0.27999567120975655,0.0639245215833911,50,5000,0.009040292539144332
Llama-3.2-3B-Instruct,linguistic_style,negpos,negative,6,0.2744408984306514,0.06738957281727702,50,5000,0.009530324784072243
Llama-3.2-3B-Instruct,linguistic_style,negpos,negative,7,0.2994807139140867,0.07721776569402578,50,5000,0.010920241150063915
Llama-3.2-3B-Instruct,linguistic_style,negpos,negative,8,0.295394952873901,0.08023029661251854,50,5000,0.01134627735826399
Llama-3.2-3B-Instruct,linguistic_style,negpos,negative,9,0.3103066563974105,0.09561351503100986,50,5000,0.013521792970301792
Llama-3.2-3B-Instruct,linguistic_style,negpos,negative,10,0.3332580719822769,0.0997968107586591,50,5000,0.01411340032564769
Llama-3.2-3B-Instruct,linguistic_style,negpos,negative,11,0.33431590830265634,0.10418133912743466,50,5000,0.014733466274020888
Llama-3.2-3B-Instruct,linguistic_style,negpos,negative,12,0.3132105292369647,0.10364621739418298,50,5000,0.014657788632752375
Llama-3.2-3B-Instruct,linguistic_style,negpos,negative,13,0.32323838237214003,0.11238142416943397,50,5000,0.015893133421921706
Llama-3.2-3B-Instruct,linguistic_style,negpos,negative,14,0.30920993712956885,0.11940514387917987,50,5000,0.016886437389104694
Llama-3.2-3B-Instruct,linguistic_style,negpos,negative,15,0.28363444089900797,0.11711916050999019,50,5000,0.016563150520697952
Llama-3.2-3B-Instruct,linguistic_style,negpos,negative,16,0.29048896301574134,0.1292321430308088,50,5000,0.018276184936870946
Llama-3.2-3B-Instruct,linguistic_style,negpos,negative,17,0.2843025899714896,0.13141556065101165,50,5000,0.01858496681795247
Llama-3.2-3B-Instruct,linguistic_style,negpos,negative,18,0.26963833530660397,0.13122930611597353,50,5000,0.01855862644900203
Llama-3.2-3B-Instruct,linguistic_style,negpos,negative,19,0.26255140882587663,0.1291593128566912,50,5000,0.018265885194872232
Llama-3.2-3B-Instruct,linguistic_style,negpos,negative,20,0.25663470815186523,0.12955017243806335,50,5000,0.018321161086968234
Llama-3.2-3B-Instruct,linguistic_style,negpos,negative,21,0.24552947112144627,0.12827324079172212,50,5000,0.018140575681720315
Llama-3.2-3B-Instruct,linguistic_style,negpos,negative,22,0.23731836155966796,0.12690654349758612,50,5000,0.01794729549681774
Llama-3.2-3B-Instruct,linguistic_style,negpos,negative,23,0.2293282680990911,0.12617838921241248,50,5000,0.017844318930258476
Llama-3.2-3B-Instruct,linguistic_style,negpos,negative,24,0.22228128256641397,0.12471080206066255,50,5000,0.017636770764861552
Llama-3.2-3B-Instruct,linguistic_style,negpos,negative,25,0.21863413067318224,0.1244783122618006,50,5000,0.017603891742195153
Llama-3.2-3B-Instruct,linguistic_style,negpos,negative,26,0.22355673873252913,0.12562390356059513,50,5000,0.01776590281736434
Llama-3.2-3B-Instruct,linguistic_style,negpos,negative,27,0.22174870436277686,0.1302900421380837,50,5000,0.018425794463384
Llama-3.2-3B-Instruct,linguistic_style,negpos,positive,0,0.3508943547723414,0.15308510031620529,50,5000,0.02164950250644233
Llama-3.2-3B-Instruct,linguistic_style,negpos,positive,1,0.3310090120769742,0.12573370689647081,50,5000,0.017781431354043257
Llama-3.2-3B-Instruct,linguistic_style,negpos,positive,2,0.30525609060070913,0.09781500823110899,50,5000,0.013833131124407025
Llama-3.2-3B-Instruct,linguistic_style,negpos,positive,3,0.2308696549182623,0.04792716666946459,50,5000,0.006777924911007258
Llama-3.2-3B-Instruct,linguistic_style,negpos,positive,4,0.10054513571513259,0.052272058042169604,50,5000,0.007392385341638987
Llama-3.2-3B-Instruct,linguistic_style,negpos,positive,5,0.15590985336369634,0.08974960329748455,50,5000,0.01269251062009077
Llama-3.2-3B-Instruct,linguistic_style,negpos,positive,6,0.16070641946213562,0.09745487401926352,50,5000,0.013782200455740384
Llama-3.2-3B-Instruct,linguistic_style,negpos,positive,7,0.23195517664087564,0.1094261228736225,50,5000,0.015475190704578168
Llama-3.2-3B-Instruct,linguistic_style,negpos,positive,8,0.24590952082038764,0.10936826307462222,50,5000,0.015467008093331932
Llama-3.2-3B-Instruct,linguistic_style,negpos,positive,9,0.30210957078926876,0.11499470168147738,50,5000,0.016262706671899347
Llama-3.2-3B-Instruct,linguistic_style,negpos,positive,10,0.34393992017915065,0.11211261282073767,50,5000,0.015855117756417094
Llama-3.2-3B-Instruct,linguistic_style,negpos,positive,11,0.33295939281924347,0.11261844693803047,50,5000,0.015926653503315746
Llama-3.2-3B-Instruct,linguistic_style,negpos,positive,12,0.2996640670578356,0.10135754532086805,50,5000,0.014334121524161723
Llama-3.2-3B-Instruct,linguistic_style,negpos,positive,13,0.28470434285886276,0.09638068132728704,50,5000,0.013630286668380865
Llama-3.2-3B-Instruct,linguistic_style,negpos,positive,14,0.24357559802161677,0.09962609420481114,50,5000,0.01408925735907035
Llama-3.2-3B-Instruct,linguistic_style,negpos,positive,15,0.20411724448530935,0.09495837721522062,50,5000,0.013429142491870528
Llama-3.2-3B-Instruct,linguistic_style,negpos,positive,16,0.1927018141314114,0.10138510458253108,50,5000,0.014338018992323008
Llama-3.2-3B-Instruct,linguistic_style,negpos,positive,17,0.18426163455983408,0.09936317650786644,50,5000,0.014052075181789643
Llama-3.2-3B-Instruct,linguistic_style,negpos,positive,18,0.1662530168021388,0.09682187996900325,50,5000,0.01369268157866243
Llama-3.2-3B-Instruct,linguistic_style,negpos,positive,19,0.15570236898528225,0.08992669265792434,50,5000,0.012717554837619363
Llama-3.2-3B-Instruct,linguistic_style,negpos,positive,20,0.1477907696446192,0.08822375288208241,50,5000,0.012476722784929338
Llama-3.2-3B-Instruct,linguistic_style,negpos,positive,21,0.13950436741245642,0.08617121629024092,50,5000,0.01218645027638441
Llama-3.2-3B-Instruct,linguistic_style,negpos,positive,22,0.1345348256225579,0.08286795472143749,50,5000,0.011719298545317645
Llama-3.2-3B-Instruct,linguistic_style,negpos,positive,23,0.12810621500075162,0.08082593482149623,50,5000,0.011430513321604378
Llama-3.2-3B-Instruct,linguistic_style,negpos,positive,24,0.12485419667557933,0.0794492602784285,50,5000,0.011235822140626359
Llama-3.2-3B-Instruct,linguistic_style,negpos,positive,25,0.1261266870334829,0.08071680705613526,50,5000,0.011415080325023882
Llama-3.2-3B-Instruct,linguistic_style,negpos,positive,26,0.13892167561886992,0.08297560330253258,50,5000,0.011734522353653134
Llama-3.2-3B-Instruct,linguistic_style,negpos,positive,27,0.14047335878787717,0.08494272113143621,50,5000,0.012012714824895278
Llama-3.2-3B-Instruct,linguistic_style,posneg,negative,0,0.470531027923535,0.14906300050873997,50,5000,0.02108069169674876
Llama-3.2-3B-Instruct,linguistic_style,posneg,negative,1,0.43273845159453755,0.11571464241806115,50,5000,0.01636452166727751
Llama-3.2-3B-Instruct,linguistic_style,posneg,negative,2,0.41633803264689745,0.0842764765405849,50,5000,0.011918493611271314
Llama-3.2-3B-Instruct,linguistic_style,posneg,negative,3,0.3940066696953529,0.041723077013037735,50,5000,0.005900534137577509
Llama-3.2-3B-Instruct,linguistic_style,posneg,negative,4,0.2240877836004257,0.03502446472954453,50,5000,0.004953207303537999
Llama-3.2-3B-Instruct,linguistic_style,posneg,negative,5,0.2756626125156734,0.06230995646094967,50,5000,0.008811958549795208
Llama-3.2-3B-Instruct,linguistic_style,posneg,negative,6,0.2701946030269265,0.06571901375490688,50,5000,0.009294072055797329
Llama-3.2-3B-Instruct,linguistic_style,posneg,negative,7,0.29617906503263836,0.0743689248526993,50,5000,0.010517354214579288
Llama-3.2-3B-Instruct,linguistic_style,posneg,negative,8,0.2979746228082211,0.07909174260719574,50,5000,0.01118526150668182
Llama-3.2-3B-Instruct,linguistic_style,posneg,negative,9,0.3190272036555299,0.08964074603325112,50,5000,0.012677115878146595
Llama-3.2-3B-Instruct,linguistic_style,posneg,negative,10,0.339210217001637,0.09335375378828059,50,5000,0.01320221447058251
Llama-3.2-3B-Instruct,linguistic_style,posneg,negative,11,0.33993092035553085,0.09638302680023886,50,5000,0.013630618368346729
Llama-3.2-3B-Instruct,linguistic_style,posneg,negative,12,0.31179336588806883,0.09149450672640363,50,5000,0.012939277229511638
Llama-3.2-3B-Instruct,linguistic_style,posneg,negative,13,0.28887273377467465,0.0978765758027361,50,5000,0.013841838093886769
Llama-3.2-3B-Instruct,linguistic_style,posneg,negative,14,0.2703064997371954,0.10497164592990854,50,5000,0.014845232533870316
Llama-3.2-3B-Instruct,linguistic_style,posneg,negative,15,0.24070840289846257,0.10194165267294023,50,5000,0.014416726778079954
Llama-3.2-3B-Instruct,linguistic_style,posneg,negative,16,0.23639061939714207,0.11483835718902785,50,5000,0.0162405962217369
Llama-3.2-3B-Instruct,linguistic_style,posneg,negative,17,0.2306666205879695,0.11632114616931565,50,5000,0.016450294250342938
Llama-3.2-3B-Instruct,linguistic_style,posneg,negative,18,0.21538945002310672,0.11518921022369598,50,5000,0.01629021433373964
Llama-3.2-3B-Instruct,linguistic_style,posneg,negative,19,0.20831845363214108,0.11237108890573995,50,5000,0.015891671794913027
Llama-3.2-3B-Instruct,linguistic_style,posneg,negative,20,0.20164707321184824,0.11226489327521962,50,5000,0.015876653464818365
Llama-3.2-3B-Instruct,linguistic_style,posneg,negative,21,0.19085687586433941,0.10997717719509319,50,5000,0.015553121554080984
Llama-3.2-3B-Instruct,linguistic_style,posneg,negative,22,0.18219088826184401,0.1077169557986412,50,5000,0.015233477978798158
Llama-3.2-3B-Instruct,linguistic_style,posneg,negative,23,0.1739085814733264,0.10665954095755177,50,5000,0.015083936937865833
Llama-3.2-3B-Instruct,linguistic_style,posneg,negative,24,0.16703687747289522,0.10472691269700783,50,5000,0.014810622028157156
Llama-3.2-3B-Instruct,linguistic_style,posneg,negative,25,0.16365780966659482,0.10472915652124194,50,5000,0.014810939352823502
Llama-3.2-3B-Instruct,linguistic_style,posneg,negative,26,0.1702916483348666,0.10654485817596701,50,5000,0.015067718343357048
Llama-3.2-3B-Instruct,linguistic_style,posneg,negative,27,0.1693753146465904,0.10988180245269973,50,5000,0.015539633528660916
Llama-3.2-3B-Instruct,linguistic_style,posneg,positive,0,0.3474165848241798,0.15200432498707447,50,5000,0.021496657793608823
Llama-3.2-3B-Instruct,linguistic_style,posneg,positive,1,0.3301576906795681,0.12453691382485017,50,5000,0.01761217925471925
Llama-3.2-3B-Instruct,linguistic_style,posneg,positive,2,0.31146821536202457,0.09677594582262197,50,5000,0.013686185509383586
Llama-3.2-3B-Instruct,linguistic_style,posneg,positive,3,0.23350805496678867,0.049454279037702685,50,5000,0.006993891213250259
Llama-3.2-3B-Instruct,linguistic_style,posneg,positive,4,0.10347600206987188,0.054626455176501144,50,5000,0.007725347377497388
Llama-3.2-3B-Instruct,linguistic_style,posneg,positive,5,0.15811905038507287,0.09379232338376836,50,5000,0.013264237577580839
Llama-3.2-3B-Instruct,linguistic_style,posneg,positive,6,0.16326557915226073,0.10170870849848794,50,5000,0.014383783497001331
Llama-3.2-3B-Instruct,linguistic_style,posneg,positive,7,0.23442305643538028,0.11326284079570377,50,5000,0.016017784556618894
Llama-3.2-3B-Instruct,linguistic_style,posneg,positive,8,0.24258429645897497,0.11222144745644407,50,5000,0.015870509298204286
Llama-3.2-3B-Instruct,linguistic_style,posneg,positive,9,0.29251659554120724,0.11587050698777894,50,5000,0.016386564246116345
Llama-3.2-3B-Instruct,linguistic_style,posneg,positive,10,0.3387258347925016,0.11291292816434094,50,5000,0.015968299437726995
Llama-3.2-3B-Instruct,linguistic_style,posneg,positive,11,0.325609110363105,0.11396670305838899,50,5000,0.0161173257124121
Llama-3.2-3B-Instruct,linguistic_style,posneg,positive,12,0.30234875497561786,0.10671441143177753,50,5000,0.015091696794748222
Llama-3.2-3B-Instruct,linguistic_style,posneg,positive,13,0.32018656792167044,0.11370347364030226,50,5000,0.016080099451104717
Llama-3.2-3B-Instruct,linguistic_style,posneg,positive,14,0.28335831262773076,0.11446617136580353,50,5000,0.016187961197844217
Llama-3.2-3B-Instruct,linguistic_style,posneg,positive,15,0.2461752298304876,0.10880086521232059,50,5000,0.015386765918119084
Llama-3.2-3B-Instruct,linguistic_style,posneg,positive,16,0.2433679552143241,0.11280156239562619,50,5000,0.015952549939676947
Llama-3.2-3B-Instruct,linguistic_style,posneg,positive,17,0.23259805534186317,0.11014346162719231,50,5000,0.015576637723989593
Llama-3.2-3B-Instruct,linguistic_style,posneg,positive,18,0.2146163419470363,0.10572036866621627,50,5000,0.014951117918684665
Llama-3.2-3B-Instruct,linguistic_style,posneg,positive,19,0.20281425386311347,0.09926546679129468,50,5000,0.0140382569411545
Llama-3.2-3B-Instruct,linguistic_style,posneg,positive,20,0.19558216625619873,0.09817787703055274,50,5000,0.013884448522160564
Llama-3.2-3B-Instruct,linguistic_style,posneg,positive,21,0.18680116232356295,0.0963130974599216,50,5000,0.013620728866198282
Llama-3.2-3B-Instruct,linguistic_style,posneg,positive,22,0.18092572138774954,0.09397700822743933,50,5000,0.013290355958649264
Llama-3.2-3B-Instruct,linguistic_style,posneg,positive,23,0.1743704460590312,0.09240373964968346,50,5000,0.013067862182657484
Llama-3.2-3B-Instruct,linguistic_style,posneg,positive,24,0.17032583761211498,0.09007173456207365,50,5000,0.0127380668604154
Llama-3.2-3B-Instruct,linguistic_style,posneg,positive,25,0.17114104265520297,0.09075671268754072,50,5000,0.012834937395911843
Llama-3.2-3B-Instruct,linguistic_style,posneg,positive,26,0.182798558224229,0.09498615249137528,50,5000,0.013433070509094187
Llama-3.2-3B-Instruct,linguistic_style,posneg,positive,27,0.18509313572288566,0.09631808729169893,50,5000,0.013621434534975626
Llama-3.2-3B-Instruct,semantic_framing,negpos,negative,0,0.470278374080929,0.08699745366971737,50,5000,0.012303297887163929
Llama-3.2-3B-Instruct,semantic_framing,negpos,negative,1,0.42275320280107875,0.07389163739826722,50,5000,0.01044985557545845
Llama-3.2-3B-Instruct,semantic_framing,negpos,negative,2,0.44017702712206186,0.05305619440829273,50,5000,0.007503278970011114
Llama-3.2-3B-Instruct,semantic_framing,negpos,negative,3,0.3581694118616769,0.029299257597224106,50,5000,0.004143540746145727
Llama-3.2-3B-Instruct,semantic_framing,negpos,negative,4,0.22446156358999797,0.023588644473074325,50,5000,0.003335938093181886
Llama-3.2-3B-Instruct,semantic_framing,negpos,negative,5,0.2219240425714754,0.030355463512165858,50,5000,0.004292910819102658
Llama-3.2-3B-Instruct,semantic_framing,negpos,negative,6,0.2038058127926895,0.0362756255596744,50,5000,0.005130148165005964
Llama-3.2-3B-Instruct,semantic_framing,negpos,negative,7,0.20861660756949507,0.03699730683048485,50,5000,0.005232209309095042
Llama-3.2-3B-Instruct,semantic_framing,negpos,negative,8,0.20510673764562187,0.03982267166567631,50,5000,0.005631776235953021
Llama-3.2-3B-Instruct,semantic_framing,negpos,negative,9,0.20337727315990942,0.04252083987626657,50,5000,0.00601335484365109
Llama-3.2-3B-Instruct,semantic_framing,negpos,negative,10,0.2044663659731936,0.04460539796545855,50,5000,0.0063081558757800745
Llama-3.2-3B-Instruct,semantic_framing,negpos,negative,11,0.1977707896821524,0.04643818093195193,50,5000,0.006567350528590207
Llama-3.2-3B-Instruct,semantic_framing,negpos,negative,12,0.198687364495911,0.04038488285900667,50,5000,0.0057112849054055965
Llama-3.2-3B-Instruct,semantic_framing,negpos,negative,13,0.2309370927472391,0.04060352791028054,50,5000,0.005742205985091323
Llama-3.2-3B-Instruct,semantic_framing,negpos,negative,14,0.23727936623563015,0.04415882647020353,50,5000,0.006245001129264185
Llama-3.2-3B-Instruct,semantic_framing,negpos,negative,15,0.24491161120376298,0.05182919225907987,50,5000,0.007329754661963338
Llama-3.2-3B-Instruct,semantic_framing,negpos,negative,16,0.2313611387412428,0.05007711816000709,50,5000,0.007081973966644203
Llama-3.2-3B-Instruct,semantic_framing,negpos,negative,17,0.2183640314951739,0.049947440739202334,50,5000,0.007063634809920638
Llama-3.2-3B-Instruct,semantic_framing,negpos,negative,18,0.21394503072931767,0.0547410652219718,50,5000,0.007741555685566268
Llama-3.2-3B-Instruct,semantic_framing,negpos,negative,19,0.2153938095312605,0.06161555983342707,50,5000,0.008713756036964348
Llama-3.2-3B-Instruct,semantic_framing,negpos,negative,20,0.21564250290757234,0.06259520004685101,50,5000,0.008852298084571369
Llama-3.2-3B-Instruct,semantic_framing,negpos,negative,21,0.21169707886391465,0.06137656851109228,50,5000,0.008679957560030814
Llama-3.2-3B-Instruct,semantic_framing,negpos,negative,22,0.20900596866091445,0.060960174471929564,50,5000,0.008621070550283291
Llama-3.2-3B-Instruct,semantic_framing,negpos,negative,23,0.20712812830586824,0.06107450970092821,50,5000,0.008637239993433984
Llama-3.2-3B-Instruct,semantic_framing,negpos,negative,24,0.19581979461646284,0.0582461863767756,50,5000,0.008237254673054705
Llama-3.2-3B-Instruct,semantic_framing,negpos,negative,25,0.19453515787625572,0.05896474149828152,50,5000,0.008338873712869338
Llama-3.2-3B-Instruct,semantic_framing,negpos,negative,26,0.1920063213240494,0.05807862286127568,50,5000,0.008213557613436815
Llama-3.2-3B-Instruct,semantic_framing,negpos,negative,27,0.1866089806571071,0.0555491494234356,50,5000,0.007855836049291222
Llama-3.2-3B-Instruct,semantic_framing,negpos,positive,0,0.42582008255966236,0.13322303839094762,50,5000,0.018840582771302964
Llama-3.2-3B-Instruct,semantic_framing,negpos,positive,1,0.3922566301145178,0.10615119153779037,50,5000,0.015012045473480727
Llama-3.2-3B-Instruct,semantic_framing,negpos,positive,2,0.3971427876707389,0.07427044588196324,50,5000,0.010503427184976941
Llama-3.2-3B-Instruct,semantic_framing,negpos,positive,3,0.2523054007444253,0.041040837683623016,50,5000,0.005804050926333247
Llama-3.2-3B-Instruct,semantic_framing,negpos,positive,4,0.13802482447939257,0.0357432180604678,50,5000,0.005054854374397251
Llama-3.2-3B-Instruct,semantic_framing,negpos,positive,5,0.1220312276118954,0.04562072683748471,50,5000,0.006451745061888911
Llama-3.2-3B-Instruct,semantic_framing,negpos,positive,6,0.1096813645383819,0.05260407612397358,50,5000,0.007439339789063015
Llama-3.2-3B-Instruct,semantic_framing,negpos,positive,7,0.14915817171538223,0.05772023028973347,50,5000,0.008162873249903939
Llama-3.2-3B-Instruct,semantic_framing,negpos,positive,8,0.14849678413984574,0.061220423627135444,50,5000,0.00865787533877212
Llama-3.2-3B-Instruct,semantic_framing,negpos,positive,9,0.17403989930822622,0.06257063118416586,50,5000,0.008848823522689227
Llama-3.2-3B-Instruct,semantic_framing,negpos,positive,10,0.16923926012783638,0.06255511644117163,50,5000,0.008846629406693311
Llama-3.2-3B-Instruct,semantic_framing,negpos,positive,11,0.16011916533266785,0.0587851975582824,50,5000,0.008313482365370472
Llama-3.2-3B-Instruct,semantic_framing,negpos,positive,12,0.1476349998905072,0.0510357955530626,50,5000,0.007217551423764162
Llama-3.2-3B-Instruct,semantic_framing,negpos,positive,13,0.15923038165656378,0.05911825545348173,50,5000,0.008360583864615105
Llama-3.2-3B-Instruct,semantic_framing,negpos,positive,14,0.15776787372791243,0.05595616016567176,50,5000,0.007913396060461413
Llama-3.2-3B-Instruct,semantic_framing,negpos,positive,15,0.15636884488018185,0.05547551784831054,50,5000,0.007845422972075147
Llama-3.2-3B-Instruct,semantic_framing,negpos,positive,16,0.14238505329450962,0.05216704976783798,50,5000,0.007377534929066869
Llama-3.2-3B-Instruct,semantic_framing,negpos,positive,17,0.1373598757896471,0.04999962600657952,50,5000,0.007071014921208727
Llama-3.2-3B-Instruct,semantic_framing,negpos,positive,18,0.13631770584755742,0.0481480978633689,50,5000,0.006809169300084334
Llama-3.2-3B-Instruct,semantic_framing,negpos,positive,19,0.1415102855587116,0.049976319784029055,50,5000,0.007067718923606871
Llama-3.2-3B-Instruct,semantic_framing,negpos,positive,20,0.1393687102472266,0.048284891097850634,50,5000,0.006828514784828829
Llama-3.2-3B-Instruct,semantic_framing,negpos,positive,21,0.13758224683327627,0.04784382436984644,50,5000,0.006766138529963323
Llama-3.2-3B-Instruct,semantic_framing,negpos,positive,22,0.132979135514221,0.04591279313122973,50,5000,0.006493049473261536
Llama-3.2-3B-Instruct,semantic_framing,negpos,positive,23,0.13259434109200394,0.046384415513651744,50,5000,0.006559746950215529
Llama-3.2-3B-Instruct,semantic_framing,negpos,positive,24,0.12216468747484825,0.04240148105919667,50,5000,0.0059964749578621844
Llama-3.2-3B-Instruct,semantic_framing,negpos,positive,25,0.12228185019977389,0.043983736994826224,50,5000,0.006220239738193448
Llama-3.2-3B-Instruct,semantic_framing,negpos,positive,26,0.12279552836048233,0.04490385961103909,50,5000,0.006350364726482894
Llama-3.2-3B-Instruct,semantic_framing,negpos,positive,27,0.12134481634432218,0.04442213930800553,50,5000,0.006282239187900839
Llama-3.2-3B-Instruct,semantic_framing,posneg,negative,0,0.47370524968743793,0.08795371153851335,50,5000,0.012438533171881655
Llama-3.2-3B-Instruct,semantic_framing,posneg,negative,1,0.42436207598672304,0.0744730857080107,50,5000,0.010532084784004263
Llama-3.2-3B-Instruct,semantic_framing,posneg,negative,2,0.431105082937524,0.05362922905036366,50,5000,0.007584318306263747
Llama-3.2-3B-Instruct,semantic_framing,posneg,negative,3,0.3479748734184554,0.027751080804708807,50,5000,0.003924595484453086
Llama-3.2-3B-Instruct,semantic_framing,posneg,negative,4,0.21503040748813926,0.02262343341840708,50,5000,0.0031994366367756005
Llama-3.2-3B-Instruct,semantic_framing,posneg,negative,5,0.21160524408768322,0.03087436623735765,50,5000,0.004366294746254517
Llama-3.2-3B-Instruct,semantic_framing,posneg,negative,6,0.19349583736433942,0.03757565586043431,50,5000,0.005314000213289026
Llama-3.2-3B-Instruct,semantic_framing,posneg,negative,7,0.1988379558802527,0.03921031412592001,50,5000,0.005545175802178542
Llama-3.2-3B-Instruct,semantic_framing,posneg,negative,8,0.19380940457454635,0.042703648703432816,50,5000,0.006039207915921092
Llama-3.2-3B-Instruct,semantic_framing,posneg,negative,9,0.19265574824310874,0.04571955278029052,50,5000,0.00646572116075194
Llama-3.2-3B-Instruct,semantic_framing,posneg,negative,10,0.1929042935077007,0.046801144796543195,50,5000,0.006618681370585839
Llama-3.2-3B-Instruct,semantic_framing,posneg,negative,11,0.18664396830627758,0.04809939203638901,50,5000,0.006802281255976177
Llama-3.2-3B-Instruct,semantic_framing,posneg,negative,12,0.1759425331547414,0.04196610969334154,50,5000,0.005934904148836061
Llama-3.2-3B-Instruct,semantic_framing,posneg,negative,13,0.18477842428075367,0.04597897518698145,50,5000,0.006502409029344518
Llama-3.2-3B-Instruct,semantic_framing,posneg,negative,14,0.19195614018909432,0.045764453457869544,50,5000,0.006472071075471139
Llama-3.2-3B-Instruct,semantic_framing,posneg,negative,15,0.18342177318319006,0.05201446907332561,50,5000,0.007355956760313299
Llama-3.2-3B-Instruct,semantic_framing,posneg,negative,16,0.17409796121632876,0.050590447412231815,50,5000,0.007154569685690108
Llama-3.2-3B-Instruct,semantic_framing,posneg,negative,17,0.16278764706012613,0.05227911929658031,50,5000,0.007393383953814485
Llama-3.2-3B-Instruct,semantic_framing,posneg,negative,18,0.15744770526424973,0.054139230203307416,50,5000,0.007656443360995644
Llama-3.2-3B-Instruct,semantic_framing,posneg,negative,19,0.1593976723346483,0.06036343929890495,50,5000,0.008536679452799645
Llama-3.2-3B-Instruct,semantic_framing,posneg,negative,20,0.15633884407049886,0.060770924185122116,50,5000,0.008594306518054682
Llama-3.2-3B-Instruct,semantic_framing,posneg,negative,21,0.1470809234255764,0.057405837574648934,50,5000,0.008118411405745554
Llama-3.2-3B-Instruct,semantic_framing,posneg,negative,22,0.1418678332781999,0.05604886997955578,50,5000,0.0079265072080774
Llama-3.2-3B-Instruct,semantic_framing,posneg,negative,23,0.1418630888699009,0.056846980461705165,50,5000,0.00803937707489018
Llama-3.2-3B-Instruct,semantic_framing,posneg,negative,24,0.12947374816845492,0.052770596940573046,50,5000,0.007462889388788255
Llama-3.2-3B-Instruct,semantic_framing,posneg,negative,25,0.1298393174625708,0.052412942756063,50,5000,0.007412309448950896
Llama-3.2-3B-Instruct,semantic_framing,posneg,negative,26,0.13116774962188116,0.05225419961984707,50,5000,0.007389859779333876
Llama-3.2-3B-Instruct,semantic_framing,posneg,negative,27,0.12900998689309126,0.049487331534225874,50,5000,0.006998565542135598
Llama-3.2-3B-Instruct,semantic_framing,posneg,positive,0,0.421402268294882,0.1326369941974473,50,5000,0.018757703606643146
Llama-3.2-3B-Instruct,semantic_framing,posneg,positive,1,0.38991597534349764,0.10491000633264452,50,5000,0.014836515378427317
Llama-3.2-3B-Instruct,semantic_framing,posneg,positive,2,0.4037000640993844,0.07137059706984818,50,5000,0.010093326633084477
Llama-3.2-3B-Instruct,semantic_framing,posneg,positive,3,0.26498361103264984,0.04385329816095129,50,5000,0.006201792901400842
Llama-3.2-3B-Instruct,semantic_framing,posneg,positive,4,0.14582366945138786,0.03370138341547976,50,5000,0.004766095349690718
Llama-3.2-3B-Instruct,semantic_framing,posneg,positive,5,0.12643338549564395,0.04507508342569563,50,5000,0.0063745794305717475
Llama-3.2-3B-Instruct,semantic_framing,posneg,positive,6,0.11162570934789283,0.053317437204706414,50,5000,0.007540224280587165
Llama-3.2-3B-Instruct,semantic_framing,posneg,positive,7,0.15068709807524466,0.05793249031447121,50,5000,0.008192891350477315
Llama-3.2-3B-Instruct,semantic_framing,posneg,positive,8,0.1488259763457482,0.06266425583311848,50,5000,0.008862064047521349
Llama-3.2-3B-Instruct,semantic_framing,posneg,positive,9,0.17370275475772678,0.06403536401220895,50,5000,0.009055968025756391
Llama-3.2-3B-Instruct,semantic_framing,posneg,positive,10,0.17097589187438803,0.06402577296854833,50,5000,0.009054611647354174
Llama-3.2-3B-Instruct,semantic_framing,posneg,positive,11,0.16346862611309138,0.05925798680051039,50,5000,0.008380344861220764
Llama-3.2-3B-Instruct,semantic_framing,posneg,positive,12,0.1729721495797721,0.04723799614441181,50,5000,0.006680461480675515
Llama-3.2-3B-Instruct,semantic_framing,posneg,positive,13,0.21753277052448466,0.04457771435417366,50,5000,0.006304240821926618
Llama-3.2-3B-Instruct,semantic_framing,posneg,positive,14,0.213083020511906,0.04548921928420881,50,5000,0.006433147085349183
Llama-3.2-3B-Instruct,semantic_framing,posneg,positive,15,0.23014484888555778,0.05260049358379101,50,5000,0.007438833141371621
Llama-3.2-3B-Instruct,semantic_framing,posneg,positive,16,0.21243227460059774,0.04950934612520978,50,5000,0.007001678875449551
Llama-3.2-3B-Instruct,semantic_framing,posneg,positive,17,0.20680299094223006,0.0467108616498667,50,5000,0.0066059134055374774
Llama-3.2-3B-Instruct,semantic_framing,posneg,positive,18,0.2107185880607288,0.048175082824773785,50,5000,0.006812985549924224
Llama-3.2-3B-Instruct,semantic_framing,posneg,positive,19,0.21610211486793385,0.05049328305662323,50,5000,0.007140828570742017
Llama-3.2-3B-Instruct,semantic_framing,posneg,positive,20,0.21639115968651151,0.05020376914197449,50,5000,0.00709988512028282
Llama-3.2-3B-Instruct,semantic_framing,posneg,positive,21,0.22266938868578706,0.05308726906423399,50,5000,0.007507673589998935
Llama-3.2-3B-Instruct,semantic_framing,posneg,positive,22,0.22161013790465792,0.05390802933905682,50,5000,0.007623746621210087
Llama-3.2-3B-Instruct,semantic_framing,posneg,positive,23,0.2198062913388172,0.0532651821386313,50,5000,0.007532834298272552
Llama-3.2-3B-Instruct,semantic_framing,posneg,positive,24,0.21071076753206172,0.05048410404289898,50,5000,0.0071395304621722135
Llama-3.2-3B-Instruct,semantic_framing,posneg,positive,25,0.20743339552518347,0.04934771649659544,50,5000,0.006978820994162778
Llama-3.2-3B-Instruct,semantic_framing,posneg,positive,26,0.20186911978579095,0.05062299520405532,50,5000,0.007159172638552318
Llama-3.2-3B-Instruct,semantic_framing,posneg,positive,27,0.19715158905140132,0.049203688455124295,50,5000,0.006958452353201725
Qwen2.5-1.5B-Instruct,ideology,negpos,negative,0,0.19311921027026596,0.09333426492184288,50,5000,0.013199458328659363
Qwen2.5-1.5B-Instruct,ideology,negpos,negative,1,0.2134459147715166,0.09189164925734455,50,5000,0.01299544166485682
Qwen2.5-1.5B-Instruct,ideology,negpos,negative,2,0.22968519414956268,0.08784962697392629,50,5000,0.012423813391594382
Qwen2.5-1.5B-Instruct,ideology,negpos,negative,3,0.22842599525078966,0.061748071085473095,50,5000,0.008732495957945402
Qwen2.5-1.5B-Instruct,ideology,negpos,negative,4,0.23621048836265524,0.06089022304022215,50,5000,0.008611177923940488
Qwen2.5-1.5B-Instruct,ideology,negpos,negative,5,0.27827865175232586,0.08239999840108231,50,5000,0.011653119527833194
Qwen2.5-1.5B-Instruct,ideology,negpos,negative,6,0.31917438504600587,0.08299748297743033,50,5000,0.011737616606951206
Qwen2.5-1.5B-Instruct,ideology,negpos,negative,7,0.3404457732099141,0.08647096213610206,50,5000,0.01222884074043259
Qwen2.5-1.5B-Instruct,ideology,negpos,negative,8,0.3428427369703574,0.0847895343463834,50,5000,0.011991050941995476
Qwen2.5-1.5B-Instruct,ideology,negpos,negative,9,0.3544839066297614,0.07975459786513302,50,5000,0.01127900339624834
Qwen2.5-1.5B-Instruct,ideology,negpos,negative,10,0.3812925610133565,0.06774702280546453,50,5000,0.009580875846188731
Qwen2.5-1.5B-Instruct,ideology,negpos,negative,11,0.40231830838085164,0.05428401745663606,50,5000,0.007676919370727256
Qwen2.5-1.5B-Instruct,ideology,negpos,negative,12,0.41344033984405437,0.0480611923784741,50,5000,0.006796879008546051
Qwen2.5-1.5B-Instruct,ideology,negpos,negative,13,0.49382528333386005,0.03808418017836406,50,5000,0.005385916412010305
Qwen2.5-1.5B-Instruct,ideology,negpos,negative,14,0.5010883659614479,0.037105112120199395,50,5000,0.005247455279376029
Qwen2.5-1.5B-Instruct,ideology,negpos,negative,15,0.5208641692201497,0.03522459903396066,50,5000,0.004981510568298139
Qwen2.5-1.5B-Instruct,ideology,negpos,negative,16,0.5344437139253585,0.03733117168335638,50,5000,0.005279424929388103
Qwen2.5-1.5B-Instruct,ideology,negpos,negative,17,0.5154552777839345,0.03716156721942368,50,5000,0.005255439236074839
Qwen2.5-1.5B-Instruct,ideology,negpos,negative,18,0.528029647787142,0.03487049712867897,50,5000,0.0049314329966069865
Qwen2.5-1.5B-Instruct,ideology,negpos,negative,19,0.5006237714234898,0.04180057779962609,50,5000,0.005911494403926292
Qwen2.5-1.5B-Instruct,ideology,negpos,negative,20,0.4755441752078117,0.04629417787942931,50,5000,0.006546985421600146
Qwen2.5-1.5B-Instruct,ideology,negpos,negative,21,0.45222811700640086,0.05387997866377819,50,5000,0.00761977965666881
Qwen2.5-1.5B-Instruct,ideology,negpos,negative,22,0.44192633330989645,0.0475250455992093,50,5000,0.006721056403880157
Qwen2.5-1.5B-Instruct,ideology,negpos,negative,23,0.42519927322674794,0.047090573659977195,50,5000,0.006659612792986898
Qwen2.5-1.5B-Instruct,ideology,negpos,negative,24,0.4177499163081722,0.04909589789878812,50,5000,0.006943208466535089
Qwen2.5-1.5B-Instruct,ideology,negpos,negative,25,0.4076676519919632,0.043662670632360075,50,5000,0.0061748340977713055
Qwen2.5-1.5B-Instruct,ideology,negpos,negative,26,0.38678506995781753,0.04522803705452636,50,5000,0.0063962103402024064
Qwen2.5-1.5B-Instruct,ideology,negpos,negative,27,0.23414530080113147,0.04903072617157588,50,5000,0.006933991792484407
Qwen2.5-1.5B-Instruct,ideology,negpos,positive,0,0.13532571895501366,0.09212728798719219,50,5000,0.013028766013613911
Qwen2.5-1.5B-Instruct,ideology,negpos,positive,1,0.14381038911731,0.09393617800886912,50,5000,0.013284581693763599
Qwen2.5-1.5B-Instruct,ideology,negpos,positive,2,0.16007322540246882,0.08831418732119871,50,5000,0.012489512145959725
Qwen2.5-1.5B-Instruct,ideology,negpos,positive,3,0.1422878270134937,0.07215884718204968,50,5000,0.010204802033006225
Qwen2.5-1.5B-Instruct,ideology,negpos,positive,4,0.14789760379256406,0.0702060893696069,50,5000,0.009928640374767565
Qwen2.5-1.5B-Instruct,ideology,negpos,positive,5,0.21032502591458435,0.08251694218958033,50,5000,0.011669657877006114
Qwen2.5-1.5B-Instruct,ideology,negpos,positive,6,0.23686462415516008,0.08589217620183355,50,5000,0.01214698804863726
Qwen2.5-1.5B-Instruct,ideology,negpos,positive,7,0.25978373017684747,0.08987846958406694,50,5000,0.012710735065112517
Qwen2.5-1.5B-Instruct,ideology,negpos,positive,8,0.25852265934274654,0.08586823385151449,50,5000,0.01214360208898363
Qwen2.5-1.5B-Instruct,ideology,negpos,positive,9,0.26592706810745764,0.08304813484569783,50,5000,0.01174477986285755
Qwen2.5-1.5B-Instruct,ideology,negpos,positive,10,0.3042663229941594,0.06665644878829004,50,5000,0.009426645389602743
Qwen2.5-1.5B-Instruct,ideology,negpos,positive,11,0.326945306739614,0.054633103726134676,50,5000,0.007726287624403573
Qwen2.5-1.5B-Instruct,ideology,negpos,positive,12,0.3534854540899057,0.04656593756914649,50,5000,0.006585418045490579
Qwen2.5-1.5B-Instruct,ideology,negpos,positive,13,0.45057961692598686,0.03733367817367587,50,5000,0.0052797794006484815
Qwen2.5-1.5B-Instruct,ideology,negpos,positive,14,0.44076780213911165,0.03964115376081615,50,5000,0.005606105727666342
Qwen2.5-1.5B-Instruct,ideology,negpos,positive,15,0.4691880876894111,0.04085165670370034,50,5000,0.0057772966955782785
Qwen2.5-1.5B-Instruct,ideology,negpos,positive,16,0.503234006553199,0.04376970536926607,50,5000,0.006189971095429055
Qwen2.5-1.5B-Instruct,ideology,negpos,positive,17,0.4747706188105441,0.04662789859792137,50,5000,0.006594180658213783
Qwen2.5-1.5B-Instruct,ideology,negpos,positive,18,0.4998442508177841,0.045361041941703484,50,5000,0.006415020071733186
Qwen2.5-1.5B-Instruct,ideology,negpos,positive,19,0.48732444891161164,0.051584079971313083,50,5000,0.00729509054979693
Qwen2.5-1.5B-Instruct,ideology,negpos,positive,20,0.4562759807951769,0.05468799545387805,50,5000,0.00773405048698725
Qwen2.5-1.5B-Instruct,ideology,negpos,positive,21,0.4323919262343371,0.06002326440270051,50,5000,0.008488571457620527
Qwen2.5-1.5B-Instruct,ideology,negpos,positive,22,0.38609948998966287,0.05600528392994413,50,5000,0.007920343209828293
Qwen2.5-1.5B-Instruct,ideology,negpos,positive,23,0.3796178314583959,0.058414509323898474,50,5000,0.008261059132522683
Qwen2.5-1.5B-Instruct,ideology,negpos,positive,24,0.3711388699282784,0.05699329953668686,50,5000,0.008060069716917478
Qwen2.5-1.5B-Instruct,ideology,negpos,positive,25,0.36948137652526136,0.05327603179699133,50,5000,0.007534368671672539
Qwen2.5-1.5B-Instruct,ideology,negpos,positive,26,0.34063760414924,0.053273185755715685,50,5000,0.00753396618065543
Qwen2.5-1.5B-Instruct,ideology,negpos,positive,27,0.19038289945268796,0.055576698410856044,50,5000,0.007859732064455185
Qwen2.5-1.5B-Instruct,ideology,posneg,negative,0,0.1952723950168034,0.09435078605596554,50,5000,0.013343216126090877
Qwen2.5-1.5B-Instruct,ideology,posneg,negative,1,0.21512701523319153,0.09249485360690204,50,5000,0.013080747642059486
Qwen2.5-1.5B-Instruct,ideology,posneg,negative,2,0.22938827590350092,0.08826505320596972,50,5000,0.01248256353274652
Qwen2.5-1.5B-Instruct,ideology,posneg,negative,3,0.22625959998668738,0.0625233507450472,50,5000,0.00884213705886557
Qwen2.5-1.5B-Instruct,ideology,posneg,negative,4,0.23386989882561596,0.06119796346667845,50,5000,0.008654698992418984
Qwen2.5-1.5B-Instruct,ideology,posneg,negative,5,0.2755802850848508,0.08270404894172176,50,5000,0.011696118767655113
Qwen2.5-1.5B-Instruct,ideology,posneg,negative,6,0.3165379448027778,0.08352033062663457,50,5000,0.011811558430607157
Qwen2.5-1.5B-Instruct,ideology,posneg,negative,7,0.33750163906074127,0.08722588719663896,50,5000,0.012335603266351252
Qwen2.5-1.5B-Instruct,ideology,posneg,negative,8,0.33987096889683216,0.08568044299457535,50,5000,0.01211704445130633
Qwen2.5-1.5B-Instruct,ideology,posneg,negative,9,0.35169368516801086,0.08045607910278246,50,5000,0.011378207824251751
Qwen2.5-1.5B-Instruct,ideology,posneg,negative,10,0.3786037186558497,0.0684509168768978,50,5000,0.009680421500418226
Qwen2.5-1.5B-Instruct,ideology,posneg,negative,11,0.3995194798483243,0.055266951894306623,50,5000,0.007815927291994984
Qwen2.5-1.5B-Instruct,ideology,posneg,negative,12,0.41038279804186834,0.04926556282307748,50,5000,0.006967202710233991
Qwen2.5-1.5B-Instruct,ideology,posneg,negative,13,0.48985973586048054,0.03971141450092233,50,5000,0.0056160420968223955
Qwen2.5-1.5B-Instruct,ideology,posneg,negative,14,0.49666326067911454,0.0388041399071158,50,5000,0.005487734093286622
Qwen2.5-1.5B-Instruct,ideology,posneg,negative,15,0.514912436606054,0.0361733187086106,50,5000,0.005115679791376152
Qwen2.5-1.5B-Instruct,ideology,posneg,negative,16,0.5285145765950204,0.03775324408447827,50,5000,0.005339114980785099
Qwen2.5-1.5B-Instruct,ideology,posneg,negative,17,0.509384430466139,0.037775485039218494,50,5000,0.005342260326768474
Qwen2.5-1.5B-Instruct,ideology,posneg,negative,18,0.5221103792957994,0.03658877976129998,50,5000,0.005174434856911265
Qwen2.5-1.5B-Instruct,ideology,posneg,negative,19,0.4945552489568017,0.04267276218608219,50,5000,0.006034839902747919
Qwen2.5-1.5B-Instruct,ideology,posneg,negative,20,0.47068173678247455,0.04730966130639621,50,5000,0.006690596465078315
Qwen2.5-1.5B-Instruct,ideology,posneg,negative,21,0.4465019189427256,0.05552731738310118,50,5000,0.007852748532537701
Qwen2.5-1.5B-Instruct,ideology,posneg,negative,22,0.4256153645967172,0.04635795055362247,50,5000,0.0065560042396754226
Qwen2.5-1.5B-Instruct,ideology,posneg,negative,23,0.40964503689438964,0.04652848177464202,50,5000,0.006580120996232812
Qwen2.5-1.5B-Instruct,ideology,posneg,negative,24,0.4015170729418269,0.04829822525776028,50,5000,0.006830400519807536
Qwen2.5-1.5B-Instruct,ideology,posneg,negative,25,0.3915077545322104,0.04360118629296095,50,5000,0.006166138899106126
Qwen2.5-1.5B-Instruct,ideology,posneg,negative,26,0.36370181235662713,0.0437968961339197,50,5000,0.006193816450243501
Qwen2.5-1.5B-Instruct,ideology,posneg,negative,27,0.21302142450913084,0.04637451853106197,50,5000,0.0065583473055150256
Qwen2.5-1.5B-Instruct,ideology,posneg,positive,0,0.13464080968413533,0.0928197174430123,50,5000,0.013126690326354653
Qwen2.5-1.5B-Instruct,ideology,posneg,positive,1,0.14412174008286216,0.09494360243238283,50,5000,0.013427053022043497
Qwen2.5-1.5B-Instruct,ideology,posneg,positive,2,0.16199189492889965,0.09036544733552804,50,5000,0.012779604119181541
Qwen2.5-1.5B-Instruct,ideology,posneg,positive,3,0.14590557587503755,0.0736362846049074,50,5000,0.010413743237102518
Qwen2.5-1.5B-Instruct,ideology,posneg,positive,4,0.15175302630251192,0.07152594551257752,50,5000,0.010115296220544613
Qwen2.5-1.5B-Instruct,ideology,posneg,positive,5,0.2141348718352112,0.08395471313910417,50,5000,0.01187298939464638
Qwen2.5-1.5B-Instruct,ideology,posneg,positive,6,0.2403643452571048,0.08730593992906648,50,5000,0.012346924432341654
Qwen2.5-1.5B-Instruct,ideology,posneg,positive,7,0.26483055083987034,0.09123241454819048,50,5000,0.012902211798209544
Qwen2.5-1.5B-Instruct,ideology,posneg,positive,8,0.2640959169599782,0.08712623662369866,50,5000,0.01232151054717621
Qwen2.5-1.5B-Instruct,ideology,posneg,positive,9,0.27205846502321596,0.0843204094164401,50,5000,0.011924706658158162
Qwen2.5-1.5B-Instruct,ideology,posneg,positive,10,0.310667420912984,0.06831403474647749,50,5000,0.009661063443889532
Qwen2.5-1.5B-Instruct,ideology,posneg,positive,11,0.33237184781512097,0.05691304370197393,50,5000,0.008048719827926418
Qwen2.5-1.5B-Instruct,ideology,posneg,positive,12,0.35731452272694186,0.049301418730290994,50,5000,0.006972273501261245
Qwen2.5-1.5B-Instruct,ideology,posneg,positive,13,0.45177365349610343,0.036923112001407084,50,5000,0.005221716575741069
Qwen2.5-1.5B-Instruct,ideology,posneg,positive,14,0.44057236372149794,0.039395941465919744,50,5000,0.005571427472356029
Qwen2.5-1.5B-Instruct,ideology,posneg,positive,15,0.46655479617004,0.03988761595463554,50,5000,0.005640960745377502
Qwen2.5-1.5B-Instruct,ideology,posneg,positive,16,0.4990542248458638,0.04367433122815054,50,5000,0.006176483155042528
Qwen2.5-1.5B-Instruct,ideology,posneg,positive,17,0.47072548036855855,0.04529909104483282,50,5000,0.006406258891877618
Qwen2.5-1.5B-Instruct,ideology,posneg,positive,18,0.49492220269611487,0.04644448334564329,50,5000,0.0065682418244820085
Qwen2.5-1.5B-Instruct,ideology,posneg,positive,19,0.48254800090017613,0.052009949955259385,50,5000,0.007355317660507377
Qwen2.5-1.5B-Instruct,ideology,posneg,positive,20,0.4532444453512479,0.054101753549892696,50,5000,0.007651143361842499
Qwen2.5-1.5B-Instruct,ideology,posneg,positive,21,0.4313266833058521,0.06085332912770409,50,5000,0.008605960336795282
Qwen2.5-1.5B-Instruct,ideology,posneg,positive,22,0.3905111378303896,0.05689810714952946,50,5000,0.008046607480422213
Qwen2.5-1.5B-Instruct,ideology,posneg,positive,23,0.3846614151680467,0.059350561777285635,50,5000,0.008393436939989956
Qwen2.5-1.5B-Instruct,ideology,posneg,positive,24,0.3797615411905712,0.058421390099765415,50,5000,0.00826203222117775
Qwen2.5-1.5B-Instruct,ideology,posneg,positive,25,0.3777926553912331,0.05581766265953317,50,5000,0.007893809555307808
Qwen2.5-1.5B-Instruct,ideology,posneg,positive,26,0.35721150845912325,0.05757332524491535,50,5000,0.008142097739227657
Qwen2.5-1.5B-Instruct,ideology,posneg,positive,27,0.20797630894734895,0.05795614891478289,50,5000,0.00819623718182007
Qwen2.5-1.5B-Instruct,linguistic_style,negpos,negative,0,0.04056093976982397,0.0858450043018948,50,5000,0.012140316934571632
Qwen2.5-1.5B-Instruct,linguistic_style,negpos,negative,1,0.1378598663144036,0.0845517696133401,50,5000,0.01195742593098309
Qwen2.5-1.5B-Instruct,linguistic_style,negpos,negative,2,0.14485531120695727,0.08865626595690802,50,5000,0.012537889370561545
Qwen2.5-1.5B-Instruct,linguistic_style,negpos,negative,3,0.21993510642809333,0.04608929898164332,50,5000,0.006518011170010846
Qwen2.5-1.5B-Instruct,linguistic_style,negpos,negative,4,0.22053835876832184,0.048769048365350134,50,5000,0.006896984962230758
Qwen2.5-1.5B-Instruct,linguistic_style,negpos,negative,5,0.23536783997327504,0.06963356336939418,50,5000,0.00984767297133636
Qwen2.5-1.5B-Instruct,linguistic_style,negpos,negative,6,0.2872200068399632,0.07248794221558631,50,5000,0.010251343098979938
Qwen2.5-1.5B-Instruct,linguistic_style,negpos,negative,7,0.3319044907741064,0.07364170002719901,50,5000,0.010414509093467595
Qwen2.5-1.5B-Instruct,linguistic_style,negpos,negative,8,0.3477283476047182,0.07695287208918179,50,5000,0.01088277953720829
Qwen2.5-1.5B-Instruct,linguistic_style,negpos,negative,9,0.3730519256697738,0.08519049954163715,50,5000,0.01204775598371222
Qwen2.5-1.5B-Instruct,linguistic_style,negpos,negative,10,0.4348509285356721,0.07594260239426634,50,5000,0.010739905826787893
Qwen2.5-1.5B-Instruct,linguistic_style,negpos,negative,11,0.5445420517435591,0.06820123551631285,50,5000,0.009645111223777125
Qwen2.5-1.5B-Instruct,linguistic_style,negpos,negative,12,0.5614966869601409,0.06291037298840425,50,5000,0.00889687026941513
Qwen2.5-1.5B-Instruct,linguistic_style,negpos,negative,13,0.603084986109682,0.07845414060910683,50,5000,0.011095090967372465
Qwen2.5-1.5B-Instruct,linguistic_style,negpos,negative,14,0.6116369529177178,0.07859676861864993,50,5000,0.01111526161391948
Qwen2.5-1.5B-Instruct,linguistic_style,negpos,negative,15,0.6167973809531118,0.07496033346144532,50,5000,0.01060099202211857
Qwen2.5-1.5B-Instruct,linguistic_style,negpos,negative,16,0.622108721834312,0.0729722110741943,50,5000,0.010319829057747773
Qwen2.5-1.5B-Instruct,linguistic_style,negpos,negative,17,0.6138827213199839,0.07350409630883209,50,5000,0.01039504898899285
Qwen2.5-1.5B-Instruct,linguistic_style,negpos,negative,18,0.6114428483764571,0.06819396301923954,50,5000,0.009644082737377784
Qwen2.5-1.5B-Instruct,linguistic_style,negpos,negative,19,0.5743158624246968,0.07190378135772083,50,5000,0.010168730278199851
Qwen2.5-1.5B-Instruct,linguistic_style,negpos,negative,20,0.5668981095805479,0.07491230406852904,50,5000,0.010594199640233096
Qwen2.5-1.5B-Instruct,linguistic_style,negpos,negative,21,0.5421605765828705,0.0790631841407394,50,5000,0.011181222729623505
Qwen2.5-1.5B-Instruct,linguistic_style,negpos,negative,22,0.4894292279469831,0.10411718576585857,50,5000,0.014724393618619614
Qwen2.5-1.5B-Instruct,linguistic_style,negpos,negative,23,0.48399316478326976,0.10357511788334015,50,5000,0.014647733643501172
Qwen2.5-1.5B-Instruct,linguistic_style,negpos,negative,24,0.473600879378812,0.10073518951330561,50,5000,0.014246107121794077
Qwen2.5-1.5B-Instruct,linguistic_style,negpos,negative,25,0.45572730884495627,0.09664778423789744,50,5000,0.013668060724254319
Qwen2.5-1.5B-Instruct,linguistic_style,negpos,negative,26,0.45217699776551795,0.09456419969462525,50,5000,0.013373397372309671
Qwen2.5-1.5B-Instruct,linguistic_style,negpos,negative,27,0.3766102822608608,0.11178641691845112,50,5000,0.015808986689516677
Qwen2.5-1.5B-Instruct,linguistic_style,negpos,positive,0,-0.007613279895313177,0.056938033595262755,50,5000,0.00805225393252755
Qwen2.5-1.5B-Instruct,linguistic_style,negpos,positive,1,0.08605010690369318,0.06188515321444923,50,5000,0.008751882298541104
Qwen2.5-1.5B-Instruct,linguistic_style,negpos,positive,2,0.08882978823983612,0.06327856154705493,50,5000,0.00894893999473057
Qwen2.5-1.5B-Instruct,linguistic_style,negpos,positive,3,0.12836113178071465,0.03300544481180986,50,5000,0.0046676747685018205
Qwen2.5-1.5B-Instruct,linguistic_style,negpos,positive,4,0.12110986852999545,0.03503775396896898,50,5000,0.004955086685800767
Qwen2.5-1.5B-Instruct,linguistic_style,negpos,positive,5,0.15094903289746378,0.050319956240803876,50,5000,0.00711631645737655
Qwen2.5-1.5B-Instruct,linguistic_style,negpos,positive,6,0.19414332666917933,0.05457598461595217,50,5000,0.007718209762374495
Qwen2.5-1.5B-Instruct,linguistic_style,negpos,positive,7,0.2263151631767669,0.058644719432563296,50,5000,0.008293615758309602
Qwen2.5-1.5B-Instruct,linguistic_style,negpos,positive,8,0.2249859015806798,0.06159571996632221,50,5000,0.008710950256050811
Qwen2.5-1.5B-Instruct,linguistic_style,negpos,positive,9,0.256104436506287,0.06731171590834534,50,5000,0.009519314154418678
Qwen2.5-1.5B-Instruct,linguistic_style,negpos,positive,10,0.33961268142883766,0.06403893072227032,50,5000,0.009056472434730576
Qwen2.5-1.5B-Instruct,linguistic_style,negpos,positive,11,0.46470702959029986,0.05923599621755684,50,5000,0.008377234923155024
Qwen2.5-1.5B-Instruct,linguistic_style,negpos,positive,12,0.49271667887254295,0.05203365687633531,50,5000,0.007358670325438145
Qwen2.5-1.5B-Instruct,linguistic_style,negpos,positive,13,0.5464069341275795,0.06465437068317084,50,5000,0.009143508788683764
Qwen2.5-1.5B-Instruct,linguistic_style,negpos,positive,14,0.5635433739809567,0.06782303591702266,50,5000,0.009591625723517098
Qwen2.5-1.5B-Instruct,linguistic_style,negpos,positive,15,0.5643734808758873,0.06597851215129986,50,5000,0.009330770670956631
Qwen2.5-1.5B-Instruct,linguistic_style,negpos,positive,16,0.5692471933656938,0.06819650680198427,50,5000,0.009644442482583518
Qwen2.5-1.5B-Instruct,linguistic_style,negpos,positive,17,0.555175432476732,0.06750042526228857,50,5000,0.009546001687187998
Qwen2.5-1.5B-Instruct,linguistic_style,negpos,positive,18,0.5194386693381244,0.0711682040786157,50,5000,0.010064703941771454
Qwen2.5-1.5B-Instruct,linguistic_style,negpos,positive,19,0.4730563167218678,0.07702186915237413,50,5000,0.010892537195461342
Qwen2.5-1.5B-Instruct,linguistic_style,negpos,positive,20,0.46996893795350453,0.07994066139221556,50,5000,0.01130531675259465
Qwen2.5-1.5B-Instruct,linguistic_style,negpos,positive,21,0.44255404958278893,0.08499423498417148,50,5000,0.012019999983814108
Qwen2.5-1.5B-Instruct,linguistic_style,negpos,positive,22,0.35957563045993757,0.10410401623045969,50,5000,0.01472253116506249
Qwen2.5-1.5B-Instruct,linguistic_style,negpos,positive,23,0.34903906263704476,0.1062135453641556,50,5000,0.015020863636171881
Qwen2.5-1.5B-Instruct,linguistic_style,negpos,positive,24,0.33118672457720316,0.10232140423376307,50,5000,0.014470431758844755
Qwen2.5-1.5B-Instruct,linguistic_style,negpos,positive,25,0.3227248429851589,0.0979013909825159,50,5000,0.013845347490266502
Qwen2.5-1.5B-Instruct,linguistic_style,negpos,positive,26,0.33246605360267234,0.09399313375759681,50,5000,0.01329263645299418
Qwen2.5-1.5B-Instruct,linguistic_style,negpos,positive,27,0.22889589024474413,0.11035833482933675,50,5000,0.015607025383655914
Qwen2.5-1.5B-Instruct,linguistic_style,posneg,negative,0,0.04119736458326648,0.08592371822316992,50,5000,0.012151448764073116
Qwen2.5-1.5B-Instruct,linguistic_style,posneg,negative,1,0.1378617441382411,0.0848977826024164,50,5000,0.012006359557173987
Qwen2.5-1.5B-Instruct,linguistic_style,posneg,negative,2,0.1431080483212552,0.08800054208235544,50,5000,0.012445156010905135
Qwen2.5-1.5B-Instruct,linguistic_style,posneg,negative,3,0.21688075028228707,0.045012598801944824,50,5000,0.006365742770336929
Qwen2.5-1.5B-Instruct,linguistic_style,posneg,negative,4,0.21712693251069176,0.04775996315533046,50,5000,0.006754278763270765
Qwen2.5-1.5B-Instruct,linguistic_style,posneg,negative,5,0.2322883286697137,0.06874834652059811,50,5000,0.009722484404015502
Qwen2.5-1.5B-Instruct,linguistic_style,posneg,negative,6,0.284231091622559,0.07132889644678164,50,5000,0.010087429274414467
Qwen2.5-1.5B-Instruct,linguistic_style,posneg,negative,7,0.32807561289548437,0.07206151827415039,50,5000,0.010191037646850011
Qwen2.5-1.5B-Instruct,linguistic_style,posneg,negative,8,0.3436095630790088,0.07518383315892918,50,5000,0.010632599652455365
Qwen2.5-1.5B-Instruct,linguistic_style,posneg,negative,9,0.3691493434077033,0.08301900634334833,50,5000,0.011740660470550121
Qwen2.5-1.5B-Instruct,linguistic_style,posneg,negative,10,0.43067287477788807,0.07345705990825702,50,5000,0.010388397037431002
Qwen2.5-1.5B-Instruct,linguistic_style,posneg,negative,11,0.5382037473104913,0.06344921051172446,50,5000,0.008973073402754628
Qwen2.5-1.5B-Instruct,linguistic_style,posneg,negative,12,0.5532539373452012,0.05913314986956658,50,5000,0.008362690253138187
Qwen2.5-1.5B-Instruct,linguistic_style,posneg,negative,13,0.5897783088125239,0.07774418995957386,50,5000,0.010994688783653955
Qwen2.5-1.5B-Instruct,linguistic_style,posneg,negative,14,0.5957056062964194,0.07896292735633376,50,5000,0.011167044279200868
Qwen2.5-1.5B-Instruct,linguistic_style,posneg,negative,15,0.6009675509520106,0.07472210444718551,50,5000,0.010567301351826871
Qwen2.5-1.5B-Instruct,linguistic_style,posneg,negative,16,0.6088051378460251,0.07139905522033609,50,5000,0.010097351223322481
Qwen2.5-1.5B-Instruct,linguistic_style,posneg,negative,17,0.5991116489454287,0.07158639640262711,50,5000,0.01012384526740118
Qwen2.5-1.5B-Instruct,linguistic_style,posneg,negative,18,0.5741626182651053,0.06842464232782772,50,5000,0.00967670571805421
Qwen2.5-1.5B-Instruct,linguistic_style,posneg,negative,19,0.5407222244660599,0.07206968599838139,50,5000,0.01019219273748813
Qwen2.5-1.5B-Instruct,linguistic_style,posneg,negative,20,0.5334338560725015,0.07513461447488154,50,5000,0.010625639079405133
Qwen2.5-1.5B-Instruct,linguistic_style,posneg,negative,21,0.5082268443874286,0.08073715561797039,50,5000,0.011417958046236085
Qwen2.5-1.5B-Instruct,linguistic_style,posneg,negative,22,0.4330244492754267,0.1114099769148067,50,5000,0.015755750033659307
Qwen2.5-1.5B-Instruct,linguistic_style,posneg,negative,23,0.43060798052372035,0.11276772710501362,50,5000,0.015947764906989834
Qwen2.5-1.5B-Instruct,linguistic_style,posneg,negative,24,0.41998092593183906,0.10732999865223838,50,5000,0.015178753974348152
Qwen2.5-1.5B-Instruct,linguistic_style,posneg,negative,25,0.4046126032158543,0.10270866036120722,50,5000,0.014525198045599116
Qwen2.5-1.5B-Instruct,linguistic_style,posneg,negative,26,0.4043620066857643,0.09881812196202722,50,5000,0.01397499282869375
Qwen2.5-1.5B-Instruct,linguistic_style,posneg,negative,27,0.3357724328305608,0.1154120059227944,50,5000,0.01632172240366998
Qwen2.5-1.5B-Instruct,linguistic_style,posneg,positive,0,-0.00866857379733817,0.05682432417254859,50,5000,0.008036172991750351
Qwen2.5-1.5B-Instruct,linguistic_style,posneg,positive,1,0.08537709851877504,0.061960535882690515,50,5000,0.008762543017720573
Qwen2.5-1.5B-Instruct,linguistic_style,posneg,positive,2,0.08798019996300274,0.06311454834651486,50,5000,0.008925745025469372
Qwen2.5-1.5B-Instruct,linguistic_style,posneg,positive,3,0.1285084903896334,0.03209737559261973,50,5000,0.004539254387966598
Qwen2.5-1.5B-Instruct,linguistic_style,posneg,positive,4,0.1215515456554115,0.033820642450433945,50,5000,0.004782961124157491
Qwen2.5-1.5B-Instruct,linguistic_style,posneg,positive,5,0.1522590897214779,0.049700586219552374,50,5000,0.007028724308958432
Qwen2.5-1.5B-Instruct,linguistic_style,posneg,positive,6,0.19574877056835352,0.054253650862760634,50,5000,0.007672624885837085
Qwen2.5-1.5B-Instruct,linguistic_style,posneg,positive,7,0.22982685394069616,0.05846058675499817,50,5000,0.008267575465320734
Qwen2.5-1.5B-Instruct,linguistic_style,posneg,positive,8,0.22969299157253917,0.06087423036592241,50,5000,0.008608916218251156
Qwen2.5-1.5B-Instruct,linguistic_style,posneg,positive,9,0.26420943622703635,0.06722278387126154,50,5000,0.009506737265121343
Qwen2.5-1.5B-Instruct,linguistic_style,posneg,positive,10,0.3491133205972985,0.06529595251428012,50,5000,0.009234242161376454
Qwen2.5-1.5B-Instruct,linguistic_style,posneg,positive,11,0.4783405792763597,0.06067226486593757,50,5000,0.008580353983330154
Qwen2.5-1.5B-Instruct,linguistic_style,posneg,positive,12,0.5079744073280766,0.05560206665290993,50,5000,0.007863319675651802
Qwen2.5-1.5B-Instruct,linguistic_style,posneg,positive,13,0.5687713345963319,0.06345239078945035,50,5000,0.008973523161943834
Qwen2.5-1.5B-Instruct,linguistic_style,posneg,positive,14,0.588234457309362,0.060318097412163804,50,5000,0.008530267141682354
Qwen2.5-1.5B-Instruct,linguistic_style,posneg,positive,15,0.5896726704963463,0.05731863386857725,50,5000,0.008106078939363976
Qwen2.5-1.5B-Instruct,linguistic_style,posneg,positive,16,0.5956078616507812,0.0607518827989501,50,5000,0.008591613659397597
Qwen2.5-1.5B-Instruct,linguistic_style,posneg,positive,17,0.5827063317944569,0.0618581864396978,50,5000,0.008748068620682411
Qwen2.5-1.5B-Instruct,linguistic_style,posneg,positive,18,0.5645330573323352,0.06826665945867455,50,5000,0.009654363566436308
Qwen2.5-1.5B-Instruct,linguistic_style,posneg,positive,19,0.5152228089965848,0.06988471486578511,50,5000,0.009883191156576996
Qwen2.5-1.5B-Instruct,linguistic_style,posneg,positive,20,0.5101385829403451,0.07229194248278976,50,5000,0.0102236245509457
Qwen2.5-1.5B-Instruct,linguistic_style,posneg,positive,21,0.48396707476117223,0.07799855841704657,50,5000,0.011030661915893738
Qwen2.5-1.5B-Instruct,linguistic_style,posneg,positive,22,0.4035969901515888,0.10988211128807594,50,5000,0.015539677204578675
Qwen2.5-1.5B-Instruct,linguistic_style,posneg,positive,23,0.3903905528918164,0.11385593340688323,50,5000,0.016101660518066222
Qwen2.5-1.5B-Instruct,linguistic_style,posneg,positive,24,0.3787945974275138,0.106930489016775,50,5000,0.015122254779871048
Qwen2.5-1.5B-Instruct,linguistic_style,posneg,positive,25,0.36746628544132476,0.1023936334624983,50,5000,0.014480646514332467
Qwen2.5-1.5B-Instruct,linguistic_style,posneg,positive,26,0.3793317692477225,0.0957157549498651,50,5000,0.013536251878287893
Qwen2.5-1.5B-Instruct,linguistic_style,posneg,positive,27,0.27187423914566705,0.10896618940070105,50,5000,0.015410146289058681
Qwen2.5-1.5B-Instruct,semantic_framing,negpos,negative,0,0.05314223815861368,0.05759354740727713,50,5000,0.008144957584854912
Qwen2.5-1.5B-Instruct,semantic_framing,negpos,negative,1,0.10120243741651148,0.06123760722226295,50,5000,0.008660305466100086
Qwen2.5-1.5B-Instruct,semantic_framing,negpos,negative,2,0.12305549222764192,0.06549522963564954,50,5000,0.009262424202147583
Qwen2.5-1.5B-Instruct,semantic_framing,negpos,negative,3,0.1641234742589049,0.0462165171771974,50,5000,0.006536002539764167
Qwen2.5-1.5B-Instruct,semantic_framing,negpos,negative,4,0.16891046319251551,0.04244628364073386,50,5000,0.006002810999706106
Qwen2.5-1.5B-Instruct,semantic_framing,negpos,negative,5,0.20033708203941158,0.05733251636195832,50,5000,0.008108042220405882
Qwen2.5-1.5B-Instruct,semantic_framing,negpos,negative,6,0.24118660692253072,0.05764674438306664,50,5000,0.008152480773318788
Qwen2.5-1.5B-Instruct,semantic_framing,negpos,negative,7,0.2861967012269719,0.056120722236130745,50,5000,0.007936668651650942
Qwen2.5-1.5B-Instruct,semantic_framing,negpos,negative,8,0.32029962271810564,0.054827859566132266,50,5000,0.007753830259431169
Qwen2.5-1.5B-Instruct,semantic_framing,negpos,negative,9,0.33188937341384156,0.05357676812947023,50,5000,0.007576899211681539
Qwen2.5-1.5B-Instruct,semantic_framing,negpos,negative,10,0.3659237969743263,0.04894876574942784,50,5000,0.0069224008384264485
Qwen2.5-1.5B-Instruct,semantic_framing,negpos,negative,11,0.40794287273921326,0.04298083618169557,50,5000,0.006078408145029011
Qwen2.5-1.5B-Instruct,semantic_framing,negpos,negative,12,0.4349234201230109,0.038373488919624194,50,5000,0.005426830846570622
Qwen2.5-1.5B-Instruct,semantic_framing,negpos,negative,13,0.593198118042986,0.03865915462773121,50,5000,0.005467230078441607
Qwen2.5-1.5B-Instruct,semantic_framing,negpos,negative,14,0.5776806626885033,0.044000600594869266,50,5000,0.006222624611382579
Qwen2.5-1.5B-Instruct,semantic_framing,negpos,negative,15,0.5658751457594378,0.0464343505261785,50,5000,0.0065668088274107896
Qwen2.5-1.5B-Instruct,semantic_framing,negpos,negative,16,0.5664594505124847,0.05063366803362637,50,5000,0.0071606820045851454
Qwen2.5-1.5B-Instruct,semantic_framing,negpos,negative,17,0.5228074384762994,0.05243831753512659,50,5000,0.00741589798462029
Qwen2.5-1.5B-Instruct,semantic_framing,negpos,negative,18,0.5243582478475282,0.04877701412302323,50,5000,0.006898111490484345
Qwen2.5-1.5B-Instruct,semantic_framing,negpos,negative,19,0.5180264378345507,0.05625172358531412,50,5000,0.007955195040121373
Qwen2.5-1.5B-Instruct,semantic_framing,negpos,negative,20,0.5061757632637061,0.05568432726975135,50,5000,0.007874953083650434
Qwen2.5-1.5B-Instruct,semantic_framing,negpos,negative,21,0.48486300522727704,0.05476763234882361,50,5000,0.00774531284467698
Qwen2.5-1.5B-Instruct,semantic_framing,negpos,negative,22,0.48523017430565063,0.06491642576298277,50,5000,0.009180568973479642
Qwen2.5-1.5B-Instruct,semantic_framing,negpos,negative,23,0.4828478017378952,0.06712886677979005,50,5000,0.00949345538267158
Qwen2.5-1.5B-Instruct,semantic_framing,negpos,negative,24,0.47474380857649445,0.062089508718766895,50,5000,0.008780782531116266
Qwen2.5-1.5B-Instruct,semantic_framing,negpos,negative,25,0.4655799496567425,0.05956867596887933,50,5000,0.008424282944779742
Qwen2.5-1.5B-Instruct,semantic_framing,negpos,negative,26,0.46684287229335864,0.057566329260277285,50,5000,0.008141108357591928
Qwen2.5-1.5B-Instruct,semantic_framing,negpos,negative,27,0.33229592915843115,0.04935595772445783,50,5000,0.006979986479784139
Qwen2.5-1.5B-Instruct,semantic_framing,negpos,positive,0,0.007503833585922127,0.04046152143862862,50,5000,0.0057221232372758335
Qwen2.5-1.5B-Instruct,semantic_framing,negpos,positive,1,0.05593529836631542,0.05086568087550863,50,5000,0.007193493575348607
Qwen2.5-1.5B-Instruct,semantic_framing,negpos,positive,2,0.07040062258635175,0.05609214458535982,50,5000,0.007932627161520843
Qwen2.5-1.5B-Instruct,semantic_framing,negpos,positive,3,0.06887590076786095,0.05242107704814577,50,5000,0.007413459811569272
Qwen2.5-1.5B-Instruct,semantic_framing,negpos,positive,4,0.05829057288012933,0.05071244834944852,50,5000,0.007171823223693517
Qwen2.5-1.5B-Instruct,semantic_framing,negpos,positive,5,0.11853866479052393,0.06550144376461133,50,5000,0.009263303012693192
Qwen2.5-1.5B-Instruct,semantic_framing,negpos,positive,6,0.14469360512149465,0.06843628550996256,50,5000,0.009678352312662637
Qwen2.5-1.5B-Instruct,semantic_framing,negpos,positive,7,0.18653851359022583,0.07000155776015937,50,5000,0.009899715237166096
Qwen2.5-1.5B-Instruct,semantic_framing,negpos,positive,8,0.21184302145918288,0.06733564863449654,50,5000,0.009522698753009437
Qwen2.5-1.5B-Instruct,semantic_framing,negpos,positive,9,0.2295886367714392,0.06739960225021159,50,5000,0.00953174316008014
Qwen2.5-1.5B-Instruct,semantic_framing,negpos,positive,10,0.2834324075824749,0.058620366337765274,50,5000,0.00829017171061469
Qwen2.5-1.5B-Instruct,semantic_framing,negpos,positive,11,0.32375099819698866,0.045873792582417694,50,5000,0.006487533962754539
Qwen2.5-1.5B-Instruct,semantic_framing,negpos,positive,12,0.3591950562623203,0.0401247180135213,50,5000,0.005674492040111785
Qwen2.5-1.5B-Instruct,semantic_framing,negpos,positive,13,0.5436522849098757,0.03913150424441597,50,5000,0.00553403040185134
Qwen2.5-1.5B-Instruct,semantic_framing,negpos,positive,14,0.5155653765009321,0.04749577852905048,50,5000,0.0067169174151252035
Qwen2.5-1.5B-Instruct,semantic_framing,negpos,positive,15,0.5012434450557979,0.051411161932456616,50,5000,0.007270636246223952
Qwen2.5-1.5B-Instruct,semantic_framing,negpos,positive,16,0.5041320048103001,0.058083158988544194,50,5000,0.008214199118707194
Qwen2.5-1.5B-Instruct,semantic_framing,negpos,positive,17,0.45051676149836645,0.05916630043074267,50,5000,0.008367378450459737
Qwen2.5-1.5B-Instruct,semantic_framing,negpos,positive,18,0.45809129285337247,0.058457002086544405,50,5000,0.008267068516646341
Qwen2.5-1.5B-Instruct,semantic_framing,negpos,positive,19,0.4745973319631179,0.06252191351118155,50,5000,0.008841933803303061
Qwen2.5-1.5B-Instruct,semantic_framing,negpos,positive,20,0.46709064217150437,0.060344007136451334,50,5000,0.00853393133003083
Qwen2.5-1.5B-Instruct,semantic_framing,negpos,positive,21,0.4628077074403179,0.05857438973296351,50,5000,0.008283669636808436
Qwen2.5-1.5B-Instruct,semantic_framing,negpos,positive,22,0.4577790129051698,0.053091784013928695,50,5000,0.0075083121003081035
Qwen2.5-1.5B-Instruct,semantic_framing,negpos,positive,23,0.45467707456782397,0.05691346394278274,50,5000,0.008048779258951547
Qwen2.5-1.5B-Instruct,semantic_framing,negpos,positive,24,0.43853683218253997,0.05399549564827345,50,5000,0.007636116225284575
Qwen2.5-1.5B-Instruct,semantic_framing,negpos,positive,25,0.42319567703196337,0.054358363850429935,50,5000,0.007687433538568939
Qwen2.5-1.5B-Instruct,semantic_framing,negpos,positive,26,0.42474915109741496,0.05290894792036601,50,5000,0.007482455171987337
Qwen2.5-1.5B-Instruct,semantic_framing,negpos,positive,27,0.27134173603365364,0.04931558129873235,50,5000,0.0069742763908980255
Qwen2.5-1.5B-Instruct,semantic_framing,posneg,negative,0,0.053855351594153375,0.05840444901077245,50,5000,0.00825963638939623
Qwen2.5-1.5B-Instruct,semantic_framing,posneg,negative,1,0.10138464128783037,0.060871386520762,50,5000,0.008608514037811642
Qwen2.5-1.5B-Instruct,semantic_framing,posneg,negative,2,0.12228259791169624,0.0650680757092582,50,5000,0.00920201551455523
Qwen2.5-1.5B-Instruct,semantic_framing,posneg,negative,3,0.16161223216254048,0.046412215394521845,50,5000,0.006563678447071414
Qwen2.5-1.5B-Instruct,semantic_framing,posneg,negative,4,0.16586558435613433,0.042535509510936494,50,5000,0.006015429443281616
Qwen2.5-1.5B-Instruct,semantic_framing,posneg,negative,5,0.19704774339136488,0.05721169702532332,50,5000,0.008090955785959269
Qwen2.5-1.5B-Instruct,semantic_framing,posneg,negative,6,0.23769334961967373,0.05778854169039524,50,5000,0.008172533940831997
Qwen2.5-1.5B-Instruct,semantic_framing,posneg,negative,7,0.28150574675775797,0.056226526793670746,50,5000,0.007951631675674338
Qwen2.5-1.5B-Instruct,semantic_framing,posneg,negative,8,0.3156133895211848,0.05559996737432785,50,5000,0.007863022792827605
Qwen2.5-1.5B-Instruct,semantic_framing,posneg,negative,9,0.32660577269606994,0.05594736498335294,50,5000,0.007912152233849532
Qwen2.5-1.5B-Instruct,semantic_framing,posneg,negative,10,0.36063262475824215,0.05102353391412985,50,5000,0.0072158173661566
Qwen2.5-1.5B-Instruct,semantic_framing,posneg,negative,11,0.40084638180560395,0.0452839141917292,50,5000,0.006404112560728291
Qwen2.5-1.5B-Instruct,semantic_framing,posneg,negative,12,0.42708300658435505,0.03974389621486669,50,5000,0.005620635704861318
Qwen2.5-1.5B-Instruct,semantic_framing,posneg,negative,13,0.583209434642546,0.03850342117318991,50,5000,0.005445206042088855
Qwen2.5-1.5B-Instruct,semantic_framing,posneg,negative,14,0.5662432831530126,0.04699581792401814,50,5000,0.006646212308296305
Qwen2.5-1.5B-Instruct,semantic_framing,posneg,negative,15,0.5525719569244392,0.05098967050843059,50,5000,0.0072110283573957965
Qwen2.5-1.5B-Instruct,semantic_framing,posneg,negative,16,0.5531875023377395,0.056184764308467666,50,5000,0.007945725568377079
Qwen2.5-1.5B-Instruct,semantic_framing,posneg,negative,17,0.5095656955277682,0.05838200165655858,50,5000,0.008256461854119365
Qwen2.5-1.5B-Instruct,semantic_framing,posneg,negative,18,0.5090421005250101,0.05532217442837303,50,5000,0.007823736937657517
Qwen2.5-1.5B-Instruct,semantic_framing,posneg,negative,19,0.5025505544762907,0.06202016552277324,50,5000,0.008770975922293015
Qwen2.5-1.5B-Instruct,semantic_framing,posneg,negative,20,0.49189822632201297,0.05873150422496314,50,5000,0.00830588898135156
Qwen2.5-1.5B-Instruct,semantic_framing,posneg,negative,21,0.4721413023057293,0.056080755265035614,50,5000,0.007931016468393972
Qwen2.5-1.5B-Instruct,semantic_framing,posneg,negative,22,0.4498823830439285,0.06335499960738371,50,5000,0.008959749968890415
Qwen2.5-1.5B-Instruct,semantic_framing,posneg,negative,23,0.4488182504598432,0.06562889808465365,50,5000,0.009281327775491883
Qwen2.5-1.5B-Instruct,semantic_framing,posneg,negative,24,0.4381978238673937,0.06127261980497302,50,5000,0.008665256993032314
Qwen2.5-1.5B-Instruct,semantic_framing,posneg,negative,25,0.4302498477968328,0.05921194891014622,50,5000,0.008373834120327158
Qwen2.5-1.5B-Instruct,semantic_framing,posneg,negative,26,0.4265470660156121,0.057346464336340885,50,5000,0.00811001476185983
Qwen2.5-1.5B-Instruct,semantic_framing,posneg,negative,27,0.29662903063463253,0.05000307871241072,50,5000,0.007071503207550064
Qwen2.5-1.5B-Instruct,semantic_framing,posneg,positive,0,0.006683417921495544,0.04027795128909466,50,5000,0.005696162497764055
Qwen2.5-1.5B-Instruct,semantic_framing,posneg,positive,1,0.058067249212249886,0.051062675214692724,50,5000,0.007221352781967094
Qwen2.5-1.5B-Instruct,semantic_framing,posneg,positive,2,0.07345695592442963,0.056598094057640914,50,5000,0.008004179222078385
Qwen2.5-1.5B-Instruct,semantic_framing,posneg,positive,3,0.07309814737820068,0.05409930561997297,50,5000,0.007650797172273277
Qwen2.5-1.5B-Instruct,semantic_framing,posneg,positive,4,0.062406015570361316,0.052043105609208586,50,5000,0.007360006578055808
Qwen2.5-1.5B-Instruct,semantic_framing,posneg,positive,5,0.12230702688485015,0.06652397217771022,50,5000,0.009407910367664822
Qwen2.5-1.5B-Instruct,semantic_framing,posneg,positive,6,0.14846489475007868,0.0696152608237173,50,5000,0.00984508460050414
Qwen2.5-1.5B-Instruct,semantic_framing,posneg,positive,7,0.19142309634508872,0.07169874920533148,50,5000,0.010139734353136694
Qwen2.5-1.5B-Instruct,semantic_framing,posneg,positive,8,0.21738463278221914,0.06875745384377187,50,5000,0.009723772374010427
Qwen2.5-1.5B-Instruct,semantic_framing,posneg,positive,9,0.23639741757487123,0.06912043412266253,50,5000,0.009775105537338541
Qwen2.5-1.5B-Instruct,semantic_framing,posneg,positive,10,0.29146751216506983,0.06012338370564112,50,5000,0.008502730465227922
Qwen2.5-1.5B-Instruct,semantic_framing,posneg,positive,11,0.3317550696090465,0.04864282693644693,50,5000,0.006879134556569055
Qwen2.5-1.5B-Instruct,semantic_framing,posneg,positive,12,0.36766478475255987,0.04179557981159392,50,5000,0.005910787581680325
Qwen2.5-1.5B-Instruct,semantic_framing,posneg,positive,13,0.5512187004685984,0.03837350962236626,50,5000,0.005426833774380483
Qwen2.5-1.5B-Instruct,semantic_framing,posneg,positive,14,0.5218292708779487,0.0468616844085132,50,5000,0.006627242964616718
Qwen2.5-1.5B-Instruct,semantic_framing,posneg,positive,15,0.5044413791266025,0.05247385336025722,50,5000,0.007420923509205276
Qwen2.5-1.5B-Instruct,semantic_framing,posneg,positive,16,0.5065120366059088,0.060749286291592874,50,5000,0.008591246457805658
Qwen2.5-1.5B-Instruct,semantic_framing,posneg,positive,17,0.45254889290137207,0.06247510766537455,50,5000,0.0088353144571092
Qwen2.5-1.5B-Instruct,semantic_framing,posneg,positive,18,0.4591789766559446,0.0632050964231432,50,5000,0.00893855045727083
Qwen2.5-1.5B-Instruct,semantic_framing,posneg,positive,19,0.47305560357084014,0.06766057665897805,50,5000,0.009568650514911124
Qwen2.5-1.5B-Instruct,semantic_framing,posneg,positive,20,0.4665257365261523,0.06509177281861453,50,5000,0.009205366791899304
Qwen2.5-1.5B-Instruct,semantic_framing,posneg,positive,21,0.46600519878890834,0.061391247768678214,50,5000,0.008682033520547174
Qwen2.5-1.5B-Instruct,semantic_framing,posneg,positive,22,0.48108195436551293,0.061851443089827436,50,5000,0.00874711496699816
Qwen2.5-1.5B-Instruct,semantic_framing,posneg,positive,23,0.4774968547486199,0.06555087542328474,50,5000,0.009270293704903846
Qwen2.5-1.5B-Instruct,semantic_framing,posneg,positive,24,0.46584302351011375,0.061409972752850726,50,5000,0.008684681633204372
Qwen2.5-1.5B-Instruct,semantic_framing,posneg,positive,25,0.4478327515826809,0.06307273606464117,50,5000,0.008919831875859418
Qwen2.5-1.5B-Instruct,semantic_framing,posneg,positive,26,0.45746426849046,0.06002917074856169,50,5000,0.008489406741062622
Qwen2.5-1.5B-Instruct,semantic_framing,posneg,positive,27,0.30571964977976795,0.055069894569490116,50,5000,0.007788059177862938
Qwen2.5-3B-Instruct,ideology,negpos,negative,0,0.08029925380884363,0.01895399881364312,50,5000,0.0026805002183457657
Qwen2.5-3B-Instruct,ideology,negpos,negative,1,0.05405508859677548,0.029659130953267214,50,5000,0.004194434524231016
Qwen2.5-3B-Instruct,ideology,negpos,negative,2,0.07283839417503485,0.026698258976352487,50,5000,0.003775703993610691
Qwen2.5-3B-Instruct,ideology,negpos,negative,3,0.13737871462805495,0.07128828537175405,50,5000,0.01008168600110581
Qwen2.5-3B-Instruct,ideology,negpos,negative,4,0.17621104327997267,0.05248166102503386,50,5000,0.007422027679747036
Qwen2.5-3B-Instruct,ideology,negpos,negative,5,0.19833380711178739,0.038524462426474754,50,5000,0.005448181724665331
Qwen2.5-3B-Instruct,ideology,negpos,negative,6,0.24556031067819287,0.0362434587303935,50,5000,0.005125599088383204
Qwen2.5-3B-Instruct,ideology,negpos,negative,7,0.2654663721843026,0.03871790800868398,50,5000,0.0054755390612594755
Qwen2.5-3B-Instruct,ideology,negpos,negative,8,0.28598711361532275,0.03425343181622944,50,5000,0.0048441667832333744
Qwen2.5-3B-Instruct,ideology,negpos,negative,9,0.28930919760694335,0.03541070696954658,50,5000,0.005007830204955225
Qwen2.5-3B-Instruct,ideology,negpos,negative,10,0.3022589664348563,0.03503213760430303,50,5000,0.004954292411892585
Qwen2.5-3B-Instruct,ideology,negpos,negative,11,0.3197899618048377,0.035602565036537526,50,5000,0.005034963032994153
Qwen2.5-3B-Instruct,ideology,negpos,negative,12,0.3903546591636439,0.029996537693998664,50,5000,0.004242151043108868
Qwen2.5-3B-Instruct,ideology,negpos,negative,13,0.3901222480656824,0.027964449826043212,50,5000,0.003954770420829225
Qwen2.5-3B-Instruct,ideology,negpos,negative,14,0.413625118942047,0.03253593866158126,50,5000,0.004601276571974735
Qwen2.5-3B-Instruct,ideology,negpos,negative,15,0.4605689640006913,0.030431201577952025,50,5000,0.004303621799084928
Qwen2.5-3B-Instruct,ideology,negpos,negative,16,0.48206279272863234,0.029412685246833714,50,5000,0.0041595818381883285
Qwen2.5-3B-Instruct,ideology,negpos,negative,17,0.5174229268878325,0.024332058005809048,50,5000,0.0034410726432264
Qwen2.5-3B-Instruct,ideology,negpos,negative,18,0.5601394078054225,0.024688807538263437,50,5000,0.0034915246459431256
Qwen2.5-3B-Instruct,ideology,negpos,negative,19,0.5941378984751856,0.024553434186812516,50,5000,0.0034723799629825464
Qwen2.5-3B-Instruct,ideology,negpos,negative,20,0.597590862936091,0.02560052223122478,50,5000,0.003620460574323201
Qwen2.5-3B-Instruct,ideology,negpos,negative,21,0.5899578347771233,0.0237907824636243,50,5000,0.0033645247219525475
Qwen2.5-3B-Instruct,ideology,negpos,negative,22,0.5675800023945954,0.024318797870902197,50,5000,0.0034391973769639836
Qwen2.5-3B-Instruct,ideology,negpos,negative,23,0.5776585724066325,0.026687960929470685,50,5000,0.0037742476298540713
Qwen2.5-3B-Instruct,ideology,negpos,negative,24,0.5668935631322308,0.0301104854145369,50,5000,0.004258265684287534
Qwen2.5-3B-Instruct,ideology,negpos,negative,25,0.5652341281793434,0.028259532108737728,50,5000,0.0039965013574494845
Qwen2.5-3B-Instruct,ideology,negpos,negative,26,0.5625904834608885,0.02953868750905651,50,5000,0.004177401249000845
Qwen2.5-3B-Instruct,ideology,negpos,negative,27,0.5295708236922638,0.031409286080111835,50,5000,0.004441943835895063
Qwen2.5-3B-Instruct,ideology,negpos,negative,28,0.5245842751861326,0.03167006705121637,50,5000,0.004478823834509548
Qwen2.5-3B-Instruct,ideology,negpos,negative,29,0.49537650810605816,0.03396235918161595,50,5000,0.004803002896482768
Qwen2.5-3B-Instruct,ideology,negpos,negative,30,0.4739621263119922,0.030991153607999873,50,5000,0.00438281097460213
Qwen2.5-3B-Instruct,ideology,negpos,negative,31,0.39885128539799647,0.038955828570502005,50,5000,0.005509186109788523
Qwen2.5-3B-Instruct,ideology,negpos,negative,32,0.2726579545730958,0.04614844542231978,50,5000,0.0065263757398679205
Qwen2.5-3B-Instruct,ideology,negpos,negative,33,0.22780650481962522,0.04679821243101389,50,5000,0.006618266671475701
Qwen2.5-3B-Instruct,ideology,negpos,negative,34,0.2136840386226515,0.039625310853940277,50,5000,0.0056038652022892144
Qwen2.5-3B-Instruct,ideology,negpos,negative,35,0.265203317906145,0.035899856980275965,50,5000,0.005077006462876069
Qwen2.5-3B-Instruct,ideology,negpos,positive,0,0.039073457326352104,0.03669246364168543,50,5000,0.005189097971895321
Qwen2.5-3B-Instruct,ideology,negpos,positive,1,0.028741458655619515,0.05488213121068763,50,5000,0.007761505429009417
Qwen2.5-3B-Instruct,ideology,negpos,positive,2,0.039177433179951905,0.04832955265380957,50,5000,0.0068348308826442095
Qwen2.5-3B-Instruct,ideology,negpos,positive,3,0.10191290794398263,0.06777608357323439,50,5000,0.009584985659380041
Qwen2.5-3B-Instruct,ideology,negpos,positive,4,0.13911388282740625,0.060139350150114824,50,5000,0.008504988461459681
Qwen2.5-3B-Instruct,ideology,negpos,positive,5,0.15791121107065417,0.04835907333810187,50,5000,0.00683900573785388
Qwen2.5-3B-Instruct,ideology,negpos,positive,6,0.20903302889150513,0.043278443008875095,50,5000,0.006120496106154221
Qwen2.5-3B-Instruct,ideology,negpos,positive,7,0.23646329047052042,0.0459141624050712,50,5000,0.0064932431178252575
Qwen2.5-3B-Instruct,ideology,negpos,positive,8,0.2513506580041668,0.04009275892138732,50,5000,0.005669972341958085
Qwen2.5-3B-Instruct,ideology,negpos,positive,9,0.25014893701364777,0.04212061650300092,50,5000,0.00595675471140599
Qwen2.5-3B-Instruct,ideology,negpos,positive,10,0.26192221920085734,0.04332126173639066,50,5000,0.006126551588671828
Qwen2.5-3B-Instruct,ideology,negpos,positive,11,0.28457294930548876,0.043184924405188826,50,5000,0.00610727057838749
Qwen2.5-3B-Instruct,ideology,negpos,positive,12,0.35642433884763136,0.03611829328393656,50,5000,0.005107898021191215
Qwen2.5-3B-Instruct,ideology,negpos,positive,13,0.3670094067319586,0.037808953823287,50,5000,0.005346993527603056
Qwen2.5-3B-Instruct,ideology,negpos,positive,14,0.40169247751702486,0.04767357912638384,50,5000,0.006742062216739892
Qwen2.5-3B-Instruct,ideology,negpos,positive,15,0.44718291729087056,0.040035916533100076,50,5000,0.005661933614314735
Qwen2.5-3B-Instruct,ideology,negpos,positive,16,0.47134464621450717,0.0380545704724102,50,5000,0.0053817289672365215
Qwen2.5-3B-Instruct,ideology,negpos,positive,17,0.5121162640552681,0.031364982085856294,50,5000,0.0044356783049407135
Qwen2.5-3B-Instruct,ideology,negpos,positive,18,0.5558232233031364,0.032218355348431676,50,5000,0.004556363509110782
Qwen2.5-3B-Instruct,ideology,negpos,positive,19,0.5758538041183403,0.0313011247976352,50,5000,0.00442664752063485
Qwen2.5-3B-Instruct,ideology,negpos,positive,20,0.5827023737559133,0.03111201830681328,50,5000,0.0043999038242295355
Qwen2.5-3B-Instruct,ideology,negpos,positive,21,0.5774905169631432,0.030411416881631327,50,5000,0.004300823820498512
Qwen2.5-3B-Instruct,ideology,negpos,positive,22,0.5536613031874992,0.03052167344126823,50,5000,0.004316416452696422
Qwen2.5-3B-Instruct,ideology,negpos,positive,23,0.577704458578872,0.03204407810533908,50,5000,0.004531716985031328
Qwen2.5-3B-Instruct,ideology,negpos,positive,24,0.572279558358971,0.031781144598561226,50,5000,0.004494532571902572
Qwen2.5-3B-Instruct,ideology,negpos,positive,25,0.5704936502166492,0.03188392111612635,50,5000,0.004509067366405979
Qwen2.5-3B-Instruct,ideology,negpos,positive,26,0.566504273444937,0.032891410608856565,50,5000,0.004651547896862725
Qwen2.5-3B-Instruct,ideology,negpos,positive,27,0.5280438719473859,0.03379025542884865,50,5000,0.004778663750352886
Qwen2.5-3B-Instruct,ideology,negpos,positive,28,0.5144995832453935,0.033796990855966644,50,5000,0.00477961628359075
Qwen2.5-3B-Instruct,ideology,negpos,positive,29,0.4827865598845811,0.03446698170892309,50,5000,0.004874367298682443
Qwen2.5-3B-Instruct,ideology,negpos,positive,30,0.4573766784254045,0.033229310553322844,50,5000,0.004699334165281658
Qwen2.5-3B-Instruct,ideology,negpos,positive,31,0.37529794661224614,0.038754071840596975,50,5000,0.005480653399415349
Qwen2.5-3B-Instruct,ideology,negpos,positive,32,0.26066932254044756,0.04094139500393421,50,5000,0.005789987607703784
Qwen2.5-3B-Instruct,ideology,negpos,positive,33,0.23618415261575396,0.037401743310235755,50,5000,0.005289405264573258
Qwen2.5-3B-Instruct,ideology,negpos,positive,34,0.231996400640089,0.03339508060820605,50,5000,0.004722777591266774
Qwen2.5-3B-Instruct,ideology,negpos,positive,35,0.2747208561576359,0.03277518281009088,50,5000,0.004635110803928805
Qwen2.5-3B-Instruct,ideology,posneg,negative,0,0.08596327306667259,0.023585892472795664,50,5000,0.003335548901570112
Qwen2.5-3B-Instruct,ideology,posneg,negative,1,0.05857487090798077,0.030451412622442046,50,5000,0.004306480072407679
Qwen2.5-3B-Instruct,ideology,posneg,negative,2,0.0764624163437134,0.027627358745998986,50,5000,0.003907098543113871
Qwen2.5-3B-Instruct,ideology,posneg,negative,3,0.1370410343696452,0.07149852593707293,50,5000,0.010111418506989303
Qwen2.5-3B-Instruct,ideology,posneg,negative,4,0.17099321712753443,0.051905075408738295,50,5000,0.0073404861599035915
Qwen2.5-3B-Instruct,ideology,posneg,negative,5,0.19164167455704872,0.037166065572736565,50,5000,0.005256075399301182
Qwen2.5-3B-Instruct,ideology,posneg,negative,6,0.23970023303963908,0.03479314982997845,50,5000,0.0049204944367234665
Qwen2.5-3B-Instruct,ideology,posneg,negative,7,0.25923204168598973,0.03738741979241195,50,5000,0.005287379613256526
Qwen2.5-3B-Instruct,ideology,posneg,negative,8,0.2786812118478474,0.03289908147172933,50,5000,0.004652632720693702
Qwen2.5-3B-Instruct,ideology,posneg,negative,9,0.28133332692931123,0.033678682307933534,50,5000,0.004762884928273441
Qwen2.5-3B-Instruct,ideology,posneg,negative,10,0.29431208182353474,0.03352763920800842,50,5000,0.004741524208231744
Qwen2.5-3B-Instruct,ideology,posneg,negative,11,0.3118103803921807,0.033847017141137296,50,5000,0.004786691068687099
Qwen2.5-3B-Instruct,ideology,posneg,negative,12,0.38250877129007577,0.028340164362356417,50,5000,0.00400790448011271
Qwen2.5-3B-Instruct,ideology,posneg,negative,13,0.38157669215846546,0.026814878504310437,50,5000,0.0037921964854182593
Qwen2.5-3B-Instruct,ideology,posneg,negative,14,0.4056577509887343,0.031708213034995235,50,5000,0.0044842184912705614
Qwen2.5-3B-Instruct,ideology,posneg,negative,15,0.45252148946091486,0.028653772145470793,50,5000,0.004052255318127321
Qwen2.5-3B-Instruct,ideology,posneg,negative,16,0.47461112527417454,0.028003612367935835,50,5000,0.00396030884061738
Qwen2.5-3B-Instruct,ideology,posneg,negative,17,0.50985968998128,0.02311591833298708,50,5000,0.0032690845213219195
Qwen2.5-3B-Instruct,ideology,posneg,negative,18,0.5534293604163392,0.022746292315949074,50,5000,0.0032168115086918096
Qwen2.5-3B-Instruct,ideology,posneg,negative,19,0.5884990551666975,0.02259453450991498,50,5000,0.0031953497139428698
Qwen2.5-3B-Instruct,ideology,posneg,negative,20,0.5916062645623029,0.02290474701858531,50,5000,0.003239220387640806
Qwen2.5-3B-Instruct,ideology,posneg,negative,21,0.5839836635404613,0.021029236693654998,50,5000,0.002973983173852084
Qwen2.5-3B-Instruct,ideology,posneg,negative,22,0.5611117668776775,0.021618722998614625,50,5000,0.0030573491265827946
Qwen2.5-3B-Instruct,ideology,posneg,negative,23,0.5703207201094854,0.026329081141300118,50,5000,0.0037234943634848316
Qwen2.5-3B-Instruct,ideology,posneg,negative,24,0.5598156626930738,0.03365384690718107,50,5000,0.00475937267221633
Qwen2.5-3B-Instruct,ideology,posneg,negative,25,0.5588181198021406,0.03278764275153264,50,5000,0.004636872905746136
Qwen2.5-3B-Instruct,ideology,posneg,negative,26,0.5579562380663687,0.03453523112861318,50,5000,0.004884019224177425
Qwen2.5-3B-Instruct,ideology,posneg,negative,27,0.5255793043956782,0.03636872101219988,50,5000,0.0051433138501616425
Qwen2.5-3B-Instruct,ideology,posneg,negative,28,0.518473822284135,0.03663926373523934,50,5000,0.0051815743689740176
Qwen2.5-3B-Instruct,ideology,posneg,negative,29,0.4895689072930313,0.03932251548677208,50,5000,0.005561043470801915
Qwen2.5-3B-Instruct,ideology,posneg,negative,30,0.46740130913937655,0.03705464122670027,50,5000,0.005240317617166874
Qwen2.5-3B-Instruct,ideology,posneg,negative,31,0.3804736982450677,0.04098826568224093,50,5000,0.005796616122597683
Qwen2.5-3B-Instruct,ideology,posneg,negative,32,0.25975762801639246,0.043150981974851205,50,5000,0.006102470393855153
Qwen2.5-3B-Instruct,ideology,posneg,negative,33,0.2215640294452394,0.04570526203708344,50,5000,0.006463700144465955
Qwen2.5-3B-Instruct,ideology,posneg,negative,34,0.2077960778217611,0.03907793955969383,50,5000,0.005526455211491511
Qwen2.5-3B-Instruct,ideology,posneg,negative,35,0.25892310517266975,0.03398126945024295,50,5000,0.0048056772123188105
Qwen2.5-3B-Instruct,ideology,posneg,positive,0,0.03360371757282811,0.02937061198936689,50,5000,0.0041536317810560485
Qwen2.5-3B-Instruct,ideology,posneg,positive,1,0.024832110316626372,0.05499046791864816,50,5000,0.007776826553179481
Qwen2.5-3B-Instruct,ideology,posneg,positive,2,0.03602724041246157,0.04831772424198196,50,5000,0.006833158092601416
Qwen2.5-3B-Instruct,ideology,posneg,positive,3,0.10170271082224604,0.06833902061261501,50,5000,0.009664596978965465
Qwen2.5-3B-Instruct,ideology,posneg,positive,4,0.14266498837416638,0.06176033709539881,50,5000,0.008734230633704716
Qwen2.5-3B-Instruct,ideology,posneg,positive,5,0.16547622874228118,0.04977914537045392,50,5000,0.0070398342506237796
Qwen2.5-3B-Instruct,ideology,posneg,positive,6,0.21681876529135824,0.045086290703682946,50,5000,0.006376164379024441
Qwen2.5-3B-Instruct,ideology,posneg,positive,7,0.2438092102286261,0.04794859289797692,50,5000,0.006780955037302522
Qwen2.5-3B-Instruct,ideology,posneg,positive,8,0.2594379724579814,0.04213046096215442,50,5000,0.005958146928170901
Qwen2.5-3B-Instruct,ideology,posneg,positive,9,0.2586538457182292,0.044041452527212734,50,5000,0.006228401947059507
Qwen2.5-3B-Instruct,ideology,posneg,positive,10,0.27034398667020254,0.04519956044967428,50,5000,0.006392183140123191
Qwen2.5-3B-Instruct,ideology,posneg,positive,11,0.2925787204738932,0.04486403756637438,50,5000,0.006344733038918267
Qwen2.5-3B-Instruct,ideology,posneg,positive,12,0.3631975334071095,0.03705314479356331,50,5000,0.005240105989563126
Qwen2.5-3B-Instruct,ideology,posneg,positive,13,0.3749035703827675,0.037944024159190785,50,5000,0.005366095357693998
Qwen2.5-3B-Instruct,ideology,posneg,positive,14,0.40977034462001194,0.04730672720408413,50,5000,0.006690181520350003
Qwen2.5-3B-Instruct,ideology,posneg,positive,15,0.4515489899331572,0.03887417161725337,50,5000,0.005497638072713895
Qwen2.5-3B-Instruct,ideology,posneg,positive,16,0.4754939709621806,0.03648407623904857,50,5000,0.005159627542791647
Qwen2.5-3B-Instruct,ideology,posneg,positive,17,0.5153234292635713,0.029625662696221817,50,5000,0.0041897013979287565
Qwen2.5-3B-Instruct,ideology,posneg,positive,18,0.5590058084723148,0.02980408244935592,50,5000,0.004214933761396507
Qwen2.5-3B-Instruct,ideology,posneg,positive,19,0.5782426064448368,0.02847633850295913,50,5000,0.004027162411761195
Qwen2.5-3B-Instruct,ideology,posneg,positive,20,0.5851518887724814,0.029034948037930892,50,5000,0.0041061617298039955
Qwen2.5-3B-Instruct,ideology,posneg,positive,21,0.5808854328617324,0.027118256193383143,50,5000,0.0038351005696590623
Qwen2.5-3B-Instruct,ideology,posneg,positive,22,0.5572154203763434,0.026401387832496664,50,5000,0.0037337200738188792
Qwen2.5-3B-Instruct,ideology,posneg,positive,23,0.5804110227765342,0.028882560755785984,50,5000,0.004084610913689744
Qwen2.5-3B-Instruct,ideology,posneg,positive,24,0.5728451711002756,0.028356534241709655,50,5000,0.004010219530652286
Qwen2.5-3B-Instruct,ideology,posneg,positive,25,0.5702719317257049,0.028779413444918585,50,5000,0.004070023681094646
Qwen2.5-3B-Instruct,ideology,posneg,positive,26,0.5643706457603487,0.0308778761368587,50,5000,0.004366791121002213
Qwen2.5-3B-Instruct,ideology,posneg,positive,27,0.5259382066097097,0.03244915736658284,50,5000,0.004589003843540027
Qwen2.5-3B-Instruct,ideology,posneg,positive,28,0.513604498705447,0.03390163628029591,50,5000,0.004794415381423424
Qwen2.5-3B-Instruct,ideology,posneg,positive,29,0.4818096725366028,0.03424833166123243,50,5000,0.004843445512396677
Qwen2.5-3B-Instruct,ideology,posneg,positive,30,0.4559636281588647,0.03268474503574095,50,5000,0.004622320971225154
Qwen2.5-3B-Instruct,ideology,posneg,positive,31,0.3806375365668223,0.03534553985723922,50,5000,0.004998614183550649
Qwen2.5-3B-Instruct,ideology,posneg,positive,32,0.2631534931202493,0.038692339405318806,50,5000,0.005471923114694479
Qwen2.5-3B-Instruct,ideology,posneg,positive,33,0.23595686140283917,0.03617810182668427,50,5000,0.005116356226421173
Qwen2.5-3B-Instruct,ideology,posneg,positive,34,0.23289247199984994,0.0334657227972674,50,5000,0.004732767905451403
Qwen2.5-3B-Instruct,ideology,posneg,positive,35,0.27630642727428933,0.03271581195629133,50,5000,0.004626714497263505
Qwen2.5-3B-Instruct,linguistic_style,negpos,negative,0,0.09220551358108871,0.025972280673464812,50,5000,0.003673035157417456
Qwen2.5-3B-Instruct,linguistic_style,negpos,negative,1,0.06197009507657875,0.03351881453213312,50,5000,0.004740276210601105
Qwen2.5-3B-Instruct,linguistic_style,negpos,negative,2,0.07985820202649126,0.03119253962595706,50,5000,0.004411291258388866
Qwen2.5-3B-Instruct,linguistic_style,negpos,negative,3,0.1424937963338947,0.06692594820316862,50,5000,0.009464758362360033
Qwen2.5-3B-Instruct,linguistic_style,negpos,negative,4,0.2050776370754628,0.06320951774083453,50,5000,0.008939175726015094
Qwen2.5-3B-Instruct,linguistic_style,negpos,negative,5,0.2399226461695089,0.06214496743124545,50,5000,0.00878862557745016
Qwen2.5-3B-Instruct,linguistic_style,negpos,negative,6,0.32264310452317646,0.06743258360612481,50,5000,0.009536407428163933
Qwen2.5-3B-Instruct,linguistic_style,negpos,negative,7,0.33642389499062486,0.06715153868907366,50,5000,0.009496661674830957
Qwen2.5-3B-Instruct,linguistic_style,negpos,negative,8,0.3875711080448543,0.06784422799919684,50,5000,0.009594622736519664
Qwen2.5-3B-Instruct,linguistic_style,negpos,negative,9,0.41035293125362576,0.07042373162649,50,5000,0.009959419637910522
Qwen2.5-3B-Instruct,linguistic_style,negpos,negative,10,0.4201516616921454,0.07548893789866579,50,5000,0.010675747978543348
Qwen2.5-3B-Instruct,linguistic_style,negpos,negative,11,0.40520491089845373,0.07231423301865923,50,5000,0.010226776908759616
Qwen2.5-3B-Instruct,linguistic_style,negpos,negative,12,0.5949485805483505,0.04876766220666576,50,5000,0.006896788929789653
Qwen2.5-3B-Instruct,linguistic_style,negpos,negative,13,0.5988861002715191,0.052270501512740646,50,5000,0.00739216521513612
Qwen2.5-3B-Instruct,linguistic_style,negpos,negative,14,0.6142409890701138,0.0545203177330902,50,5000,0.007710337276302651
Qwen2.5-3B-Instruct,linguistic_style,negpos,negative,15,0.6330082630892854,0.05256361664504234,50,5000,0.007433617954679904
Qwen2.5-3B-Instruct,linguistic_style,negpos,negative,16,0.6682972300275942,0.04146512874921891,50,5000,0.005864054744269192
Qwen2.5-3B-Instruct,linguistic_style,negpos,negative,17,0.7525144165557751,0.03413021259764899,50,5000,0.004826740954227226
Qwen2.5-3B-Instruct,linguistic_style,negpos,negative,18,0.7803340510339125,0.03229124943941735,50,5000,0.0045666722903196615
Qwen2.5-3B-Instruct,linguistic_style,negpos,negative,19,0.7815041112713347,0.03519814770319043,50,5000,0.004977769785226331
Qwen2.5-3B-Instruct,linguistic_style,negpos,negative,20,0.769879829406078,0.03811606723211145,50,5000,0.005390425922397673
Qwen2.5-3B-Instruct,linguistic_style,negpos,negative,21,0.7513832840416578,0.042358499261356604,50,5000,0.005990396413718123
Qwen2.5-3B-Instruct,linguistic_style,negpos,negative,22,0.7437519969053704,0.04110430144050731,50,5000,0.005813026056903738
Qwen2.5-3B-Instruct,linguistic_style,negpos,negative,23,0.6868074955847202,0.06472487006512094,50,5000,0.009153478906893038
Qwen2.5-3B-Instruct,linguistic_style,negpos,negative,24,0.6671679286560414,0.08125313441684924,50,5000,0.01149092846776323
Qwen2.5-3B-Instruct,linguistic_style,negpos,negative,25,0.6854075725829532,0.07630188501583826,50,5000,0.01079071606240309
Qwen2.5-3B-Instruct,linguistic_style,negpos,negative,26,0.6654786720946949,0.07996950000078258,50,5000,0.011309395147730196
Qwen2.5-3B-Instruct,linguistic_style,negpos,negative,27,0.6623217499336735,0.07740438668781087,50,5000,0.010946633344107358
Qwen2.5-3B-Instruct,linguistic_style,negpos,negative,28,0.6594918979659091,0.07975164225417404,50,5000,0.011278585409738012
Qwen2.5-3B-Instruct,linguistic_style,negpos,negative,29,0.6519405495693864,0.08300101067019887,50,5000,0.011738115498046922
Qwen2.5-3B-Instruct,linguistic_style,negpos,negative,30,0.6381120869578193,0.08546635043314192,50,5000,0.012086767190908095
Qwen2.5-3B-Instruct,linguistic_style,negpos,negative,31,0.5770030988430919,0.08778387754701993,50,5000,0.01241451501846946
Qwen2.5-3B-Instruct,linguistic_style,negpos,negative,32,0.4299793456684403,0.0798882067078936,50,5000,0.011297898539996838
Qwen2.5-3B-Instruct,linguistic_style,negpos,negative,33,0.335224101296147,0.07244172709170273,50,5000,0.010244807293481645
Qwen2.5-3B-Instruct,linguistic_style,negpos,negative,34,0.3258007883805967,0.06645242385252696,50,5000,0.009397791906480898
Qwen2.5-3B-Instruct,linguistic_style,negpos,negative,35,0.35794378219142103,0.06785329532675735,50,5000,0.009595905050280719
Qwen2.5-3B-Instruct,linguistic_style,negpos,positive,0,0.06289439965130772,0.022447896044661242,50,5000,0.0031746119033101284
Qwen2.5-3B-Instruct,linguistic_style,negpos,positive,1,0.017741726665408176,0.03712021716124496,50,5000,0.005249591454766713
Qwen2.5-3B-Instruct,linguistic_style,negpos,positive,2,0.028197663037137492,0.03560564303277706,50,5000,0.005035398327396841
Qwen2.5-3B-Instruct,linguistic_style,negpos,positive,3,0.06742931827705634,0.05931809234438782,50,5000,0.008388845068753292
Qwen2.5-3B-Instruct,linguistic_style,negpos,positive,4,0.1038822727406905,0.06469884921550487,50,5000,0.009149799003049887
Qwen2.5-3B-Instruct,linguistic_style,negpos,positive,5,0.12062726213432746,0.06332864810605651,50,5000,0.008956023303833834
Qwen2.5-3B-Instruct,linguistic_style,negpos,positive,6,0.1912085064922594,0.06966637450314646,50,5000,0.009852313166371291
Qwen2.5-3B-Instruct,linguistic_style,negpos,positive,7,0.21196841936492217,0.06883588852835659,50,5000,0.009734864713480444
Qwen2.5-3B-Instruct,linguistic_style,negpos,positive,8,0.2805366782927088,0.07187760021470019,50,5000,0.01016502770544603
Qwen2.5-3B-Instruct,linguistic_style,negpos,positive,9,0.31527508237843965,0.07588062426868086,50,5000,0.010731140796210549
Qwen2.5-3B-Instruct,linguistic_style,negpos,positive,10,0.3091285040107932,0.08341830334919915,50,5000,0.011797129594659042
Qwen2.5-3B-Instruct,linguistic_style,negpos,positive,11,0.3075104987251711,0.0791737411014309,50,5000,0.011196857844945972
Qwen2.5-3B-Instruct,linguistic_style,negpos,positive,12,0.5322459920801367,0.05386402177419584,50,5000,0.007617523011702745
Qwen2.5-3B-Instruct,linguistic_style,negpos,positive,13,0.5267303051975795,0.05916117654880579,50,5000,0.008366653824127024
Qwen2.5-3B-Instruct,linguistic_style,negpos,positive,14,0.5509933121899024,0.05817706181995978,50,5000,0.00822747898448051
Qwen2.5-3B-Instruct,linguistic_style,negpos,positive,15,0.5797548356561912,0.05753606741273432,50,5000,0.008136828686070154
Qwen2.5-3B-Instruct,linguistic_style,negpos,positive,16,0.6222706213651419,0.043306601937064454,50,5000,0.00612447837996895
Qwen2.5-3B-Instruct,linguistic_style,negpos,positive,17,0.7214540896863869,0.03446094611445551,50,5000,0.004873513736727139
Qwen2.5-3B-Instruct,linguistic_style,negpos,positive,18,0.754419131614505,0.035455851574733306,50,5000,0.00501421461624753
Qwen2.5-3B-Instruct,linguistic_style,negpos,positive,19,0.7588105193797199,0.037796773489630585,50,5000,0.005345270968297943
Qwen2.5-3B-Instruct,linguistic_style,negpos,positive,20,0.7458591194107895,0.037231329075573145,50,5000,0.005265305052385129
Qwen2.5-3B-Instruct,linguistic_style,negpos,positive,21,0.7271198341888325,0.034498441018354115,50,5000,0.004878816316888468
Qwen2.5-3B-Instruct,linguistic_style,negpos,positive,22,0.7118732026515818,0.039606059260390826,50,5000,0.0056011426158197215
Qwen2.5-3B-Instruct,linguistic_style,negpos,positive,23,0.647995918896773,0.07554715911478654,50,5000,0.010683981701888931
Qwen2.5-3B-Instruct,linguistic_style,negpos,positive,24,0.6196184342678444,0.09654617429130317,50,5000,0.013653690907799759
Qwen2.5-3B-Instruct,linguistic_style,negpos,positive,25,0.6450412463834679,0.08649110951530205,50,5000,0.01223169001012368
Qwen2.5-3B-Instruct,linguistic_style,negpos,positive,26,0.6330350978268826,0.08940069173816541,50,5000,0.012643167074164982
Qwen2.5-3B-Instruct,linguistic_style,negpos,positive,27,0.6402001834333612,0.08239889104251184,50,5000,0.011652962923682317
Qwen2.5-3B-Instruct,linguistic_style,negpos,positive,28,0.6285427704107474,0.0870380489802674,50,5000,0.012309038931038789
Qwen2.5-3B-Instruct,linguistic_style,negpos,positive,29,0.6297314843894577,0.08471629562459208,50,5000,0.011980693422630662
Qwen2.5-3B-Instruct,linguistic_style,negpos,positive,30,0.6178921689573531,0.0829351703949465,50,5000,0.011728804277025693
Qwen2.5-3B-Instruct,linguistic_style,negpos,positive,31,0.5521270872770544,0.09922862375953614,50,5000,0.014033046549635315
Qwen2.5-3B-Instruct,linguistic_style,negpos,positive,32,0.3991087287011147,0.09327910719915695,50,5000,0.013191657848710157
Qwen2.5-3B-Instruct,linguistic_style,negpos,positive,33,0.30749140274595144,0.09275903067688224,50,5000,0.013118107921582883
Qwen2.5-3B-Instruct,linguistic_style,negpos,positive,34,0.2821823690119668,0.09917512826233787,50,5000,0.014025481143868946
Qwen2.5-3B-Instruct,linguistic_style,negpos,positive,35,0.3329073913654013,0.09232243332955452,50,5000,0.013056363732594185
Qwen2.5-3B-Instruct,linguistic_style,posneg,negative,0,0.09453151794048832,0.02873870662871768,50,5000,0.004064266867939411
Qwen2.5-3B-Instruct,linguistic_style,posneg,negative,1,0.0641191023164435,0.035455598582597496,50,5000,0.005014178837756567
Qwen2.5-3B-Instruct,linguistic_style,posneg,negative,2,0.08125919196832415,0.03263970717722774,50,5000,0.004615951656192193
Qwen2.5-3B-Instruct,linguistic_style,posneg,negative,3,0.13998006259959933,0.06623735396126186,50,5000,0.009367376430772376
Qwen2.5-3B-Instruct,linguistic_style,posneg,negative,4,0.19473342923244905,0.05931557263785234,50,5000,0.008388488728437723
Qwen2.5-3B-Instruct,linguistic_style,posneg,negative,5,0.22698072136702652,0.05840951151449261,50,5000,0.00826035233553829
Qwen2.5-3B-Instruct,linguistic_style,posneg,negative,6,0.30990834076144386,0.0658401057755269,50,5000,0.009311197053582928
Qwen2.5-3B-Instruct,linguistic_style,posneg,negative,7,0.3232837158235954,0.06494479091496047,50,5000,0.009184580411742206
Qwen2.5-3B-Instruct,linguistic_style,posneg,negative,8,0.3731581176792113,0.06683752335288881,50,5000,0.009452253200108382
Qwen2.5-3B-Instruct,linguistic_style,posneg,negative,9,0.3967329875259626,0.06888193281009386,50,5000,0.009741376358250701
Qwen2.5-3B-Instruct,linguistic_style,posneg,negative,10,0.4066118210890833,0.07473809285534931,50,5000,0.01056956245419347
Qwen2.5-3B-Instruct,linguistic_style,posneg,negative,11,0.3914399887323416,0.07160804333238167,50,5000,0.010126906605565445
Qwen2.5-3B-Instruct,linguistic_style,posneg,negative,12,0.5849170647437238,0.048651494433625576,50,5000,0.006880360325775243
Qwen2.5-3B-Instruct,linguistic_style,posneg,negative,13,0.5886182682939363,0.05393271894558773,50,5000,0.007627238258850653
Qwen2.5-3B-Instruct,linguistic_style,posneg,negative,14,0.6052904059342019,0.055879520198967816,50,5000,0.00790255753242816
Qwen2.5-3B-Instruct,linguistic_style,posneg,negative,15,0.6255294332321564,0.05269773032035692,50,5000,0.007452584492532862
Qwen2.5-3B-Instruct,linguistic_style,posneg,negative,16,0.6604835585723379,0.04103407857264579,50,5000,0.005803095043691888
Qwen2.5-3B-Instruct,linguistic_style,posneg,negative,17,0.7461803712310173,0.03250244812707715,50,5000,0.004596540295164051
Qwen2.5-3B-Instruct,linguistic_style,posneg,negative,18,0.773774707999176,0.030627345946664837,50,5000,0.0043313608017266055
Qwen2.5-3B-Instruct,linguistic_style,posneg,negative,19,0.7786582375389574,0.02926130335988576,50,5000,0.004138173206426386
Qwen2.5-3B-Instruct,linguistic_style,posneg,negative,20,0.766652361082604,0.03153576357959607,50,5000,0.004459830455405626
Qwen2.5-3B-Instruct,linguistic_style,posneg,negative,21,0.7489937257095282,0.03990973840626507,50,5000,0.005644089332490245
Qwen2.5-3B-Instruct,linguistic_style,posneg,negative,22,0.738876431914794,0.040634210144155435,50,5000,0.005746545108218301
Qwen2.5-3B-Instruct,linguistic_style,posneg,negative,23,0.661181956027421,0.07874292152544371,50,5000,0.011135930756216281
Qwen2.5-3B-Instruct,linguistic_style,posneg,negative,24,0.6230419123585602,0.10922307033159474,50,5000,0.015446474738697171
Qwen2.5-3B-Instruct,linguistic_style,posneg,negative,25,0.6472207467137981,0.10088296286105862,50,5000,0.014267005429049035
Qwen2.5-3B-Instruct,linguistic_style,posneg,negative,26,0.6310855753567529,0.10247811797025386,50,5000,0.0144925944280003
Qwen2.5-3B-Instruct,linguistic_style,posneg,negative,27,0.628565013569063,0.0991691409018976,50,5000,0.014024634403235202
Qwen2.5-3B-Instruct,linguistic_style,posneg,negative,28,0.6285587641613076,0.09934313375367017,50,5000,0.014049240708308474
Qwen2.5-3B-Instruct,linguistic_style,posneg,negative,29,0.6196752642041464,0.09972868979692372,50,5000,0.014103766566850882
Qwen2.5-3B-Instruct,linguistic_style,posneg,negative,30,0.6067012933914462,0.09865948009236397,50,5000,0.01395255748032995
Qwen2.5-3B-Instruct,linguistic_style,posneg,negative,31,0.5433797583279495,0.10384551191186321,50,5000,0.014685973133733375
Qwen2.5-3B-Instruct,linguistic_style,posneg,negative,32,0.4028648136629132,0.08973515403306477,50,5000,0.012690467185519893
Qwen2.5-3B-Instruct,linguistic_style,posneg,negative,33,0.3138045952882088,0.08049939793643263,50,5000,0.011384334032457175
Qwen2.5-3B-Instruct,linguistic_style,posneg,negative,34,0.3055134155912503,0.0731382564821777,50,5000,0.010343311424541764
Qwen2.5-3B-Instruct,linguistic_style,posneg,negative,35,0.3363324421379585,0.07608909902261544,50,5000,0.010760623578653216
Qwen2.5-3B-Instruct,linguistic_style,posneg,positive,0,0.06274388627650024,0.02260190455925247,50,5000,0.0031963919963157133
Qwen2.5-3B-Instruct,linguistic_style,posneg,positive,1,0.018550142197256203,0.03674051094214835,50,5000,0.005195892886290329
Qwen2.5-3B-Instruct,linguistic_style,posneg,positive,2,0.029281766281458167,0.03488906457019858,50,5000,0.004934058829368547
Qwen2.5-3B-Instruct,linguistic_style,posneg,positive,3,0.06960266365839038,0.057768948583018,50,5000,0.008169763057013805
Qwen2.5-3B-Instruct,linguistic_style,posneg,positive,4,0.11039830415720674,0.06243992936781516,50,5000,0.00883033949455823
Qwen2.5-3B-Instruct,linguistic_style,posneg,positive,5,0.12951332616488115,0.06140475238061556,50,5000,0.008683943361082812
Qwen2.5-3B-Instruct,linguistic_style,posneg,positive,6,0.19920803941843981,0.06813966790770168,50,5000,0.009636404249067044
Qwen2.5-3B-Instruct,linguistic_style,posneg,positive,7,0.22033346038351304,0.06703345036754058,50,5000,0.009479961464243961
Qwen2.5-3B-Instruct,linguistic_style,posneg,positive,8,0.29135993861143766,0.07109525020433748,50,5000,0.01005438670592826
Qwen2.5-3B-Instruct,linguistic_style,posneg,positive,9,0.32673691300355395,0.07429556548610125,50,5000,0.010506979633462282
Qwen2.5-3B-Instruct,linguistic_style,posneg,positive,10,0.3203259020240827,0.08209919614498393,50,5000,0.011610579664816519
Qwen2.5-3B-Instruct,linguistic_style,posneg,positive,11,0.3189362125169381,0.07780157845470943,50,5000,0.011002804742468446
Qwen2.5-3B-Instruct,linguistic_style,posneg,positive,12,0.5406907510847225,0.05232142636457755,50,5000,0.00739936707674908
Qwen2.5-3B-Instruct,linguistic_style,posneg,positive,13,0.5372661363376363,0.05898636201518113,50,5000,0.008341931315691832
Qwen2.5-3B-Instruct,linguistic_style,posneg,positive,14,0.5600661138946268,0.05854461896576575,50,5000,0.008279459414535104
Qwen2.5-3B-Instruct,linguistic_style,posneg,positive,15,0.5890899888030043,0.05721023376082062,50,5000,0.008090748849108764
Qwen2.5-3B-Instruct,linguistic_style,posneg,positive,16,0.630610574855214,0.042066538832344985,50,5000,0.005949106973879674
Qwen2.5-3B-Instruct,linguistic_style,posneg,positive,17,0.7270830881842609,0.03226300693496633,50,5000,0.00456267819703666
Qwen2.5-3B-Instruct,linguistic_style,posneg,positive,18,0.7581003486631782,0.03199971079761419,50,5000,0.0045254425002002755
Qwen2.5-3B-Instruct,linguistic_style,posneg,positive,19,0.7576774079043286,0.03623352425540549,50,5000,0.005124194141456894
Qwen2.5-3B-Instruct,linguistic_style,posneg,positive,20,0.742406793243936,0.03633318448346779,50,5000,0.005138288226072384
Qwen2.5-3B-Instruct,linguistic_style,posneg,positive,21,0.7240950248026066,0.03411694204985806,50,5000,0.004824864215360621
Qwen2.5-3B-Instruct,linguistic_style,posneg,positive,22,0.7092170319232208,0.041235579259401356,50,5000,0.00583159154409561
Qwen2.5-3B-Instruct,linguistic_style,posneg,positive,23,0.6720236821172486,0.059411633656141195,50,5000,0.00840207380792567
Qwen2.5-3B-Instruct,linguistic_style,posneg,positive,24,0.65441339293677,0.08005975334565227,50,5000,0.01132215889816662
Qwen2.5-3B-Instruct,linguistic_style,posneg,positive,25,0.6718763451320464,0.0753731487753263,50,5000,0.01065937292368315
Qwen2.5-3B-Instruct,linguistic_style,posneg,positive,26,0.6566601911240556,0.0787065314492921,50,5000,0.011130784422293342
Qwen2.5-3B-Instruct,linguistic_style,posneg,positive,27,0.6650309474304644,0.07080572189132128,50,5000,0.010013441219232411
Qwen2.5-3B-Instruct,linguistic_style,posneg,positive,28,0.6537758176468934,0.07479422302655177,50,5000,0.010577500459130754
Qwen2.5-3B-Instruct,linguistic_style,posneg,positive,29,0.6508097582839575,0.07293176528555946,50,5000,0.010314109159464947
Qwen2.5-3B-Instruct,linguistic_style,posneg,positive,30,0.6364811381740249,0.07305845943740961,50,5000,0.010332026418246931
Qwen2.5-3B-Instruct,linguistic_style,posneg,positive,31,0.5798166068075189,0.09024377881189158,50,5000,0.012762397591557482
Qwen2.5-3B-Instruct,linguistic_style,posneg,positive,32,0.42053232816962116,0.08367748188396378,50,5000,0.011833782974553054
Qwen2.5-3B-Instruct,linguistic_style,posneg,positive,33,0.318173432291661,0.0850997476557602,50,5000,0.012034921728930408
Qwen2.5-3B-Instruct,linguistic_style,posneg,positive,34,0.2928677632702968,0.08894426594050334,50,5000,0.012578618718837916
Qwen2.5-3B-Instruct,linguistic_style,posneg,positive,35,0.34167618438802094,0.08430835197821972,50,5000,0.011923001478892288
Qwen2.5-3B-Instruct,semantic_framing,negpos,negative,0,0.04966672012411069,0.021125865432857698,50,5000,0.002987648541201631
Qwen2.5-3B-Instruct,semantic_framing,negpos,negative,1,0.026067293229877744,0.021683234962031343,50,5000,0.0030664724959427185
Qwen2.5-3B-Instruct,semantic_framing,negpos,negative,2,0.06930821803932755,0.022258334637005727,50,5000,0.003147803871949232
Qwen2.5-3B-Instruct,semantic_framing,negpos,negative,3,0.10069437206170052,0.04445743135513437,50,5000,0.006287230237070191
Qwen2.5-3B-Instruct,semantic_framing,negpos,negative,4,0.20149284538583084,0.039256853721143604,50,5000,0.005551757494853799
Qwen2.5-3B-Instruct,semantic_framing,negpos,negative,5,0.22035367214796267,0.03380520668452577,50,5000,0.004780778177208195
Qwen2.5-3B-Instruct,semantic_framing,negpos,negative,6,0.27160706020717745,0.035002141335276585,50,5000,0.004950050298844806
Qwen2.5-3B-Instruct,semantic_framing,negpos,negative,7,0.2793426216219593,0.03723535107149611,50,5000,0.005265873848503335
Qwen2.5-3B-Instruct,semantic_framing,negpos,negative,8,0.2941172634642753,0.0354630538835181,50,5000,0.005015233176523915
Qwen2.5-3B-Instruct,semantic_framing,negpos,negative,9,0.3077709230233339,0.03458140755683872,50,5000,0.004890549557283276
Qwen2.5-3B-Instruct,semantic_framing,negpos,negative,10,0.31390302519582114,0.03650585822220596,50,5000,0.005162707980391303
Qwen2.5-3B-Instruct,semantic_framing,negpos,negative,11,0.3118978466906499,0.03704441302314013,50,5000,0.005238871130747527
Qwen2.5-3B-Instruct,semantic_framing,negpos,negative,12,0.36406987700050225,0.034377224360950046,50,5000,0.004861673692799831
Qwen2.5-3B-Instruct,semantic_framing,negpos,negative,13,0.38387244638660434,0.03756791283391568,50,5000,0.005312905183977381
Qwen2.5-3B-Instruct,semantic_framing,negpos,negative,14,0.3975473114441898,0.0418189539582121,50,5000,0.005914093185195957
Qwen2.5-3B-Instruct,semantic_framing,negpos,negative,15,0.4560634446566173,0.03713471580487151,50,5000,0.0052516418726119805
Qwen2.5-3B-Instruct,semantic_framing,negpos,negative,16,0.507224382751573,0.036363628139975845,50,5000,0.005142593609264576
Qwen2.5-3B-Instruct,semantic_framing,negpos,negative,17,0.5619556341230445,0.03688436918861116,50,5000,0.005216237514611022
Qwen2.5-3B-Instruct,semantic_framing,negpos,negative,18,0.6293924155359222,0.033889744626435805,50,5000,0.004792733647606623
Qwen2.5-3B-Instruct,semantic_framing,negpos,negative,19,0.6454058968462391,0.028553421461999445,50,5000,0.004038063588371462
Qwen2.5-3B-Instruct,semantic_framing,negpos,negative,20,0.6804565658864018,0.022935698366702856,50,5000,0.0032435975692689622
Qwen2.5-3B-Instruct,semantic_framing,negpos,negative,21,0.6725124902870405,0.021238869304819035,50,5000,0.0030036297020344708
Qwen2.5-3B-Instruct,semantic_framing,negpos,negative,22,0.6793564789523171,0.019889685505443355,50,5000,0.002812826299313356
Qwen2.5-3B-Instruct,semantic_framing,negpos,negative,23,0.6596782826939086,0.019279279416489537,50,5000,0.002726501842357995
Qwen2.5-3B-Instruct,semantic_framing,negpos,negative,24,0.6633332141533874,0.026473982570023376,50,5000,0.0037439865200555983
Qwen2.5-3B-Instruct,semantic_framing,negpos,negative,25,0.6653655487324582,0.026014366149221136,50,5000,0.0036789869424768075
Qwen2.5-3B-Instruct,semantic_framing,negpos,negative,26,0.6705030121004285,0.023862998560967807,50,5000,0.003374737620381032
Qwen2.5-3B-Instruct,semantic_framing,negpos,negative,27,0.6510904796991694,0.024490524553430447,50,5000,0.0034634831973092625
Qwen2.5-3B-Instruct,semantic_framing,negpos,negative,28,0.6534452286917045,0.02383417791960618,50,5000,0.0033706617661920417
Qwen2.5-3B-Instruct,semantic_framing,negpos,negative,29,0.6567810271250355,0.022831972953690605,50,5000,0.0032289285806844947
Qwen2.5-3B-Instruct,semantic_framing,negpos,negative,30,0.6105230243934413,0.026854728243622915,50,5000,0.003797832089597533
Qwen2.5-3B-Instruct,semantic_framing,negpos,negative,31,0.5360033712763725,0.0277181760710575,50,5000,0.003919942052393491
Qwen2.5-3B-Instruct,semantic_framing,negpos,negative,32,0.3152357430920326,0.027674444220443,50,5000,0.00391375743476882
Qwen2.5-3B-Instruct,semantic_framing,negpos,negative,33,0.18090206867950395,0.036632707478340104,50,5000,0.005180647174231488
Qwen2.5-3B-Instruct,semantic_framing,negpos,negative,34,0.18944886817436443,0.036827666688900335,50,5000,0.0052082185701998705
Qwen2.5-3B-Instruct,semantic_framing,negpos,negative,35,0.2505054746446629,0.038120683739565966,50,5000,0.00539107879514297
Qwen2.5-3B-Instruct,semantic_framing,negpos,positive,0,0.010781787785080748,0.021154896581745918,50,5000,0.0029917541656505307
Qwen2.5-3B-Instruct,semantic_framing,negpos,positive,1,-0.030024323353199125,0.03297145389345555,50,5000,0.0046628677267284025
Qwen2.5-3B-Instruct,semantic_framing,negpos,positive,2,0.0115380124574351,0.034322105143515164,50,5000,0.004853878658315451
Qwen2.5-3B-Instruct,semantic_framing,negpos,positive,3,0.04886205096434619,0.06581371502568706,50,5000,0.009307464837948459
Qwen2.5-3B-Instruct,semantic_framing,negpos,positive,4,0.11445080825728292,0.06126283042279043,50,5000,0.008663872565327328
Qwen2.5-3B-Instruct,semantic_framing,negpos,positive,5,0.12823984461626994,0.05325074964107357,50,5000,0.007530793234894046
Qwen2.5-3B-Instruct,semantic_framing,negpos,positive,6,0.1705143485406721,0.047850922323300356,50,5000,0.006767142332167285
Qwen2.5-3B-Instruct,semantic_framing,negpos,positive,7,0.18303671713773031,0.04974288432785582,50,5000,0.0070347061648009775
Qwen2.5-3B-Instruct,semantic_framing,negpos,positive,8,0.20079205747031625,0.047476227478487315,50,5000,0.006714152479038697
Qwen2.5-3B-Instruct,semantic_framing,negpos,positive,9,0.21810890270708577,0.046411482552627066,50,5000,0.006563574807576747
Qwen2.5-3B-Instruct,semantic_framing,negpos,positive,10,0.21535739415702818,0.048647569933334925,50,5000,0.006879805317621585
Qwen2.5-3B-Instruct,semantic_framing,negpos,positive,11,0.22187280801700818,0.05109788200663383,50,5000,0.00722633177423217
Qwen2.5-3B-Instruct,semantic_framing,negpos,positive,12,0.2776569961895113,0.048829002595626024,50,5000,0.006905463770788538
Qwen2.5-3B-Instruct,semantic_framing,negpos,positive,13,0.28945401617128325,0.04590088319798514,50,5000,0.006491365154349391
Qwen2.5-3B-Instruct,semantic_framing,negpos,positive,14,0.30492695161531996,0.049592736125005595,50,5000,0.007013472002317304
Qwen2.5-3B-Instruct,semantic_framing,negpos,positive,15,0.38131114088451135,0.04541341010109997,50,5000,0.0064224260478586885
Qwen2.5-3B-Instruct,semantic_framing,negpos,positive,16,0.4456730084107609,0.04120615995075317,50,5000,0.00582743102556702
Qwen2.5-3B-Instruct,semantic_framing,negpos,positive,17,0.5109818743984024,0.0394270200274956,50,5000,0.005575822644683992
Qwen2.5-3B-Instruct,semantic_framing,negpos,positive,18,0.5862255494743093,0.036018089691476296,50,5000,0.0050937270932456345
Qwen2.5-3B-Instruct,semantic_framing,negpos,positive,19,0.6003278370057137,0.03209599508961524,50,5000,0.0045390591553594135
Qwen2.5-3B-Instruct,semantic_framing,negpos,positive,20,0.6382413227685022,0.028154738529679726,50,5000,0.00398168130737414
Qwen2.5-3B-Instruct,semantic_framing,negpos,positive,21,0.6392135878166685,0.02771187785379913,50,5000,0.0039190513499669346
Qwen2.5-3B-Instruct,semantic_framing,negpos,positive,22,0.6500051609688775,0.026410264398190688,50,5000,0.0037349754097780576
Qwen2.5-3B-Instruct,semantic_framing,negpos,positive,23,0.6415378395286967,0.03201559114350828,50,5000,0.004527688320254135
Qwen2.5-3B-Instruct,semantic_framing,negpos,positive,24,0.6546413353560351,0.035648398073243395,50,5000,0.0050414448032055715
Qwen2.5-3B-Instruct,semantic_framing,negpos,positive,25,0.6529256638180138,0.03487824839673099,50,5000,0.004932529191447462
Qwen2.5-3B-Instruct,semantic_framing,negpos,positive,26,0.655264338423727,0.032896008959712224,50,5000,0.0046521982018771875
Qwen2.5-3B-Instruct,semantic_framing,negpos,positive,27,0.634781903330797,0.03343764777840937,50,5000,0.004728797498208113
Qwen2.5-3B-Instruct,semantic_framing,negpos,positive,28,0.6294810168165088,0.032974824375091694,50,5000,0.004663344384812559
Qwen2.5-3B-Instruct,semantic_framing,negpos,positive,29,0.6273909609887417,0.031174846755222526,50,5000,0.004408789108613857
Qwen2.5-3B-Instruct,semantic_framing,negpos,positive,30,0.5766022094583292,0.03164925822250352,50,5000,0.004475881021731267
Qwen2.5-3B-Instruct,semantic_framing,negpos,positive,31,0.4960198171142382,0.03191372707813037,50,5000,0.0045132825659765455
Qwen2.5-3B-Instruct,semantic_framing,negpos,positive,32,0.29500363200740437,0.02842520883824484,50,5000,0.004019931585233342
Qwen2.5-3B-Instruct,semantic_framing,negpos,positive,33,0.18950110401336434,0.03007988566859911,50,5000,0.004253938226716496
Qwen2.5-3B-Instruct,semantic_framing,negpos,positive,34,0.19736913066011635,0.02602086153004516,50,5000,0.0036799055280422187
Qwen2.5-3B-Instruct,semantic_framing,negpos,positive,35,0.26479597604652255,0.026616717411033452,50,5000,0.00376417227485356
Qwen2.5-3B-Instruct,semantic_framing,posneg,negative,0,0.05286138086052332,0.025641002216166484,50,5000,0.0036261853086941224
Qwen2.5-3B-Instruct,semantic_framing,posneg,negative,1,0.028515183973091388,0.023395079864663805,50,5000,0.0033085639237409267
Qwen2.5-3B-Instruct,semantic_framing,posneg,negative,2,0.07115689843969068,0.023647251888287733,50,5000,0.003344226433326929
Qwen2.5-3B-Instruct,semantic_framing,posneg,negative,3,0.0992147199877508,0.04555237162091634,50,5000,0.006442078174455917
Qwen2.5-3B-Instruct,semantic_framing,posneg,negative,4,0.19742210968298873,0.03960797082908349,50,5000,0.005601412952456779
Qwen2.5-3B-Instruct,semantic_framing,posneg,negative,5,0.21377543444824487,0.03128956788873596,50,5000,0.004425013126904408
Qwen2.5-3B-Instruct,semantic_framing,posneg,negative,6,0.26475159369097556,0.031940933729600426,50,5000,0.0045171301675261165
Qwen2.5-3B-Instruct,semantic_framing,posneg,negative,7,0.2713482808494235,0.03459076789979194,50,5000,0.0048918733096785655
Qwen2.5-3B-Instruct,semantic_framing,posneg,negative,8,0.2843551946827116,0.033270747528777185,50,5000,0.004705194238548783
Qwen2.5-3B-Instruct,semantic_framing,posneg,negative,9,0.2975963271000796,0.032793911482259554,50,5000,0.004637759438147423
Qwen2.5-3B-Instruct,semantic_framing,posneg,negative,10,0.3042057170952845,0.03470951271018756,50,5000,0.004908666361810856
Qwen2.5-3B-Instruct,semantic_framing,posneg,negative,11,0.3025481800007427,0.035338529177688316,50,5000,0.004997622723740415
Qwen2.5-3B-Instruct,semantic_framing,posneg,negative,12,0.3554629350245923,0.0333249997664336,50,5000,0.004712866663577062
Qwen2.5-3B-Instruct,semantic_framing,posneg,negative,13,0.3742627106170648,0.0368517001732456,50,5000,0.005211617418151086
Qwen2.5-3B-Instruct,semantic_framing,posneg,negative,14,0.38977428218860444,0.04138944849601369,50,5000,0.005853351940220526
Qwen2.5-3B-Instruct,semantic_framing,posneg,negative,15,0.45035716282084287,0.03565005654772545,50,5000,0.005041679346916109
Qwen2.5-3B-Instruct,semantic_framing,posneg,negative,16,0.5018346566913173,0.03484252970367752,50,5000,0.004927477805432817
Qwen2.5-3B-Instruct,semantic_framing,posneg,negative,17,0.5561242616725461,0.03421757465647938,50,5000,0.0048390958150707035
Qwen2.5-3B-Instruct,semantic_framing,posneg,negative,18,0.6224168403204421,0.03268592837384183,50,5000,0.004622488320504267
Qwen2.5-3B-Instruct,semantic_framing,posneg,negative,19,0.6372899118029421,0.027439068205984032,50,5000,0.003880470239578301
Qwen2.5-3B-Instruct,semantic_framing,posneg,negative,20,0.6725184163439151,0.02333449020838731,50,5000,0.003299995252376352
Qwen2.5-3B-Instruct,semantic_framing,posneg,negative,21,0.6638707899779084,0.021401696304490545,50,5000,0.0030266569171600675
Qwen2.5-3B-Instruct,semantic_framing,posneg,negative,22,0.6702875973293573,0.01961624385822604,50,5000,0.0027741558107121193
Qwen2.5-3B-Instruct,semantic_framing,posneg,negative,23,0.6493546528044041,0.02133345959427938,50,5000,0.0030170067890568325
Qwen2.5-3B-Instruct,semantic_framing,posneg,negative,24,0.6534330683462751,0.02342180751271958,50,5000,0.0033123437839780077
Qwen2.5-3B-Instruct,semantic_framing,posneg,negative,25,0.655497864137767,0.02364859662271894,50,5000,0.0033444166074939694
Qwen2.5-3B-Instruct,semantic_framing,posneg,negative,26,0.6609797980063256,0.022717856588937522,50,5000,0.003212790089612242
Qwen2.5-3B-Instruct,semantic_framing,posneg,negative,27,0.6402377364336729,0.023913383162467623,50,5000,0.0033818630790586127
Qwen2.5-3B-Instruct,semantic_framing,posneg,negative,28,0.6424903467141567,0.023010385166221344,50,5000,0.003254159877749891
Qwen2.5-3B-Instruct,semantic_framing,posneg,negative,29,0.6477870605112187,0.021831789387783088,50,5000,0.003087481264307585
Qwen2.5-3B-Instruct,semantic_framing,posneg,negative,30,0.6011747846607599,0.025088454670603527,50,5000,0.0035480432854150127
Qwen2.5-3B-Instruct,semantic_framing,posneg,negative,31,0.5232492500624328,0.030697460437875405,50,5000,0.004341276488165492
Qwen2.5-3B-Instruct,semantic_framing,posneg,negative,32,0.3062433539904356,0.02770369344081818,50,5000,0.003917893899183162
Qwen2.5-3B-Instruct,semantic_framing,posneg,negative,33,0.17595938181885717,0.03531217375365858,50,5000,0.004993895503929921
Qwen2.5-3B-Instruct,semantic_framing,posneg,negative,34,0.18428200506088008,0.03414046031673818,50,5000,0.004828190200559159
Qwen2.5-3B-Instruct,semantic_framing,posneg,negative,35,0.24518697880640494,0.03476608232794368,50,5000,0.004916666513875754
Qwen2.5-3B-Instruct,semantic_framing,posneg,positive,0,0.007823617890736568,0.019639927965838546,50,5000,0.0027775052493319505
Qwen2.5-3B-Instruct,semantic_framing,posneg,positive,1,-0.03156333386581676,0.03196518885749281,50,5000,0.004520560360608367
Qwen2.5-3B-Instruct,semantic_framing,posneg,positive,2,0.010899303159093283,0.03352019859989424,50,5000,0.004740471947341006
Qwen2.5-3B-Instruct,semantic_framing,posneg,positive,3,0.049881548875493384,0.06669527492325682,50,5000,0.009432136234267197
Qwen2.5-3B-Instruct,semantic_framing,posneg,positive,4,0.11728439467138989,0.06332312661023122,50,5000,0.008955242446405762
Qwen2.5-3B-Instruct,semantic_framing,posneg,positive,5,0.13278104284974776,0.054844550544887405,50,5000,0.007756190720283648
Qwen2.5-3B-Instruct,semantic_framing,posneg,positive,6,0.1754298935363302,0.04916977250996189,50,5000,0.006953655914238788
Qwen2.5-3B-Instruct,semantic_framing,posneg,positive,7,0.1886574396904128,0.050918792846233664,50,5000,0.007201004742280978
Qwen2.5-3B-Instruct,semantic_framing,posneg,positive,8,0.2075828166297821,0.04869199924594836,50,5000,0.006886088571268069
Qwen2.5-3B-Instruct,semantic_framing,posneg,positive,9,0.225550763367293,0.047758019819822396,50,5000,0.006754003934127591
Qwen2.5-3B-Instruct,semantic_framing,posneg,positive,10,0.22266383582642088,0.05011835446322336,50,5000,0.007087805660571261
Qwen2.5-3B-Instruct,semantic_framing,posneg,positive,11,0.22936357774593197,0.05224081523653498,50,5000,0.007387966941693479
Qwen2.5-3B-Instruct,semantic_framing,posneg,positive,12,0.2846166474592753,0.05001094014996401,50,5000,0.007072614982710825
Qwen2.5-3B-Instruct,semantic_framing,posneg,positive,13,0.29673752727841995,0.04829642833209363,50,5000,0.006830146396142701
Qwen2.5-3B-Instruct,semantic_framing,posneg,positive,14,0.31231680864216227,0.05142401810498414,50,5000,0.007272454383578816
Qwen2.5-3B-Instruct,semantic_framing,posneg,positive,15,0.38825367691222445,0.04605035954383938,50,5000,0.006512504301905495
Qwen2.5-3B-Instruct,semantic_framing,posneg,positive,16,0.45274584720647565,0.04134849686586431,50,5000,0.005847560505144672
Qwen2.5-3B-Instruct,semantic_framing,posneg,positive,17,0.5170204917037677,0.039878655180075974,50,5000,0.005639693500486352
Qwen2.5-3B-Instruct,semantic_framing,posneg,positive,18,0.5911739010171163,0.03742636185704153,50,5000,0.005292886852851123
Qwen2.5-3B-Instruct,semantic_framing,posneg,positive,19,0.6048101015781149,0.0337172098588052,50,5000,0.004768333546770214
Qwen2.5-3B-Instruct,semantic_framing,posneg,positive,20,0.6433407381391156,0.029101361752057117,50,5000,0.004115554047328483
Qwen2.5-3B-Instruct,semantic_framing,posneg,positive,21,0.6453425471496419,0.02726839395732286,50,5000,0.0038563332558578536
Qwen2.5-3B-Instruct,semantic_framing,posneg,positive,22,0.6561874487386246,0.025380433400028685,50,5000,0.003589335313322765
Qwen2.5-3B-Instruct,semantic_framing,posneg,positive,23,0.6506158994769149,0.027106734299847585,50,5000,0.0038334711278488415
Qwen2.5-3B-Instruct,semantic_framing,posneg,positive,24,0.6640125635842326,0.03186781178096493,50,5000,0.004506789162379369
Qwen2.5-3B-Instruct,semantic_framing,posneg,positive,25,0.6601988200864888,0.03118854249025618,50,5000,0.004410725978036983
Qwen2.5-3B-Instruct,semantic_framing,posneg,positive,26,0.6638105625881039,0.030489830115080344,50,5000,0.004311913126319825
Qwen2.5-3B-Instruct,semantic_framing,posneg,positive,27,0.6433261404758239,0.032041527172891195,50,5000,0.004531356228704878
Qwen2.5-3B-Instruct,semantic_framing,posneg,positive,28,0.6386572520520857,0.0314969095278907,50,5000,0.004454335662718138
Qwen2.5-3B-Instruct,semantic_framing,posneg,positive,29,0.6377548287776802,0.030452056972624174,50,5000,0.004306571197284328
Qwen2.5-3B-Instruct,semantic_framing,posneg,positive,30,0.5878222640466214,0.03230515213585665,50,5000,0.004568638428505463
Qwen2.5-3B-Instruct,semantic_framing,posneg,positive,31,0.5102022763893855,0.03250757352401815,50,5000,0.004597265135750702
Qwen2.5-3B-Instruct,semantic_framing,posneg,positive,32,0.30617625100307744,0.02765585217495787,50,5000,0.003911128122481088
Qwen2.5-3B-Instruct,semantic_framing,posneg,positive,33,0.19679561530683473,0.029256573028217076,50,5000,0.004137504236506348
Qwen2.5-3B-Instruct,semantic_framing,posneg,positive,34,0.20423962569759924,0.025191973486024026,50,5000,0.0035626830566878594
Qwen2.5-3B-Instruct,semantic_framing,posneg,positive,35,0.2718774776652998,0.02724610332570204,50,5000,0.003853180884502651
