category_key,category_name,pair_slug,concept_label,positive_concept,negative_concept,direction,num_layers,hidden_dim,path
ideology,IDEOLOGY,ideology__centralization_support__decentralization_support,centralization-support vs decentralization-support,centralization-support,decentralization-support,base_to_neg,35,2048,contrastive_hidden_states/data/steering_vectors/Qwen2.5-3B-Instruct/ideology/ideology__centralization_support__decentralization_support/base_to_neg.npy
ideology,IDEOLOGY,ideology__centralization_support__decentralization_support,centralization-support vs decentralization-support,centralization-support,decentralization-support,base_to_pos,35,2048,contrastive_hidden_states/data/steering_vectors/Qwen2.5-3B-Instruct/ideology/ideology__centralization_support__decentralization_support/base_to_pos.npy
ideology,IDEOLOGY,ideology__centralization_support__decentralization_support,centralization-support vs decentralization-support,centralization-support,decentralization-support,neg_to_pos,35,2048,contrastive_hidden_states/data/steering_vectors/Qwen2.5-3B-Instruct/ideology/ideology__centralization_support__decentralization_support/neg_to_pos.npy
ideology,IDEOLOGY,ideology__centralization_support__decentralization_support,centralization-support vs decentralization-support,centralization-support,decentralization-support,pos_to_neg,35,2048,contrastive_hidden_states/data/steering_vectors/Qwen2.5-3B-Instruct/ideology/ideology__centralization_support__decentralization_support/pos_to_neg.npy
ideology,IDEOLOGY,ideology__collective_benefit__personal_benefit,collective-benefit vs personal-benefit,collective-benefit,personal-benefit,base_to_neg,35,2048,contrastive_hidden_states/data/steering_vectors/Qwen2.5-3B-Instruct/ideology/ideology__collective_benefit__personal_benefit/base_to_neg.npy
ideology,IDEOLOGY,ideology__collective_benefit__personal_benefit,collective-benefit vs personal-benefit,collective-benefit,personal-benefit,base_to_pos,35,2048,contrastive_hidden_states/data/steering_vectors/Qwen2.5-3B-Instruct/ideology/ideology__collective_benefit__personal_benefit/base_to_pos.npy
ideology,IDEOLOGY,ideology__collective_benefit__personal_benefit,collective-benefit vs personal-benefit,collective-benefit,personal-benefit,neg_to_pos,35,2048,contrastive_hidden_states/data/steering_vectors/Qwen2.5-3B-Instruct/ideology/ideology__collective_benefit__personal_benefit/neg_to_pos.npy
ideology,IDEOLOGY,ideology__collective_benefit__personal_benefit,collective-benefit vs personal-benefit,collective-benefit,personal-benefit,pos_to_neg,35,2048,contrastive_hidden_states/data/steering_vectors/Qwen2.5-3B-Instruct/ideology/ideology__collective_benefit__personal_benefit/pos_to_neg.npy
ideology,IDEOLOGY,ideology__collective_responsibility__individual_responsibility,collective-responsibility vs individual-responsibility,collective-responsibility,individual-responsibility,base_to_neg,35,2048,contrastive_hidden_states/data/steering_vectors/Qwen2.5-3B-Instruct/ideology/ideology__collective_responsibility__individual_responsibility/base_to_neg.npy
ideology,IDEOLOGY,ideology__collective_responsibility__individual_responsibility,collective-responsibility vs individual-responsibility,collective-responsibility,individual-responsibility,base_to_pos,35,2048,contrastive_hidden_states/data/steering_vectors/Qwen2.5-3B-Instruct/ideology/ideology__collective_responsibility__individual_responsibility/base_to_pos.npy
ideology,IDEOLOGY,ideology__collective_responsibility__individual_responsibility,collective-responsibility vs individual-responsibility,collective-responsibility,individual-responsibility,neg_to_pos,35,2048,contrastive_hidden_states/data/steering_vectors/Qwen2.5-3B-Instruct/ideology/ideology__collective_responsibility__individual_responsibility/neg_to_pos.npy
ideology,IDEOLOGY,ideology__collective_responsibility__individual_responsibility,collective-responsibility vs individual-responsibility,collective-responsibility,individual-responsibility,pos_to_neg,35,2048,contrastive_hidden_states/data/steering_vectors/Qwen2.5-3B-Instruct/ideology/ideology__collective_responsibility__individual_responsibility/pos_to_neg.npy
ideology,IDEOLOGY,ideology__collective_security__civil_liberty,collective-security vs civil-liberty,collective-security,civil-liberty,base_to_neg,35,2048,contrastive_hidden_states/data/steering_vectors/Qwen2.5-3B-Instruct/ideology/ideology__collective_security__civil_liberty/base_to_neg.npy
ideology,IDEOLOGY,ideology__collective_security__civil_liberty,collective-security vs civil-liberty,collective-security,civil-liberty,base_to_pos,35,2048,contrastive_hidden_states/data/steering_vectors/Qwen2.5-3B-Instruct/ideology/ideology__collective_security__civil_liberty/base_to_pos.npy
ideology,IDEOLOGY,ideology__collective_security__civil_liberty,collective-security vs civil-liberty,collective-security,civil-liberty,neg_to_pos,35,2048,contrastive_hidden_states/data/steering_vectors/Qwen2.5-3B-Instruct/ideology/ideology__collective_security__civil_liberty/neg_to_pos.npy
ideology,IDEOLOGY,ideology__collective_security__civil_liberty,collective-security vs civil-liberty,collective-security,civil-liberty,pos_to_neg,35,2048,contrastive_hidden_states/data/steering_vectors/Qwen2.5-3B-Instruct/ideology/ideology__collective_security__civil_liberty/pos_to_neg.npy
ideology,IDEOLOGY,ideology__collective_welfare__individual_liberty,collective-welfare vs individual-liberty,collective-welfare,individual-liberty,base_to_neg,35,2048,contrastive_hidden_states/data/steering_vectors/Qwen2.5-3B-Instruct/ideology/ideology__collective_welfare__individual_liberty/base_to_neg.npy
ideology,IDEOLOGY,ideology__collective_welfare__individual_liberty,collective-welfare vs individual-liberty,collective-welfare,individual-liberty,base_to_pos,35,2048,contrastive_hidden_states/data/steering_vectors/Qwen2.5-3B-Instruct/ideology/ideology__collective_welfare__individual_liberty/base_to_pos.npy
ideology,IDEOLOGY,ideology__collective_welfare__individual_liberty,collective-welfare vs individual-liberty,collective-welfare,individual-liberty,neg_to_pos,35,2048,contrastive_hidden_states/data/steering_vectors/Qwen2.5-3B-Instruct/ideology/ideology__collective_welfare__individual_liberty/neg_to_pos.npy
ideology,IDEOLOGY,ideology__collective_welfare__individual_liberty,collective-welfare vs individual-liberty,collective-welfare,individual-liberty,pos_to_neg,35,2048,contrastive_hidden_states/data/steering_vectors/Qwen2.5-3B-Instruct/ideology/ideology__collective_welfare__individual_liberty/pos_to_neg.npy
ideology,IDEOLOGY,ideology__competition_policy__cooperation_policy,competition-policy vs cooperation-policy,competition-policy,cooperation-policy,base_to_neg,35,2048,contrastive_hidden_states/data/steering_vectors/Qwen2.5-3B-Instruct/ideology/ideology__competition_policy__cooperation_policy/base_to_neg.npy
ideology,IDEOLOGY,ideology__competition_policy__cooperation_policy,competition-policy vs cooperation-policy,competition-policy,cooperation-policy,base_to_pos,35,2048,contrastive_hidden_states/data/steering_vectors/Qwen2.5-3B-Instruct/ideology/ideology__competition_policy__cooperation_policy/base_to_pos.npy
ideology,IDEOLOGY,ideology__competition_policy__cooperation_policy,competition-policy vs cooperation-policy,competition-policy,cooperation-policy,neg_to_pos,35,2048,contrastive_hidden_states/data/steering_vectors/Qwen2.5-3B-Instruct/ideology/ideology__competition_policy__cooperation_policy/neg_to_pos.npy
ideology,IDEOLOGY,ideology__competition_policy__cooperation_policy,competition-policy vs cooperation-policy,competition-policy,cooperation-policy,pos_to_neg,35,2048,contrastive_hidden_states/data/steering_vectors/Qwen2.5-3B-Instruct/ideology/ideology__competition_policy__cooperation_policy/pos_to_neg.npy
ideology,IDEOLOGY,ideology__consumer_protection__corporate_freedom,consumer-protection vs corporate-freedom,consumer-protection,corporate-freedom,base_to_neg,35,2048,contrastive_hidden_states/data/steering_vectors/Qwen2.5-3B-Instruct/ideology/ideology__consumer_protection__corporate_freedom/base_to_neg.npy
ideology,IDEOLOGY,ideology__consumer_protection__corporate_freedom,consumer-protection vs corporate-freedom,consumer-protection,corporate-freedom,base_to_pos,35,2048,contrastive_hidden_states/data/steering_vectors/Qwen2.5-3B-Instruct/ideology/ideology__consumer_protection__corporate_freedom/base_to_pos.npy
ideology,IDEOLOGY,ideology__consumer_protection__corporate_freedom,consumer-protection vs corporate-freedom,consumer-protection,corporate-freedom,neg_to_pos,35,2048,contrastive_hidden_states/data/steering_vectors/Qwen2.5-3B-Instruct/ideology/ideology__consumer_protection__corporate_freedom/neg_to_pos.npy
ideology,IDEOLOGY,ideology__consumer_protection__corporate_freedom,consumer-protection vs corporate-freedom,consumer-protection,corporate-freedom,pos_to_neg,35,2048,contrastive_hidden_states/data/steering_vectors/Qwen2.5-3B-Instruct/ideology/ideology__consumer_protection__corporate_freedom/pos_to_neg.npy
ideology,IDEOLOGY,ideology__data_protection_priority__data_utilization_priority,data-protection-priority vs data-utilization-priority,data-protection-priority,data-utilization-priority,base_to_neg,35,2048,contrastive_hidden_states/data/steering_vectors/Qwen2.5-3B-Instruct/ideology/ideology__data_protection_priority__data_utilization_priority/base_to_neg.npy
ideology,IDEOLOGY,ideology__data_protection_priority__data_utilization_priority,data-protection-priority vs data-utilization-priority,data-protection-priority,data-utilization-priority,base_to_pos,35,2048,contrastive_hidden_states/data/steering_vectors/Qwen2.5-3B-Instruct/ideology/ideology__data_protection_priority__data_utilization_priority/base_to_pos.npy
ideology,IDEOLOGY,ideology__data_protection_priority__data_utilization_priority,data-protection-priority vs data-utilization-priority,data-protection-priority,data-utilization-priority,neg_to_pos,35,2048,contrastive_hidden_states/data/steering_vectors/Qwen2.5-3B-Instruct/ideology/ideology__data_protection_priority__data_utilization_priority/neg_to_pos.npy
ideology,IDEOLOGY,ideology__data_protection_priority__data_utilization_priority,data-protection-priority vs data-utilization-priority,data-protection-priority,data-utilization-priority,pos_to_neg,35,2048,contrastive_hidden_states/data/steering_vectors/Qwen2.5-3B-Instruct/ideology/ideology__data_protection_priority__data_utilization_priority/pos_to_neg.npy
ideology,IDEOLOGY,ideology__economic_growth_priority__sustainability_priority,economic-growth-priority vs sustainability-priority,economic-growth-priority,sustainability-priority,base_to_neg,35,2048,contrastive_hidden_states/data/steering_vectors/Qwen2.5-3B-Instruct/ideology/ideology__economic_growth_priority__sustainability_priority/base_to_neg.npy
ideology,IDEOLOGY,ideology__economic_growth_priority__sustainability_priority,economic-growth-priority vs sustainability-priority,economic-growth-priority,sustainability-priority,base_to_pos,35,2048,contrastive_hidden_states/data/steering_vectors/Qwen2.5-3B-Instruct/ideology/ideology__economic_growth_priority__sustainability_priority/base_to_pos.npy
ideology,IDEOLOGY,ideology__economic_growth_priority__sustainability_priority,economic-growth-priority vs sustainability-priority,economic-growth-priority,sustainability-priority,neg_to_pos,35,2048,contrastive_hidden_states/data/steering_vectors/Qwen2.5-3B-Instruct/ideology/ideology__economic_growth_priority__sustainability_priority/neg_to_pos.npy
ideology,IDEOLOGY,ideology__economic_growth_priority__sustainability_priority,economic-growth-priority vs sustainability-priority,economic-growth-priority,sustainability-priority,pos_to_neg,35,2048,contrastive_hidden_states/data/steering_vectors/Qwen2.5-3B-Instruct/ideology/ideology__economic_growth_priority__sustainability_priority/pos_to_neg.npy
ideology,IDEOLOGY,ideology__energy_transition__fossil_energy_support,energy-transition vs fossil-energy-support,energy-transition,fossil-energy-support,base_to_neg,35,2048,contrastive_hidden_states/data/steering_vectors/Qwen2.5-3B-Instruct/ideology/ideology__energy_transition__fossil_energy_support/base_to_neg.npy
ideology,IDEOLOGY,ideology__energy_transition__fossil_energy_support,energy-transition vs fossil-energy-support,energy-transition,fossil-energy-support,base_to_pos,35,2048,contrastive_hidden_states/data/steering_vectors/Qwen2.5-3B-Instruct/ideology/ideology__energy_transition__fossil_energy_support/base_to_pos.npy
ideology,IDEOLOGY,ideology__energy_transition__fossil_energy_support,energy-transition vs fossil-energy-support,energy-transition,fossil-energy-support,neg_to_pos,35,2048,contrastive_hidden_states/data/steering_vectors/Qwen2.5-3B-Instruct/ideology/ideology__energy_transition__fossil_energy_support/neg_to_pos.npy
ideology,IDEOLOGY,ideology__energy_transition__fossil_energy_support,energy-transition vs fossil-energy-support,energy-transition,fossil-energy-support,pos_to_neg,35,2048,contrastive_hidden_states/data/steering_vectors/Qwen2.5-3B-Instruct/ideology/ideology__energy_transition__fossil_energy_support/pos_to_neg.npy
ideology,IDEOLOGY,ideology__environmental_protection__economic_growth,environmental-protection vs economic-growth,environmental-protection,economic-growth,base_to_neg,35,2048,contrastive_hidden_states/data/steering_vectors/Qwen2.5-3B-Instruct/ideology/ideology__environmental_protection__economic_growth/base_to_neg.npy
ideology,IDEOLOGY,ideology__environmental_protection__economic_growth,environmental-protection vs economic-growth,environmental-protection,economic-growth,base_to_pos,35,2048,contrastive_hidden_states/data/steering_vectors/Qwen2.5-3B-Instruct/ideology/ideology__environmental_protection__economic_growth/base_to_pos.npy
ideology,IDEOLOGY,ideology__environmental_protection__economic_growth,environmental-protection vs economic-growth,environmental-protection,economic-growth,neg_to_pos,35,2048,contrastive_hidden_states/data/steering_vectors/Qwen2.5-3B-Instruct/ideology/ideology__environmental_protection__economic_growth/neg_to_pos.npy
ideology,IDEOLOGY,ideology__environmental_protection__economic_growth,environmental-protection vs economic-growth,environmental-protection,economic-growth,pos_to_neg,35,2048,contrastive_hidden_states/data/steering_vectors/Qwen2.5-3B-Instruct/ideology/ideology__environmental_protection__economic_growth/pos_to_neg.npy
ideology,IDEOLOGY,ideology__equality_priority__merit_priority,equality-priority vs merit-priority,equality-priority,merit-priority,base_to_neg,35,2048,contrastive_hidden_states/data/steering_vectors/Qwen2.5-3B-Instruct/ideology/ideology__equality_priority__merit_priority/base_to_neg.npy
ideology,IDEOLOGY,ideology__equality_priority__merit_priority,equality-priority vs merit-priority,equality-priority,merit-priority,base_to_pos,35,2048,contrastive_hidden_states/data/steering_vectors/Qwen2.5-3B-Instruct/ideology/ideology__equality_priority__merit_priority/base_to_pos.npy
ideology,IDEOLOGY,ideology__equality_priority__merit_priority,equality-priority vs merit-priority,equality-priority,merit-priority,neg_to_pos,35,2048,contrastive_hidden_states/data/steering_vectors/Qwen2.5-3B-Instruct/ideology/ideology__equality_priority__merit_priority/neg_to_pos.npy
ideology,IDEOLOGY,ideology__equality_priority__merit_priority,equality-priority vs merit-priority,equality-priority,merit-priority,pos_to_neg,35,2048,contrastive_hidden_states/data/steering_vectors/Qwen2.5-3B-Instruct/ideology/ideology__equality_priority__merit_priority/pos_to_neg.npy
ideology,IDEOLOGY,ideology__equity_priority__efficiency_priority,equity-priority vs efficiency-priority,equity-priority,efficiency-priority,base_to_neg,35,2048,contrastive_hidden_states/data/steering_vectors/Qwen2.5-3B-Instruct/ideology/ideology__equity_priority__efficiency_priority/base_to_neg.npy
ideology,IDEOLOGY,ideology__equity_priority__efficiency_priority,equity-priority vs efficiency-priority,equity-priority,efficiency-priority,base_to_pos,35,2048,contrastive_hidden_states/data/steering_vectors/Qwen2.5-3B-Instruct/ideology/ideology__equity_priority__efficiency_priority/base_to_pos.npy
ideology,IDEOLOGY,ideology__equity_priority__efficiency_priority,equity-priority vs efficiency-priority,equity-priority,efficiency-priority,neg_to_pos,35,2048,contrastive_hidden_states/data/steering_vectors/Qwen2.5-3B-Instruct/ideology/ideology__equity_priority__efficiency_priority/neg_to_pos.npy
ideology,IDEOLOGY,ideology__equity_priority__efficiency_priority,equity-priority vs efficiency-priority,equity-priority,efficiency-priority,pos_to_neg,35,2048,contrastive_hidden_states/data/steering_vectors/Qwen2.5-3B-Instruct/ideology/ideology__equity_priority__efficiency_priority/pos_to_neg.npy
ideology,IDEOLOGY,ideology__global_cooperation__national_self_reliance,global-cooperation vs national-self-reliance,global-cooperation,national-self-reliance,base_to_neg,35,2048,contrastive_hidden_states/data/steering_vectors/Qwen2.5-3B-Instruct/ideology/ideology__global_cooperation__national_self_reliance/base_to_neg.npy
ideology,IDEOLOGY,ideology__global_cooperation__national_self_reliance,global-cooperation vs national-self-reliance,global-cooperation,national-self-reliance,base_to_pos,35,2048,contrastive_hidden_states/data/steering_vectors/Qwen2.5-3B-Instruct/ideology/ideology__global_cooperation__national_self_reliance/base_to_pos.npy
ideology,IDEOLOGY,ideology__global_cooperation__national_self_reliance,global-cooperation vs national-self-reliance,global-cooperation,national-self-reliance,neg_to_pos,35,2048,contrastive_hidden_states/data/steering_vectors/Qwen2.5-3B-Instruct/ideology/ideology__global_cooperation__national_self_reliance/neg_to_pos.npy
ideology,IDEOLOGY,ideology__global_cooperation__national_self_reliance,global-cooperation vs national-self-reliance,global-cooperation,national-self-reliance,pos_to_neg,35,2048,contrastive_hidden_states/data/steering_vectors/Qwen2.5-3B-Instruct/ideology/ideology__global_cooperation__national_self_reliance/pos_to_neg.npy
ideology,IDEOLOGY,ideology__government_intervention__free_market,government-intervention vs free-market,government-intervention,free-market,base_to_neg,35,2048,contrastive_hidden_states/data/steering_vectors/Qwen2.5-3B-Instruct/ideology/ideology__government_intervention__free_market/base_to_neg.npy
ideology,IDEOLOGY,ideology__government_intervention__free_market,government-intervention vs free-market,government-intervention,free-market,base_to_pos,35,2048,contrastive_hidden_states/data/steering_vectors/Qwen2.5-3B-Instruct/ideology/ideology__government_intervention__free_market/base_to_pos.npy
ideology,IDEOLOGY,ideology__government_intervention__free_market,government-intervention vs free-market,government-intervention,free-market,neg_to_pos,35,2048,contrastive_hidden_states/data/steering_vectors/Qwen2.5-3B-Instruct/ideology/ideology__government_intervention__free_market/neg_to_pos.npy
ideology,IDEOLOGY,ideology__government_intervention__free_market,government-intervention vs free-market,government-intervention,free-market,pos_to_neg,35,2048,contrastive_hidden_states/data/steering_vectors/Qwen2.5-3B-Instruct/ideology/ideology__government_intervention__free_market/pos_to_neg.npy
ideology,IDEOLOGY,ideology__hierarchy_support__egalitarianism_support,hierarchy-support vs egalitarianism-support,hierarchy-support,egalitarianism-support,base_to_neg,35,2048,contrastive_hidden_states/data/steering_vectors/Qwen2.5-3B-Instruct/ideology/ideology__hierarchy_support__egalitarianism_support/base_to_neg.npy
ideology,IDEOLOGY,ideology__hierarchy_support__egalitarianism_support,hierarchy-support vs egalitarianism-support,hierarchy-support,egalitarianism-support,base_to_pos,35,2048,contrastive_hidden_states/data/steering_vectors/Qwen2.5-3B-Instruct/ideology/ideology__hierarchy_support__egalitarianism_support/base_to_pos.npy
ideology,IDEOLOGY,ideology__hierarchy_support__egalitarianism_support,hierarchy-support vs egalitarianism-support,hierarchy-support,egalitarianism-support,neg_to_pos,35,2048,contrastive_hidden_states/data/steering_vectors/Qwen2.5-3B-Instruct/ideology/ideology__hierarchy_support__egalitarianism_support/neg_to_pos.npy
ideology,IDEOLOGY,ideology__hierarchy_support__egalitarianism_support,hierarchy-support vs egalitarianism-support,hierarchy-support,egalitarianism-support,pos_to_neg,35,2048,contrastive_hidden_states/data/steering_vectors/Qwen2.5-3B-Instruct/ideology/ideology__hierarchy_support__egalitarianism_support/pos_to_neg.npy
ideology,IDEOLOGY,ideology__human_rights_priority__sovereignty_priority,human-rights-priority vs sovereignty-priority,human-rights-priority,sovereignty-priority,base_to_neg,35,2048,contrastive_hidden_states/data/steering_vectors/Qwen2.5-3B-Instruct/ideology/ideology__human_rights_priority__sovereignty_priority/base_to_neg.npy
ideology,IDEOLOGY,ideology__human_rights_priority__sovereignty_priority,human-rights-priority vs sovereignty-priority,human-rights-priority,sovereignty-priority,base_to_pos,35,2048,contrastive_hidden_states/data/steering_vectors/Qwen2.5-3B-Instruct/ideology/ideology__human_rights_priority__sovereignty_priority/base_to_pos.npy
ideology,IDEOLOGY,ideology__human_rights_priority__sovereignty_priority,human-rights-priority vs sovereignty-priority,human-rights-priority,sovereignty-priority,neg_to_pos,35,2048,contrastive_hidden_states/data/steering_vectors/Qwen2.5-3B-Instruct/ideology/ideology__human_rights_priority__sovereignty_priority/neg_to_pos.npy
ideology,IDEOLOGY,ideology__human_rights_priority__sovereignty_priority,human-rights-priority vs sovereignty-priority,human-rights-priority,sovereignty-priority,pos_to_neg,35,2048,contrastive_hidden_states/data/steering_vectors/Qwen2.5-3B-Instruct/ideology/ideology__human_rights_priority__sovereignty_priority/pos_to_neg.npy
ideology,IDEOLOGY,ideology__inclusive_policy__selective_policy,inclusive-policy vs selective-policy,inclusive-policy,selective-policy,base_to_neg,35,2048,contrastive_hidden_states/data/steering_vectors/Qwen2.5-3B-Instruct/ideology/ideology__inclusive_policy__selective_policy/base_to_neg.npy
ideology,IDEOLOGY,ideology__inclusive_policy__selective_policy,inclusive-policy vs selective-policy,inclusive-policy,selective-policy,base_to_pos,35,2048,contrastive_hidden_states/data/steering_vectors/Qwen2.5-3B-Instruct/ideology/ideology__inclusive_policy__selective_policy/base_to_pos.npy
ideology,IDEOLOGY,ideology__inclusive_policy__selective_policy,inclusive-policy vs selective-policy,inclusive-policy,selective-policy,neg_to_pos,35,2048,contrastive_hidden_states/data/steering_vectors/Qwen2.5-3B-Instruct/ideology/ideology__inclusive_policy__selective_policy/neg_to_pos.npy
ideology,IDEOLOGY,ideology__inclusive_policy__selective_policy,inclusive-policy vs selective-policy,inclusive-policy,selective-policy,pos_to_neg,35,2048,contrastive_hidden_states/data/steering_vectors/Qwen2.5-3B-Instruct/ideology/ideology__inclusive_policy__selective_policy/pos_to_neg.npy
ideology,IDEOLOGY,ideology__industrial_policy__market_coordination,industrial-policy vs market-coordination,industrial-policy,market-coordination,base_to_neg,35,2048,contrastive_hidden_states/data/steering_vectors/Qwen2.5-3B-Instruct/ideology/ideology__industrial_policy__market_coordination/base_to_neg.npy
ideology,IDEOLOGY,ideology__industrial_policy__market_coordination,industrial-policy vs market-coordination,industrial-policy,market-coordination,base_to_pos,35,2048,contrastive_hidden_states/data/steering_vectors/Qwen2.5-3B-Instruct/ideology/ideology__industrial_policy__market_coordination/base_to_pos.npy
ideology,IDEOLOGY,ideology__industrial_policy__market_coordination,industrial-policy vs market-coordination,industrial-policy,market-coordination,neg_to_pos,35,2048,contrastive_hidden_states/data/steering_vectors/Qwen2.5-3B-Instruct/ideology/ideology__industrial_policy__market_coordination/neg_to_pos.npy
ideology,IDEOLOGY,ideology__industrial_policy__market_coordination,industrial-policy vs market-coordination,industrial-policy,market-coordination,pos_to_neg,35,2048,contrastive_hidden_states/data/steering_vectors/Qwen2.5-3B-Instruct/ideology/ideology__industrial_policy__market_coordination/pos_to_neg.npy
ideology,IDEOLOGY,ideology__institution_trust__institution_skepticism,institution-trust vs institution-skepticism,institution-trust,institution-skepticism,base_to_neg,35,2048,contrastive_hidden_states/data/steering_vectors/Qwen2.5-3B-Instruct/ideology/ideology__institution_trust__institution_skepticism/base_to_neg.npy
ideology,IDEOLOGY,ideology__institution_trust__institution_skepticism,institution-trust vs institution-skepticism,institution-trust,institution-skepticism,base_to_pos,35,2048,contrastive_hidden_states/data/steering_vectors/Qwen2.5-3B-Instruct/ideology/ideology__institution_trust__institution_skepticism/base_to_pos.npy
ideology,IDEOLOGY,ideology__institution_trust__institution_skepticism,institution-trust vs institution-skepticism,institution-trust,institution-skepticism,neg_to_pos,35,2048,contrastive_hidden_states/data/steering_vectors/Qwen2.5-3B-Instruct/ideology/ideology__institution_trust__institution_skepticism/neg_to_pos.npy
ideology,IDEOLOGY,ideology__institution_trust__institution_skepticism,institution-trust vs institution-skepticism,institution-trust,institution-skepticism,pos_to_neg,35,2048,contrastive_hidden_states/data/steering_vectors/Qwen2.5-3B-Instruct/ideology/ideology__institution_trust__institution_skepticism/pos_to_neg.npy
ideology,IDEOLOGY,ideology__institutional_solutions__market_solutions,institutional-solutions vs market-solutions,institutional-solutions,market-solutions,base_to_neg,35,2048,contrastive_hidden_states/data/steering_vectors/Qwen2.5-3B-Instruct/ideology/ideology__institutional_solutions__market_solutions/base_to_neg.npy
ideology,IDEOLOGY,ideology__institutional_solutions__market_solutions,institutional-solutions vs market-solutions,institutional-solutions,market-solutions,base_to_pos,35,2048,contrastive_hidden_states/data/steering_vectors/Qwen2.5-3B-Instruct/ideology/ideology__institutional_solutions__market_solutions/base_to_pos.npy
ideology,IDEOLOGY,ideology__institutional_solutions__market_solutions,institutional-solutions vs market-solutions,institutional-solutions,market-solutions,neg_to_pos,35,2048,contrastive_hidden_states/data/steering_vectors/Qwen2.5-3B-Instruct/ideology/ideology__institutional_solutions__market_solutions/neg_to_pos.npy
ideology,IDEOLOGY,ideology__institutional_solutions__market_solutions,institutional-solutions vs market-solutions,institutional-solutions,market-solutions,pos_to_neg,35,2048,contrastive_hidden_states/data/steering_vectors/Qwen2.5-3B-Instruct/ideology/ideology__institutional_solutions__market_solutions/pos_to_neg.npy
ideology,IDEOLOGY,ideology__law_and_order__reform_priority,law-and-order vs reform-priority,law-and-order,reform-priority,base_to_neg,35,2048,contrastive_hidden_states/data/steering_vectors/Qwen2.5-3B-Instruct/ideology/ideology__law_and_order__reform_priority/base_to_neg.npy
ideology,IDEOLOGY,ideology__law_and_order__reform_priority,law-and-order vs reform-priority,law-and-order,reform-priority,base_to_pos,35,2048,contrastive_hidden_states/data/steering_vectors/Qwen2.5-3B-Instruct/ideology/ideology__law_and_order__reform_priority/base_to_pos.npy
ideology,IDEOLOGY,ideology__law_and_order__reform_priority,law-and-order vs reform-priority,law-and-order,reform-priority,neg_to_pos,35,2048,contrastive_hidden_states/data/steering_vectors/Qwen2.5-3B-Instruct/ideology/ideology__law_and_order__reform_priority/neg_to_pos.npy
ideology,IDEOLOGY,ideology__law_and_order__reform_priority,law-and-order vs reform-priority,law-and-order,reform-priority,pos_to_neg,35,2048,contrastive_hidden_states/data/steering_vectors/Qwen2.5-3B-Instruct/ideology/ideology__law_and_order__reform_priority/pos_to_neg.npy
ideology,IDEOLOGY,ideology__long_term_stability__rapid_innovation,long-term-stability vs rapid-innovation,long-term-stability,rapid-innovation,base_to_neg,35,2048,contrastive_hidden_states/data/steering_vectors/Qwen2.5-3B-Instruct/ideology/ideology__long_term_stability__rapid_innovation/base_to_neg.npy
ideology,IDEOLOGY,ideology__long_term_stability__rapid_innovation,long-term-stability vs rapid-innovation,long-term-stability,rapid-innovation,base_to_pos,35,2048,contrastive_hidden_states/data/steering_vectors/Qwen2.5-3B-Instruct/ideology/ideology__long_term_stability__rapid_innovation/base_to_pos.npy
ideology,IDEOLOGY,ideology__long_term_stability__rapid_innovation,long-term-stability vs rapid-innovation,long-term-stability,rapid-innovation,neg_to_pos,35,2048,contrastive_hidden_states/data/steering_vectors/Qwen2.5-3B-Instruct/ideology/ideology__long_term_stability__rapid_innovation/neg_to_pos.npy
ideology,IDEOLOGY,ideology__long_term_stability__rapid_innovation,long-term-stability vs rapid-innovation,long-term-stability,rapid-innovation,pos_to_neg,35,2048,contrastive_hidden_states/data/steering_vectors/Qwen2.5-3B-Instruct/ideology/ideology__long_term_stability__rapid_innovation/pos_to_neg.npy
ideology,IDEOLOGY,ideology__national_priority__global_priority,national-priority vs global-priority,national-priority,global-priority,base_to_neg,35,2048,contrastive_hidden_states/data/steering_vectors/Qwen2.5-3B-Instruct/ideology/ideology__national_priority__global_priority/base_to_neg.npy
ideology,IDEOLOGY,ideology__national_priority__global_priority,national-priority vs global-priority,national-priority,global-priority,base_to_pos,35,2048,contrastive_hidden_states/data/steering_vectors/Qwen2.5-3B-Instruct/ideology/ideology__national_priority__global_priority/base_to_pos.npy
ideology,IDEOLOGY,ideology__national_priority__global_priority,national-priority vs global-priority,national-priority,global-priority,neg_to_pos,35,2048,contrastive_hidden_states/data/steering_vectors/Qwen2.5-3B-Instruct/ideology/ideology__national_priority__global_priority/neg_to_pos.npy
ideology,IDEOLOGY,ideology__national_priority__global_priority,national-priority vs global-priority,national-priority,global-priority,pos_to_neg,35,2048,contrastive_hidden_states/data/steering_vectors/Qwen2.5-3B-Instruct/ideology/ideology__national_priority__global_priority/pos_to_neg.npy
ideology,IDEOLOGY,ideology__policy_gradualism__policy_radicalism,policy-gradualism vs policy-radicalism,policy-gradualism,policy-radicalism,base_to_neg,35,2048,contrastive_hidden_states/data/steering_vectors/Qwen2.5-3B-Instruct/ideology/ideology__policy_gradualism__policy_radicalism/base_to_neg.npy
ideology,IDEOLOGY,ideology__policy_gradualism__policy_radicalism,policy-gradualism vs policy-radicalism,policy-gradualism,policy-radicalism,base_to_pos,35,2048,contrastive_hidden_states/data/steering_vectors/Qwen2.5-3B-Instruct/ideology/ideology__policy_gradualism__policy_radicalism/base_to_pos.npy
ideology,IDEOLOGY,ideology__policy_gradualism__policy_radicalism,policy-gradualism vs policy-radicalism,policy-gradualism,policy-radicalism,neg_to_pos,35,2048,contrastive_hidden_states/data/steering_vectors/Qwen2.5-3B-Instruct/ideology/ideology__policy_gradualism__policy_radicalism/neg_to_pos.npy
ideology,IDEOLOGY,ideology__policy_gradualism__policy_radicalism,policy-gradualism vs policy-radicalism,policy-gradualism,policy-radicalism,pos_to_neg,35,2048,contrastive_hidden_states/data/steering_vectors/Qwen2.5-3B-Instruct/ideology/ideology__policy_gradualism__policy_radicalism/pos_to_neg.npy
ideology,IDEOLOGY,ideology__precautionary_principle__innovation_principle,precautionary-principle vs innovation-principle,precautionary-principle,innovation-principle,base_to_neg,35,2048,contrastive_hidden_states/data/steering_vectors/Qwen2.5-3B-Instruct/ideology/ideology__precautionary_principle__innovation_principle/base_to_neg.npy
ideology,IDEOLOGY,ideology__precautionary_principle__innovation_principle,precautionary-principle vs innovation-principle,precautionary-principle,innovation-principle,base_to_pos,35,2048,contrastive_hidden_states/data/steering_vectors/Qwen2.5-3B-Instruct/ideology/ideology__precautionary_principle__innovation_principle/base_to_pos.npy
ideology,IDEOLOGY,ideology__precautionary_principle__innovation_principle,precautionary-principle vs innovation-principle,precautionary-principle,innovation-principle,neg_to_pos,35,2048,contrastive_hidden_states/data/steering_vectors/Qwen2.5-3B-Instruct/ideology/ideology__precautionary_principle__innovation_principle/neg_to_pos.npy
ideology,IDEOLOGY,ideology__precautionary_principle__innovation_principle,precautionary-principle vs innovation-principle,precautionary-principle,innovation-principle,pos_to_neg,35,2048,contrastive_hidden_states/data/steering_vectors/Qwen2.5-3B-Instruct/ideology/ideology__precautionary_principle__innovation_principle/pos_to_neg.npy
ideology,IDEOLOGY,ideology__precautionary_regulation__innovation_deregulation,precautionary-regulation vs innovation-deregulation,precautionary-regulation,innovation-deregulation,base_to_neg,35,2048,contrastive_hidden_states/data/steering_vectors/Qwen2.5-3B-Instruct/ideology/ideology__precautionary_regulation__innovation_deregulation/base_to_neg.npy
ideology,IDEOLOGY,ideology__precautionary_regulation__innovation_deregulation,precautionary-regulation vs innovation-deregulation,precautionary-regulation,innovation-deregulation,base_to_pos,35,2048,contrastive_hidden_states/data/steering_vectors/Qwen2.5-3B-Instruct/ideology/ideology__precautionary_regulation__innovation_deregulation/base_to_pos.npy
ideology,IDEOLOGY,ideology__precautionary_regulation__innovation_deregulation,precautionary-regulation vs innovation-deregulation,precautionary-regulation,innovation-deregulation,neg_to_pos,35,2048,contrastive_hidden_states/data/steering_vectors/Qwen2.5-3B-Instruct/ideology/ideology__precautionary_regulation__innovation_deregulation/neg_to_pos.npy
ideology,IDEOLOGY,ideology__precautionary_regulation__innovation_deregulation,precautionary-regulation vs innovation-deregulation,precautionary-regulation,innovation-deregulation,pos_to_neg,35,2048,contrastive_hidden_states/data/steering_vectors/Qwen2.5-3B-Instruct/ideology/ideology__precautionary_regulation__innovation_deregulation/pos_to_neg.npy
ideology,IDEOLOGY,ideology__privacy_priority__surveillance_acceptance,privacy-priority vs surveillance-acceptance,privacy-priority,surveillance-acceptance,base_to_neg,35,2048,contrastive_hidden_states/data/steering_vectors/Qwen2.5-3B-Instruct/ideology/ideology__privacy_priority__surveillance_acceptance/base_to_neg.npy
ideology,IDEOLOGY,ideology__privacy_priority__surveillance_acceptance,privacy-priority vs surveillance-acceptance,privacy-priority,surveillance-acceptance,base_to_pos,35,2048,contrastive_hidden_states/data/steering_vectors/Qwen2.5-3B-Instruct/ideology/ideology__privacy_priority__surveillance_acceptance/base_to_pos.npy
ideology,IDEOLOGY,ideology__privacy_priority__surveillance_acceptance,privacy-priority vs surveillance-acceptance,privacy-priority,surveillance-acceptance,neg_to_pos,35,2048,contrastive_hidden_states/data/steering_vectors/Qwen2.5-3B-Instruct/ideology/ideology__privacy_priority__surveillance_acceptance/neg_to_pos.npy
ideology,IDEOLOGY,ideology__privacy_priority__surveillance_acceptance,privacy-priority vs surveillance-acceptance,privacy-priority,surveillance-acceptance,pos_to_neg,35,2048,contrastive_hidden_states/data/steering_vectors/Qwen2.5-3B-Instruct/ideology/ideology__privacy_priority__surveillance_acceptance/pos_to_neg.npy
ideology,IDEOLOGY,ideology__protectionism__free_trade,protectionism vs free-trade,protectionism,free-trade,base_to_neg,35,2048,contrastive_hidden_states/data/steering_vectors/Qwen2.5-3B-Instruct/ideology/ideology__protectionism__free_trade/base_to_neg.npy
ideology,IDEOLOGY,ideology__protectionism__free_trade,protectionism vs free-trade,protectionism,free-trade,base_to_pos,35,2048,contrastive_hidden_states/data/steering_vectors/Qwen2.5-3B-Instruct/ideology/ideology__protectionism__free_trade/base_to_pos.npy
ideology,IDEOLOGY,ideology__protectionism__free_trade,protectionism vs free-trade,protectionism,free-trade,neg_to_pos,35,2048,contrastive_hidden_states/data/steering_vectors/Qwen2.5-3B-Instruct/ideology/ideology__protectionism__free_trade/neg_to_pos.npy
ideology,IDEOLOGY,ideology__protectionism__free_trade,protectionism vs free-trade,protectionism,free-trade,pos_to_neg,35,2048,contrastive_hidden_states/data/steering_vectors/Qwen2.5-3B-Instruct/ideology/ideology__protectionism__free_trade/pos_to_neg.npy
ideology,IDEOLOGY,ideology__public_health_priority__economic_activity_priority,public-health-priority vs economic-activity-priority,public-health-priority,economic-activity-priority,base_to_neg,35,2048,contrastive_hidden_states/data/steering_vectors/Qwen2.5-3B-Instruct/ideology/ideology__public_health_priority__economic_activity_priority/base_to_neg.npy
ideology,IDEOLOGY,ideology__public_health_priority__economic_activity_priority,public-health-priority vs economic-activity-priority,public-health-priority,economic-activity-priority,base_to_pos,35,2048,contrastive_hidden_states/data/steering_vectors/Qwen2.5-3B-Instruct/ideology/ideology__public_health_priority__economic_activity_priority/base_to_pos.npy
ideology,IDEOLOGY,ideology__public_health_priority__economic_activity_priority,public-health-priority vs economic-activity-priority,public-health-priority,economic-activity-priority,neg_to_pos,35,2048,contrastive_hidden_states/data/steering_vectors/Qwen2.5-3B-Instruct/ideology/ideology__public_health_priority__economic_activity_priority/neg_to_pos.npy
ideology,IDEOLOGY,ideology__public_health_priority__economic_activity_priority,public-health-priority vs economic-activity-priority,public-health-priority,economic-activity-priority,pos_to_neg,35,2048,contrastive_hidden_states/data/steering_vectors/Qwen2.5-3B-Instruct/ideology/ideology__public_health_priority__economic_activity_priority/pos_to_neg.npy
ideology,IDEOLOGY,ideology__public_interest__private_interest,public-interest vs private-interest,public-interest,private-interest,base_to_neg,35,2048,contrastive_hidden_states/data/steering_vectors/Qwen2.5-3B-Instruct/ideology/ideology__public_interest__private_interest/base_to_neg.npy
ideology,IDEOLOGY,ideology__public_interest__private_interest,public-interest vs private-interest,public-interest,private-interest,base_to_pos,35,2048,contrastive_hidden_states/data/steering_vectors/Qwen2.5-3B-Instruct/ideology/ideology__public_interest__private_interest/base_to_pos.npy
ideology,IDEOLOGY,ideology__public_interest__private_interest,public-interest vs private-interest,public-interest,private-interest,neg_to_pos,35,2048,contrastive_hidden_states/data/steering_vectors/Qwen2.5-3B-Instruct/ideology/ideology__public_interest__private_interest/neg_to_pos.npy
ideology,IDEOLOGY,ideology__public_interest__private_interest,public-interest vs private-interest,public-interest,private-interest,pos_to_neg,35,2048,contrastive_hidden_states/data/steering_vectors/Qwen2.5-3B-Instruct/ideology/ideology__public_interest__private_interest/pos_to_neg.npy
ideology,IDEOLOGY,ideology__public_sector_priority__private_sector_priority,public-sector-priority vs private-sector-priority,public-sector-priority,private-sector-priority,base_to_neg,35,2048,contrastive_hidden_states/data/steering_vectors/Qwen2.5-3B-Instruct/ideology/ideology__public_sector_priority__private_sector_priority/base_to_neg.npy
ideology,IDEOLOGY,ideology__public_sector_priority__private_sector_priority,public-sector-priority vs private-sector-priority,public-sector-priority,private-sector-priority,base_to_pos,35,2048,contrastive_hidden_states/data/steering_vectors/Qwen2.5-3B-Instruct/ideology/ideology__public_sector_priority__private_sector_priority/base_to_pos.npy
ideology,IDEOLOGY,ideology__public_sector_priority__private_sector_priority,public-sector-priority vs private-sector-priority,public-sector-priority,private-sector-priority,neg_to_pos,35,2048,contrastive_hidden_states/data/steering_vectors/Qwen2.5-3B-Instruct/ideology/ideology__public_sector_priority__private_sector_priority/neg_to_pos.npy
ideology,IDEOLOGY,ideology__public_sector_priority__private_sector_priority,public-sector-priority vs private-sector-priority,public-sector-priority,private-sector-priority,pos_to_neg,35,2048,contrastive_hidden_states/data/steering_vectors/Qwen2.5-3B-Instruct/ideology/ideology__public_sector_priority__private_sector_priority/pos_to_neg.npy
ideology,IDEOLOGY,ideology__punishment_oriented__rehabilitation_oriented,punishment-oriented vs rehabilitation-oriented,punishment-oriented,rehabilitation-oriented,base_to_neg,35,2048,contrastive_hidden_states/data/steering_vectors/Qwen2.5-3B-Instruct/ideology/ideology__punishment_oriented__rehabilitation_oriented/base_to_neg.npy
ideology,IDEOLOGY,ideology__punishment_oriented__rehabilitation_oriented,punishment-oriented vs rehabilitation-oriented,punishment-oriented,rehabilitation-oriented,base_to_pos,35,2048,contrastive_hidden_states/data/steering_vectors/Qwen2.5-3B-Instruct/ideology/ideology__punishment_oriented__rehabilitation_oriented/base_to_pos.npy
ideology,IDEOLOGY,ideology__punishment_oriented__rehabilitation_oriented,punishment-oriented vs rehabilitation-oriented,punishment-oriented,rehabilitation-oriented,neg_to_pos,35,2048,contrastive_hidden_states/data/steering_vectors/Qwen2.5-3B-Instruct/ideology/ideology__punishment_oriented__rehabilitation_oriented/neg_to_pos.npy
ideology,IDEOLOGY,ideology__punishment_oriented__rehabilitation_oriented,punishment-oriented vs rehabilitation-oriented,punishment-oriented,rehabilitation-oriented,pos_to_neg,35,2048,contrastive_hidden_states/data/steering_vectors/Qwen2.5-3B-Instruct/ideology/ideology__punishment_oriented__rehabilitation_oriented/pos_to_neg.npy
ideology,IDEOLOGY,ideology__redistribution__wealth_concentration_acceptance,redistribution vs wealth-concentration-acceptance,redistribution,wealth-concentration-acceptance,base_to_neg,35,2048,contrastive_hidden_states/data/steering_vectors/Qwen2.5-3B-Instruct/ideology/ideology__redistribution__wealth_concentration_acceptance/base_to_neg.npy
ideology,IDEOLOGY,ideology__redistribution__wealth_concentration_acceptance,redistribution vs wealth-concentration-acceptance,redistribution,wealth-concentration-acceptance,base_to_pos,35,2048,contrastive_hidden_states/data/steering_vectors/Qwen2.5-3B-Instruct/ideology/ideology__redistribution__wealth_concentration_acceptance/base_to_pos.npy
ideology,IDEOLOGY,ideology__redistribution__wealth_concentration_acceptance,redistribution vs wealth-concentration-acceptance,redistribution,wealth-concentration-acceptance,neg_to_pos,35,2048,contrastive_hidden_states/data/steering_vectors/Qwen2.5-3B-Instruct/ideology/ideology__redistribution__wealth_concentration_acceptance/neg_to_pos.npy
ideology,IDEOLOGY,ideology__redistribution__wealth_concentration_acceptance,redistribution vs wealth-concentration-acceptance,redistribution,wealth-concentration-acceptance,pos_to_neg,35,2048,contrastive_hidden_states/data/steering_vectors/Qwen2.5-3B-Instruct/ideology/ideology__redistribution__wealth_concentration_acceptance/pos_to_neg.npy
ideology,IDEOLOGY,ideology__redistribution_supporting__market_outcome_supporting,redistribution-supporting vs market-outcome-supporting,redistribution-supporting,market-outcome-supporting,base_to_neg,35,2048,contrastive_hidden_states/data/steering_vectors/Qwen2.5-3B-Instruct/ideology/ideology__redistribution_supporting__market_outcome_supporting/base_to_neg.npy
ideology,IDEOLOGY,ideology__redistribution_supporting__market_outcome_supporting,redistribution-supporting vs market-outcome-supporting,redistribution-supporting,market-outcome-supporting,base_to_pos,35,2048,contrastive_hidden_states/data/steering_vectors/Qwen2.5-3B-Instruct/ideology/ideology__redistribution_supporting__market_outcome_supporting/base_to_pos.npy
ideology,IDEOLOGY,ideology__redistribution_supporting__market_outcome_supporting,redistribution-supporting vs market-outcome-supporting,redistribution-supporting,market-outcome-supporting,neg_to_pos,35,2048,contrastive_hidden_states/data/steering_vectors/Qwen2.5-3B-Instruct/ideology/ideology__redistribution_supporting__market_outcome_supporting/neg_to_pos.npy
ideology,IDEOLOGY,ideology__redistribution_supporting__market_outcome_supporting,redistribution-supporting vs market-outcome-supporting,redistribution-supporting,market-outcome-supporting,pos_to_neg,35,2048,contrastive_hidden_states/data/steering_vectors/Qwen2.5-3B-Instruct/ideology/ideology__redistribution_supporting__market_outcome_supporting/pos_to_neg.npy
ideology,IDEOLOGY,ideology__regulation_of_technology__tech_self_governance,regulation-of-technology vs tech-self-governance,regulation-of-technology,tech-self-governance,base_to_neg,35,2048,contrastive_hidden_states/data/steering_vectors/Qwen2.5-3B-Instruct/ideology/ideology__regulation_of_technology__tech_self_governance/base_to_neg.npy
ideology,IDEOLOGY,ideology__regulation_of_technology__tech_self_governance,regulation-of-technology vs tech-self-governance,regulation-of-technology,tech-self-governance,base_to_pos,35,2048,contrastive_hidden_states/data/steering_vectors/Qwen2.5-3B-Instruct/ideology/ideology__regulation_of_technology__tech_self_governance/base_to_pos.npy
ideology,IDEOLOGY,ideology__regulation_of_technology__tech_self_governance,regulation-of-technology vs tech-self-governance,regulation-of-technology,tech-self-governance,neg_to_pos,35,2048,contrastive_hidden_states/data/steering_vectors/Qwen2.5-3B-Instruct/ideology/ideology__regulation_of_technology__tech_self_governance/neg_to_pos.npy
ideology,IDEOLOGY,ideology__regulation_of_technology__tech_self_governance,regulation-of-technology vs tech-self-governance,regulation-of-technology,tech-self-governance,pos_to_neg,35,2048,contrastive_hidden_states/data/steering_vectors/Qwen2.5-3B-Instruct/ideology/ideology__regulation_of_technology__tech_self_governance/pos_to_neg.npy
ideology,IDEOLOGY,ideology__regulation_supporting__deregulation_supporting,regulation-supporting vs deregulation-supporting,regulation-supporting,deregulation-supporting,base_to_neg,35,2048,contrastive_hidden_states/data/steering_vectors/Qwen2.5-3B-Instruct/ideology/ideology__regulation_supporting__deregulation_supporting/base_to_neg.npy
ideology,IDEOLOGY,ideology__regulation_supporting__deregulation_supporting,regulation-supporting vs deregulation-supporting,regulation-supporting,deregulation-supporting,base_to_pos,35,2048,contrastive_hidden_states/data/steering_vectors/Qwen2.5-3B-Instruct/ideology/ideology__regulation_supporting__deregulation_supporting/base_to_pos.npy
ideology,IDEOLOGY,ideology__regulation_supporting__deregulation_supporting,regulation-supporting vs deregulation-supporting,regulation-supporting,deregulation-supporting,neg_to_pos,35,2048,contrastive_hidden_states/data/steering_vectors/Qwen2.5-3B-Instruct/ideology/ideology__regulation_supporting__deregulation_supporting/neg_to_pos.npy
ideology,IDEOLOGY,ideology__regulation_supporting__deregulation_supporting,regulation-supporting vs deregulation-supporting,regulation-supporting,deregulation-supporting,pos_to_neg,35,2048,contrastive_hidden_states/data/steering_vectors/Qwen2.5-3B-Instruct/ideology/ideology__regulation_supporting__deregulation_supporting/pos_to_neg.npy
ideology,IDEOLOGY,ideology__regulatory_caution__entrepreneurial_freedom,regulatory-caution vs entrepreneurial-freedom,regulatory-caution,entrepreneurial-freedom,base_to_neg,35,2048,contrastive_hidden_states/data/steering_vectors/Qwen2.5-3B-Instruct/ideology/ideology__regulatory_caution__entrepreneurial_freedom/base_to_neg.npy
ideology,IDEOLOGY,ideology__regulatory_caution__entrepreneurial_freedom,regulatory-caution vs entrepreneurial-freedom,regulatory-caution,entrepreneurial-freedom,base_to_pos,35,2048,contrastive_hidden_states/data/steering_vectors/Qwen2.5-3B-Instruct/ideology/ideology__regulatory_caution__entrepreneurial_freedom/base_to_pos.npy
ideology,IDEOLOGY,ideology__regulatory_caution__entrepreneurial_freedom,regulatory-caution vs entrepreneurial-freedom,regulatory-caution,entrepreneurial-freedom,neg_to_pos,35,2048,contrastive_hidden_states/data/steering_vectors/Qwen2.5-3B-Instruct/ideology/ideology__regulatory_caution__entrepreneurial_freedom/neg_to_pos.npy
ideology,IDEOLOGY,ideology__regulatory_caution__entrepreneurial_freedom,regulatory-caution vs entrepreneurial-freedom,regulatory-caution,entrepreneurial-freedom,pos_to_neg,35,2048,contrastive_hidden_states/data/steering_vectors/Qwen2.5-3B-Instruct/ideology/ideology__regulatory_caution__entrepreneurial_freedom/pos_to_neg.npy
ideology,IDEOLOGY,ideology__resource_conservation__resource_utilization,resource-conservation vs resource-utilization,resource-conservation,resource-utilization,base_to_neg,35,2048,contrastive_hidden_states/data/steering_vectors/Qwen2.5-3B-Instruct/ideology/ideology__resource_conservation__resource_utilization/base_to_neg.npy
ideology,IDEOLOGY,ideology__resource_conservation__resource_utilization,resource-conservation vs resource-utilization,resource-conservation,resource-utilization,base_to_pos,35,2048,contrastive_hidden_states/data/steering_vectors/Qwen2.5-3B-Instruct/ideology/ideology__resource_conservation__resource_utilization/base_to_pos.npy
ideology,IDEOLOGY,ideology__resource_conservation__resource_utilization,resource-conservation vs resource-utilization,resource-conservation,resource-utilization,neg_to_pos,35,2048,contrastive_hidden_states/data/steering_vectors/Qwen2.5-3B-Instruct/ideology/ideology__resource_conservation__resource_utilization/neg_to_pos.npy
ideology,IDEOLOGY,ideology__resource_conservation__resource_utilization,resource-conservation vs resource-utilization,resource-conservation,resource-utilization,pos_to_neg,35,2048,contrastive_hidden_states/data/steering_vectors/Qwen2.5-3B-Instruct/ideology/ideology__resource_conservation__resource_utilization/pos_to_neg.npy
ideology,IDEOLOGY,ideology__risk_averse__risk_seeking,risk-averse vs risk-seeking,risk-averse,risk-seeking,base_to_neg,35,2048,contrastive_hidden_states/data/steering_vectors/Qwen2.5-3B-Instruct/ideology/ideology__risk_averse__risk_seeking/base_to_neg.npy
ideology,IDEOLOGY,ideology__risk_averse__risk_seeking,risk-averse vs risk-seeking,risk-averse,risk-seeking,base_to_pos,35,2048,contrastive_hidden_states/data/steering_vectors/Qwen2.5-3B-Instruct/ideology/ideology__risk_averse__risk_seeking/base_to_pos.npy
ideology,IDEOLOGY,ideology__risk_averse__risk_seeking,risk-averse vs risk-seeking,risk-averse,risk-seeking,neg_to_pos,35,2048,contrastive_hidden_states/data/steering_vectors/Qwen2.5-3B-Instruct/ideology/ideology__risk_averse__risk_seeking/neg_to_pos.npy
ideology,IDEOLOGY,ideology__risk_averse__risk_seeking,risk-averse vs risk-seeking,risk-averse,risk-seeking,pos_to_neg,35,2048,contrastive_hidden_states/data/steering_vectors/Qwen2.5-3B-Instruct/ideology/ideology__risk_averse__risk_seeking/pos_to_neg.npy
ideology,IDEOLOGY,ideology__security_priority__freedom_priority,security-priority vs freedom-priority,security-priority,freedom-priority,base_to_neg,35,2048,contrastive_hidden_states/data/steering_vectors/Qwen2.5-3B-Instruct/ideology/ideology__security_priority__freedom_priority/base_to_neg.npy
ideology,IDEOLOGY,ideology__security_priority__freedom_priority,security-priority vs freedom-priority,security-priority,freedom-priority,base_to_pos,35,2048,contrastive_hidden_states/data/steering_vectors/Qwen2.5-3B-Instruct/ideology/ideology__security_priority__freedom_priority/base_to_pos.npy
ideology,IDEOLOGY,ideology__security_priority__freedom_priority,security-priority vs freedom-priority,security-priority,freedom-priority,neg_to_pos,35,2048,contrastive_hidden_states/data/steering_vectors/Qwen2.5-3B-Instruct/ideology/ideology__security_priority__freedom_priority/neg_to_pos.npy
ideology,IDEOLOGY,ideology__security_priority__freedom_priority,security-priority vs freedom-priority,security-priority,freedom-priority,pos_to_neg,35,2048,contrastive_hidden_states/data/steering_vectors/Qwen2.5-3B-Instruct/ideology/ideology__security_priority__freedom_priority/pos_to_neg.npy
ideology,IDEOLOGY,ideology__social_cohesion__individual_autonomy,social-cohesion vs individual-autonomy,social-cohesion,individual-autonomy,base_to_neg,35,2048,contrastive_hidden_states/data/steering_vectors/Qwen2.5-3B-Instruct/ideology/ideology__social_cohesion__individual_autonomy/base_to_neg.npy
ideology,IDEOLOGY,ideology__social_cohesion__individual_autonomy,social-cohesion vs individual-autonomy,social-cohesion,individual-autonomy,base_to_pos,35,2048,contrastive_hidden_states/data/steering_vectors/Qwen2.5-3B-Instruct/ideology/ideology__social_cohesion__individual_autonomy/base_to_pos.npy
ideology,IDEOLOGY,ideology__social_cohesion__individual_autonomy,social-cohesion vs individual-autonomy,social-cohesion,individual-autonomy,neg_to_pos,35,2048,contrastive_hidden_states/data/steering_vectors/Qwen2.5-3B-Instruct/ideology/ideology__social_cohesion__individual_autonomy/neg_to_pos.npy
ideology,IDEOLOGY,ideology__social_cohesion__individual_autonomy,social-cohesion vs individual-autonomy,social-cohesion,individual-autonomy,pos_to_neg,35,2048,contrastive_hidden_states/data/steering_vectors/Qwen2.5-3B-Instruct/ideology/ideology__social_cohesion__individual_autonomy/pos_to_neg.npy
ideology,IDEOLOGY,ideology__social_equality__outcome_inequality_acceptance,social-equality vs outcome-inequality-acceptance,social-equality,outcome-inequality-acceptance,base_to_neg,35,2048,contrastive_hidden_states/data/steering_vectors/Qwen2.5-3B-Instruct/ideology/ideology__social_equality__outcome_inequality_acceptance/base_to_neg.npy
ideology,IDEOLOGY,ideology__social_equality__outcome_inequality_acceptance,social-equality vs outcome-inequality-acceptance,social-equality,outcome-inequality-acceptance,base_to_pos,35,2048,contrastive_hidden_states/data/steering_vectors/Qwen2.5-3B-Instruct/ideology/ideology__social_equality__outcome_inequality_acceptance/base_to_pos.npy
ideology,IDEOLOGY,ideology__social_equality__outcome_inequality_acceptance,social-equality vs outcome-inequality-acceptance,social-equality,outcome-inequality-acceptance,neg_to_pos,35,2048,contrastive_hidden_states/data/steering_vectors/Qwen2.5-3B-Instruct/ideology/ideology__social_equality__outcome_inequality_acceptance/neg_to_pos.npy
ideology,IDEOLOGY,ideology__social_equality__outcome_inequality_acceptance,social-equality vs outcome-inequality-acceptance,social-equality,outcome-inequality-acceptance,pos_to_neg,35,2048,contrastive_hidden_states/data/steering_vectors/Qwen2.5-3B-Instruct/ideology/ideology__social_equality__outcome_inequality_acceptance/pos_to_neg.npy
ideology,IDEOLOGY,ideology__social_safety_net__minimal_welfare,social-safety-net vs minimal-welfare,social-safety-net,minimal-welfare,base_to_neg,35,2048,contrastive_hidden_states/data/steering_vectors/Qwen2.5-3B-Instruct/ideology/ideology__social_safety_net__minimal_welfare/base_to_neg.npy
ideology,IDEOLOGY,ideology__social_safety_net__minimal_welfare,social-safety-net vs minimal-welfare,social-safety-net,minimal-welfare,base_to_pos,35,2048,contrastive_hidden_states/data/steering_vectors/Qwen2.5-3B-Instruct/ideology/ideology__social_safety_net__minimal_welfare/base_to_pos.npy
ideology,IDEOLOGY,ideology__social_safety_net__minimal_welfare,social-safety-net vs minimal-welfare,social-safety-net,minimal-welfare,neg_to_pos,35,2048,contrastive_hidden_states/data/steering_vectors/Qwen2.5-3B-Instruct/ideology/ideology__social_safety_net__minimal_welfare/neg_to_pos.npy
ideology,IDEOLOGY,ideology__social_safety_net__minimal_welfare,social-safety-net vs minimal-welfare,social-safety-net,minimal-welfare,pos_to_neg,35,2048,contrastive_hidden_states/data/steering_vectors/Qwen2.5-3B-Instruct/ideology/ideology__social_safety_net__minimal_welfare/pos_to_neg.npy
ideology,IDEOLOGY,ideology__social_stability__disruptive_change,social-stability vs disruptive-change,social-stability,disruptive-change,base_to_neg,35,2048,contrastive_hidden_states/data/steering_vectors/Qwen2.5-3B-Instruct/ideology/ideology__social_stability__disruptive_change/base_to_neg.npy
ideology,IDEOLOGY,ideology__social_stability__disruptive_change,social-stability vs disruptive-change,social-stability,disruptive-change,base_to_pos,35,2048,contrastive_hidden_states/data/steering_vectors/Qwen2.5-3B-Instruct/ideology/ideology__social_stability__disruptive_change/base_to_pos.npy
ideology,IDEOLOGY,ideology__social_stability__disruptive_change,social-stability vs disruptive-change,social-stability,disruptive-change,neg_to_pos,35,2048,contrastive_hidden_states/data/steering_vectors/Qwen2.5-3B-Instruct/ideology/ideology__social_stability__disruptive_change/neg_to_pos.npy
ideology,IDEOLOGY,ideology__social_stability__disruptive_change,social-stability vs disruptive-change,social-stability,disruptive-change,pos_to_neg,35,2048,contrastive_hidden_states/data/steering_vectors/Qwen2.5-3B-Instruct/ideology/ideology__social_stability__disruptive_change/pos_to_neg.npy
ideology,IDEOLOGY,ideology__strict_regulation__flexible_regulation,strict-regulation vs flexible-regulation,strict-regulation,flexible-regulation,base_to_neg,35,2048,contrastive_hidden_states/data/steering_vectors/Qwen2.5-3B-Instruct/ideology/ideology__strict_regulation__flexible_regulation/base_to_neg.npy
ideology,IDEOLOGY,ideology__strict_regulation__flexible_regulation,strict-regulation vs flexible-regulation,strict-regulation,flexible-regulation,base_to_pos,35,2048,contrastive_hidden_states/data/steering_vectors/Qwen2.5-3B-Instruct/ideology/ideology__strict_regulation__flexible_regulation/base_to_pos.npy
ideology,IDEOLOGY,ideology__strict_regulation__flexible_regulation,strict-regulation vs flexible-regulation,strict-regulation,flexible-regulation,neg_to_pos,35,2048,contrastive_hidden_states/data/steering_vectors/Qwen2.5-3B-Instruct/ideology/ideology__strict_regulation__flexible_regulation/neg_to_pos.npy
ideology,IDEOLOGY,ideology__strict_regulation__flexible_regulation,strict-regulation vs flexible-regulation,strict-regulation,flexible-regulation,pos_to_neg,35,2048,contrastive_hidden_states/data/steering_vectors/Qwen2.5-3B-Instruct/ideology/ideology__strict_regulation__flexible_regulation/pos_to_neg.npy
ideology,IDEOLOGY,ideology__tradition_priority__progress_priority,tradition-priority vs progress-priority,tradition-priority,progress-priority,base_to_neg,35,2048,contrastive_hidden_states/data/steering_vectors/Qwen2.5-3B-Instruct/ideology/ideology__tradition_priority__progress_priority/base_to_neg.npy
ideology,IDEOLOGY,ideology__tradition_priority__progress_priority,tradition-priority vs progress-priority,tradition-priority,progress-priority,base_to_pos,35,2048,contrastive_hidden_states/data/steering_vectors/Qwen2.5-3B-Instruct/ideology/ideology__tradition_priority__progress_priority/base_to_pos.npy
ideology,IDEOLOGY,ideology__tradition_priority__progress_priority,tradition-priority vs progress-priority,tradition-priority,progress-priority,neg_to_pos,35,2048,contrastive_hidden_states/data/steering_vectors/Qwen2.5-3B-Instruct/ideology/ideology__tradition_priority__progress_priority/neg_to_pos.npy
ideology,IDEOLOGY,ideology__tradition_priority__progress_priority,tradition-priority vs progress-priority,tradition-priority,progress-priority,pos_to_neg,35,2048,contrastive_hidden_states/data/steering_vectors/Qwen2.5-3B-Instruct/ideology/ideology__tradition_priority__progress_priority/pos_to_neg.npy
ideology,IDEOLOGY,ideology__universal_policy__targeted_policy,universal-policy vs targeted-policy,universal-policy,targeted-policy,base_to_neg,35,2048,contrastive_hidden_states/data/steering_vectors/Qwen2.5-3B-Instruct/ideology/ideology__universal_policy__targeted_policy/base_to_neg.npy
ideology,IDEOLOGY,ideology__universal_policy__targeted_policy,universal-policy vs targeted-policy,universal-policy,targeted-policy,base_to_pos,35,2048,contrastive_hidden_states/data/steering_vectors/Qwen2.5-3B-Instruct/ideology/ideology__universal_policy__targeted_policy/base_to_pos.npy
ideology,IDEOLOGY,ideology__universal_policy__targeted_policy,universal-policy vs targeted-policy,universal-policy,targeted-policy,neg_to_pos,35,2048,contrastive_hidden_states/data/steering_vectors/Qwen2.5-3B-Instruct/ideology/ideology__universal_policy__targeted_policy/neg_to_pos.npy
ideology,IDEOLOGY,ideology__universal_policy__targeted_policy,universal-policy vs targeted-policy,universal-policy,targeted-policy,pos_to_neg,35,2048,contrastive_hidden_states/data/steering_vectors/Qwen2.5-3B-Instruct/ideology/ideology__universal_policy__targeted_policy/pos_to_neg.npy
ideology,IDEOLOGY,ideology__urban_development__environmental_preservation,urban-development vs environmental-preservation,urban-development,environmental-preservation,base_to_neg,35,2048,contrastive_hidden_states/data/steering_vectors/Qwen2.5-3B-Instruct/ideology/ideology__urban_development__environmental_preservation/base_to_neg.npy
ideology,IDEOLOGY,ideology__urban_development__environmental_preservation,urban-development vs environmental-preservation,urban-development,environmental-preservation,base_to_pos,35,2048,contrastive_hidden_states/data/steering_vectors/Qwen2.5-3B-Instruct/ideology/ideology__urban_development__environmental_preservation/base_to_pos.npy
ideology,IDEOLOGY,ideology__urban_development__environmental_preservation,urban-development vs environmental-preservation,urban-development,environmental-preservation,neg_to_pos,35,2048,contrastive_hidden_states/data/steering_vectors/Qwen2.5-3B-Instruct/ideology/ideology__urban_development__environmental_preservation/neg_to_pos.npy
ideology,IDEOLOGY,ideology__urban_development__environmental_preservation,urban-development vs environmental-preservation,urban-development,environmental-preservation,pos_to_neg,35,2048,contrastive_hidden_states/data/steering_vectors/Qwen2.5-3B-Instruct/ideology/ideology__urban_development__environmental_preservation/pos_to_neg.npy
ideology,IDEOLOGY,ideology__welfare_expansion__fiscal_restraint,welfare-expansion vs fiscal-restraint,welfare-expansion,fiscal-restraint,base_to_neg,35,2048,contrastive_hidden_states/data/steering_vectors/Qwen2.5-3B-Instruct/ideology/ideology__welfare_expansion__fiscal_restraint/base_to_neg.npy
ideology,IDEOLOGY,ideology__welfare_expansion__fiscal_restraint,welfare-expansion vs fiscal-restraint,welfare-expansion,fiscal-restraint,base_to_pos,35,2048,contrastive_hidden_states/data/steering_vectors/Qwen2.5-3B-Instruct/ideology/ideology__welfare_expansion__fiscal_restraint/base_to_pos.npy
ideology,IDEOLOGY,ideology__welfare_expansion__fiscal_restraint,welfare-expansion vs fiscal-restraint,welfare-expansion,fiscal-restraint,neg_to_pos,35,2048,contrastive_hidden_states/data/steering_vectors/Qwen2.5-3B-Instruct/ideology/ideology__welfare_expansion__fiscal_restraint/neg_to_pos.npy
ideology,IDEOLOGY,ideology__welfare_expansion__fiscal_restraint,welfare-expansion vs fiscal-restraint,welfare-expansion,fiscal-restraint,pos_to_neg,35,2048,contrastive_hidden_states/data/steering_vectors/Qwen2.5-3B-Instruct/ideology/ideology__welfare_expansion__fiscal_restraint/pos_to_neg.npy
linguistic_style,LINGUISTIC STYLE,linguistic_style__abstract_wording__concrete_wording,abstract wording vs concrete wording,abstract wording,concrete wording,base_to_neg,35,2048,contrastive_hidden_states/data/steering_vectors/Qwen2.5-3B-Instruct/linguistic_style/linguistic_style__abstract_wording__concrete_wording/base_to_neg.npy
linguistic_style,LINGUISTIC STYLE,linguistic_style__abstract_wording__concrete_wording,abstract wording vs concrete wording,abstract wording,concrete wording,base_to_pos,35,2048,contrastive_hidden_states/data/steering_vectors/Qwen2.5-3B-Instruct/linguistic_style/linguistic_style__abstract_wording__concrete_wording/base_to_pos.npy
linguistic_style,LINGUISTIC STYLE,linguistic_style__abstract_wording__concrete_wording,abstract wording vs concrete wording,abstract wording,concrete wording,neg_to_pos,35,2048,contrastive_hidden_states/data/steering_vectors/Qwen2.5-3B-Instruct/linguistic_style/linguistic_style__abstract_wording__concrete_wording/neg_to_pos.npy
linguistic_style,LINGUISTIC STYLE,linguistic_style__abstract_wording__concrete_wording,abstract wording vs concrete wording,abstract wording,concrete wording,pos_to_neg,35,2048,contrastive_hidden_states/data/steering_vectors/Qwen2.5-3B-Instruct/linguistic_style/linguistic_style__abstract_wording__concrete_wording/pos_to_neg.npy
linguistic_style,LINGUISTIC STYLE,linguistic_style__academic_style__everyday_style,academic style vs everyday style,academic style,everyday style,base_to_neg,35,2048,contrastive_hidden_states/data/steering_vectors/Qwen2.5-3B-Instruct/linguistic_style/linguistic_style__academic_style__everyday_style/base_to_neg.npy
linguistic_style,LINGUISTIC STYLE,linguistic_style__academic_style__everyday_style,academic style vs everyday style,academic style,everyday style,base_to_pos,35,2048,contrastive_hidden_states/data/steering_vectors/Qwen2.5-3B-Instruct/linguistic_style/linguistic_style__academic_style__everyday_style/base_to_pos.npy
linguistic_style,LINGUISTIC STYLE,linguistic_style__academic_style__everyday_style,academic style vs everyday style,academic style,everyday style,neg_to_pos,35,2048,contrastive_hidden_states/data/steering_vectors/Qwen2.5-3B-Instruct/linguistic_style/linguistic_style__academic_style__everyday_style/neg_to_pos.npy
linguistic_style,LINGUISTIC STYLE,linguistic_style__academic_style__everyday_style,academic style vs everyday style,academic style,everyday style,pos_to_neg,35,2048,contrastive_hidden_states/data/steering_vectors/Qwen2.5-3B-Instruct/linguistic_style/linguistic_style__academic_style__everyday_style/pos_to_neg.npy
linguistic_style,LINGUISTIC STYLE,linguistic_style__analytic_presentation__descriptive_presentation,analytic presentation vs descriptive presentation,analytic presentation,descriptive presentation,base_to_neg,35,2048,contrastive_hidden_states/data/steering_vectors/Qwen2.5-3B-Instruct/linguistic_style/linguistic_style__analytic_presentation__descriptive_presentation/base_to_neg.npy
linguistic_style,LINGUISTIC STYLE,linguistic_style__analytic_presentation__descriptive_presentation,analytic presentation vs descriptive presentation,analytic presentation,descriptive presentation,base_to_pos,35,2048,contrastive_hidden_states/data/steering_vectors/Qwen2.5-3B-Instruct/linguistic_style/linguistic_style__analytic_presentation__descriptive_presentation/base_to_pos.npy
linguistic_style,LINGUISTIC STYLE,linguistic_style__analytic_presentation__descriptive_presentation,analytic presentation vs descriptive presentation,analytic presentation,descriptive presentation,neg_to_pos,35,2048,contrastive_hidden_states/data/steering_vectors/Qwen2.5-3B-Instruct/linguistic_style/linguistic_style__analytic_presentation__descriptive_presentation/neg_to_pos.npy
linguistic_style,LINGUISTIC STYLE,linguistic_style__analytic_presentation__descriptive_presentation,analytic presentation vs descriptive presentation,analytic presentation,descriptive presentation,pos_to_neg,35,2048,contrastive_hidden_states/data/steering_vectors/Qwen2.5-3B-Instruct/linguistic_style/linguistic_style__analytic_presentation__descriptive_presentation/pos_to_neg.npy
linguistic_style,LINGUISTIC STYLE,linguistic_style__basic_vocabulary__advanced_vocabulary,basic vocabulary vs advanced vocabulary,basic vocabulary,advanced vocabulary,base_to_neg,35,2048,contrastive_hidden_states/data/steering_vectors/Qwen2.5-3B-Instruct/linguistic_style/linguistic_style__basic_vocabulary__advanced_vocabulary/base_to_neg.npy
linguistic_style,LINGUISTIC STYLE,linguistic_style__basic_vocabulary__advanced_vocabulary,basic vocabulary vs advanced vocabulary,basic vocabulary,advanced vocabulary,base_to_pos,35,2048,contrastive_hidden_states/data/steering_vectors/Qwen2.5-3B-Instruct/linguistic_style/linguistic_style__basic_vocabulary__advanced_vocabulary/base_to_pos.npy
linguistic_style,LINGUISTIC STYLE,linguistic_style__basic_vocabulary__advanced_vocabulary,basic vocabulary vs advanced vocabulary,basic vocabulary,advanced vocabulary,neg_to_pos,35,2048,contrastive_hidden_states/data/steering_vectors/Qwen2.5-3B-Instruct/linguistic_style/linguistic_style__basic_vocabulary__advanced_vocabulary/neg_to_pos.npy
linguistic_style,LINGUISTIC STYLE,linguistic_style__basic_vocabulary__advanced_vocabulary,basic vocabulary vs advanced vocabulary,basic vocabulary,advanced vocabulary,pos_to_neg,35,2048,contrastive_hidden_states/data/steering_vectors/Qwen2.5-3B-Instruct/linguistic_style/linguistic_style__basic_vocabulary__advanced_vocabulary/pos_to_neg.npy
linguistic_style,LINGUISTIC STYLE,linguistic_style__brief__elaborate,brief vs elaborate,brief,elaborate,base_to_neg,35,2048,contrastive_hidden_states/data/steering_vectors/Qwen2.5-3B-Instruct/linguistic_style/linguistic_style__brief__elaborate/base_to_neg.npy
linguistic_style,LINGUISTIC STYLE,linguistic_style__brief__elaborate,brief vs elaborate,brief,elaborate,base_to_pos,35,2048,contrastive_hidden_states/data/steering_vectors/Qwen2.5-3B-Instruct/linguistic_style/linguistic_style__brief__elaborate/base_to_pos.npy
linguistic_style,LINGUISTIC STYLE,linguistic_style__brief__elaborate,brief vs elaborate,brief,elaborate,neg_to_pos,35,2048,contrastive_hidden_states/data/steering_vectors/Qwen2.5-3B-Instruct/linguistic_style/linguistic_style__brief__elaborate/neg_to_pos.npy
linguistic_style,LINGUISTIC STYLE,linguistic_style__brief__elaborate,brief vs elaborate,brief,elaborate,pos_to_neg,35,2048,contrastive_hidden_states/data/steering_vectors/Qwen2.5-3B-Instruct/linguistic_style/linguistic_style__brief__elaborate/pos_to_neg.npy
linguistic_style,LINGUISTIC STYLE,linguistic_style__bullet_point_style__paragraph_style,bullet-point style vs paragraph style,bullet-point style,paragraph style,base_to_neg,35,2048,contrastive_hidden_states/data/steering_vectors/Qwen2.5-3B-Instruct/linguistic_style/linguistic_style__bullet_point_style__paragraph_style/base_to_neg.npy
linguistic_style,LINGUISTIC STYLE,linguistic_style__bullet_point_style__paragraph_style,bullet-point style vs paragraph style,bullet-point style,paragraph style,base_to_pos,35,2048,contrastive_hidden_states/data/steering_vectors/Qwen2.5-3B-Instruct/linguistic_style/linguistic_style__bullet_point_style__paragraph_style/base_to_pos.npy
linguistic_style,LINGUISTIC STYLE,linguistic_style__bullet_point_style__paragraph_style,bullet-point style vs paragraph style,bullet-point style,paragraph style,neg_to_pos,35,2048,contrastive_hidden_states/data/steering_vectors/Qwen2.5-3B-Instruct/linguistic_style/linguistic_style__bullet_point_style__paragraph_style/neg_to_pos.npy
linguistic_style,LINGUISTIC STYLE,linguistic_style__bullet_point_style__paragraph_style,bullet-point style vs paragraph style,bullet-point style,paragraph style,pos_to_neg,35,2048,contrastive_hidden_states/data/steering_vectors/Qwen2.5-3B-Instruct/linguistic_style/linguistic_style__bullet_point_style__paragraph_style/pos_to_neg.npy
linguistic_style,LINGUISTIC STYLE,linguistic_style__compact__expansive,compact vs expansive,compact,expansive,base_to_neg,35,2048,contrastive_hidden_states/data/steering_vectors/Qwen2.5-3B-Instruct/linguistic_style/linguistic_style__compact__expansive/base_to_neg.npy
linguistic_style,LINGUISTIC STYLE,linguistic_style__compact__expansive,compact vs expansive,compact,expansive,base_to_pos,35,2048,contrastive_hidden_states/data/steering_vectors/Qwen2.5-3B-Instruct/linguistic_style/linguistic_style__compact__expansive/base_to_pos.npy
linguistic_style,LINGUISTIC STYLE,linguistic_style__compact__expansive,compact vs expansive,compact,expansive,neg_to_pos,35,2048,contrastive_hidden_states/data/steering_vectors/Qwen2.5-3B-Instruct/linguistic_style/linguistic_style__compact__expansive/neg_to_pos.npy
linguistic_style,LINGUISTIC STYLE,linguistic_style__compact__expansive,compact vs expansive,compact,expansive,pos_to_neg,35,2048,contrastive_hidden_states/data/steering_vectors/Qwen2.5-3B-Instruct/linguistic_style/linguistic_style__compact__expansive/pos_to_neg.npy
linguistic_style,LINGUISTIC STYLE,linguistic_style__compressed_explanation__expanded_explanation,compressed explanation vs expanded explanation,compressed explanation,expanded explanation,base_to_neg,35,2048,contrastive_hidden_states/data/steering_vectors/Qwen2.5-3B-Instruct/linguistic_style/linguistic_style__compressed_explanation__expanded_explanation/base_to_neg.npy
linguistic_style,LINGUISTIC STYLE,linguistic_style__compressed_explanation__expanded_explanation,compressed explanation vs expanded explanation,compressed explanation,expanded explanation,base_to_pos,35,2048,contrastive_hidden_states/data/steering_vectors/Qwen2.5-3B-Instruct/linguistic_style/linguistic_style__compressed_explanation__expanded_explanation/base_to_pos.npy
linguistic_style,LINGUISTIC STYLE,linguistic_style__compressed_explanation__expanded_explanation,compressed explanation vs expanded explanation,compressed explanation,expanded explanation,neg_to_pos,35,2048,contrastive_hidden_states/data/steering_vectors/Qwen2.5-3B-Instruct/linguistic_style/linguistic_style__compressed_explanation__expanded_explanation/neg_to_pos.npy
linguistic_style,LINGUISTIC STYLE,linguistic_style__compressed_explanation__expanded_explanation,compressed explanation vs expanded explanation,compressed explanation,expanded explanation,pos_to_neg,35,2048,contrastive_hidden_states/data/steering_vectors/Qwen2.5-3B-Instruct/linguistic_style/linguistic_style__compressed_explanation__expanded_explanation/pos_to_neg.npy
linguistic_style,LINGUISTIC STYLE,linguistic_style__compressed_syntax__expanded_syntax,compressed syntax vs expanded syntax,compressed syntax,expanded syntax,base_to_neg,35,2048,contrastive_hidden_states/data/steering_vectors/Qwen2.5-3B-Instruct/linguistic_style/linguistic_style__compressed_syntax__expanded_syntax/base_to_neg.npy
linguistic_style,LINGUISTIC STYLE,linguistic_style__compressed_syntax__expanded_syntax,compressed syntax vs expanded syntax,compressed syntax,expanded syntax,base_to_pos,35,2048,contrastive_hidden_states/data/steering_vectors/Qwen2.5-3B-Instruct/linguistic_style/linguistic_style__compressed_syntax__expanded_syntax/base_to_pos.npy
linguistic_style,LINGUISTIC STYLE,linguistic_style__compressed_syntax__expanded_syntax,compressed syntax vs expanded syntax,compressed syntax,expanded syntax,neg_to_pos,35,2048,contrastive_hidden_states/data/steering_vectors/Qwen2.5-3B-Instruct/linguistic_style/linguistic_style__compressed_syntax__expanded_syntax/neg_to_pos.npy
linguistic_style,LINGUISTIC STYLE,linguistic_style__compressed_syntax__expanded_syntax,compressed syntax vs expanded syntax,compressed syntax,expanded syntax,pos_to_neg,35,2048,contrastive_hidden_states/data/steering_vectors/Qwen2.5-3B-Instruct/linguistic_style/linguistic_style__compressed_syntax__expanded_syntax/pos_to_neg.npy
linguistic_style,LINGUISTIC STYLE,linguistic_style__conceptual_explanation__illustrative_explanation,conceptual explanation vs illustrative explanation,conceptual explanation,illustrative explanation,base_to_neg,35,2048,contrastive_hidden_states/data/steering_vectors/Qwen2.5-3B-Instruct/linguistic_style/linguistic_style__conceptual_explanation__illustrative_explanation/base_to_neg.npy
linguistic_style,LINGUISTIC STYLE,linguistic_style__conceptual_explanation__illustrative_explanation,conceptual explanation vs illustrative explanation,conceptual explanation,illustrative explanation,base_to_pos,35,2048,contrastive_hidden_states/data/steering_vectors/Qwen2.5-3B-Instruct/linguistic_style/linguistic_style__conceptual_explanation__illustrative_explanation/base_to_pos.npy
linguistic_style,LINGUISTIC STYLE,linguistic_style__conceptual_explanation__illustrative_explanation,conceptual explanation vs illustrative explanation,conceptual explanation,illustrative explanation,neg_to_pos,35,2048,contrastive_hidden_states/data/steering_vectors/Qwen2.5-3B-Instruct/linguistic_style/linguistic_style__conceptual_explanation__illustrative_explanation/neg_to_pos.npy
linguistic_style,LINGUISTIC STYLE,linguistic_style__conceptual_explanation__illustrative_explanation,conceptual explanation vs illustrative explanation,conceptual explanation,illustrative explanation,pos_to_neg,35,2048,contrastive_hidden_states/data/steering_vectors/Qwen2.5-3B-Instruct/linguistic_style/linguistic_style__conceptual_explanation__illustrative_explanation/pos_to_neg.npy
linguistic_style,LINGUISTIC STYLE,linguistic_style__concise__verbose,concise vs verbose,concise,verbose,base_to_neg,35,2048,contrastive_hidden_states/data/steering_vectors/Qwen2.5-3B-Instruct/linguistic_style/linguistic_style__concise__verbose/base_to_neg.npy
linguistic_style,LINGUISTIC STYLE,linguistic_style__concise__verbose,concise vs verbose,concise,verbose,base_to_pos,35,2048,contrastive_hidden_states/data/steering_vectors/Qwen2.5-3B-Instruct/linguistic_style/linguistic_style__concise__verbose/base_to_pos.npy
linguistic_style,LINGUISTIC STYLE,linguistic_style__concise__verbose,concise vs verbose,concise,verbose,neg_to_pos,35,2048,contrastive_hidden_states/data/steering_vectors/Qwen2.5-3B-Instruct/linguistic_style/linguistic_style__concise__verbose/neg_to_pos.npy
linguistic_style,LINGUISTIC STYLE,linguistic_style__concise__verbose,concise vs verbose,concise,verbose,pos_to_neg,35,2048,contrastive_hidden_states/data/steering_vectors/Qwen2.5-3B-Instruct/linguistic_style/linguistic_style__concise__verbose/pos_to_neg.npy
linguistic_style,LINGUISTIC STYLE,linguistic_style__condensed_expression__extended_expression,condensed expression vs extended expression,condensed expression,extended expression,base_to_neg,35,2048,contrastive_hidden_states/data/steering_vectors/Qwen2.5-3B-Instruct/linguistic_style/linguistic_style__condensed_expression__extended_expression/base_to_neg.npy
linguistic_style,LINGUISTIC STYLE,linguistic_style__condensed_expression__extended_expression,condensed expression vs extended expression,condensed expression,extended expression,base_to_pos,35,2048,contrastive_hidden_states/data/steering_vectors/Qwen2.5-3B-Instruct/linguistic_style/linguistic_style__condensed_expression__extended_expression/base_to_pos.npy
linguistic_style,LINGUISTIC STYLE,linguistic_style__condensed_expression__extended_expression,condensed expression vs extended expression,condensed expression,extended expression,neg_to_pos,35,2048,contrastive_hidden_states/data/steering_vectors/Qwen2.5-3B-Instruct/linguistic_style/linguistic_style__condensed_expression__extended_expression/neg_to_pos.npy
linguistic_style,LINGUISTIC STYLE,linguistic_style__condensed_expression__extended_expression,condensed expression vs extended expression,condensed expression,extended expression,pos_to_neg,35,2048,contrastive_hidden_states/data/steering_vectors/Qwen2.5-3B-Instruct/linguistic_style/linguistic_style__condensed_expression__extended_expression/pos_to_neg.npy
linguistic_style,LINGUISTIC STYLE,linguistic_style__definition_first__example_first,definition-first vs example-first,definition-first,example-first,base_to_neg,35,2048,contrastive_hidden_states/data/steering_vectors/Qwen2.5-3B-Instruct/linguistic_style/linguistic_style__definition_first__example_first/base_to_neg.npy
linguistic_style,LINGUISTIC STYLE,linguistic_style__definition_first__example_first,definition-first vs example-first,definition-first,example-first,base_to_pos,35,2048,contrastive_hidden_states/data/steering_vectors/Qwen2.5-3B-Instruct/linguistic_style/linguistic_style__definition_first__example_first/base_to_pos.npy
linguistic_style,LINGUISTIC STYLE,linguistic_style__definition_first__example_first,definition-first vs example-first,definition-first,example-first,neg_to_pos,35,2048,contrastive_hidden_states/data/steering_vectors/Qwen2.5-3B-Instruct/linguistic_style/linguistic_style__definition_first__example_first/neg_to_pos.npy
linguistic_style,LINGUISTIC STYLE,linguistic_style__definition_first__example_first,definition-first vs example-first,definition-first,example-first,pos_to_neg,35,2048,contrastive_hidden_states/data/steering_vectors/Qwen2.5-3B-Instruct/linguistic_style/linguistic_style__definition_first__example_first/pos_to_neg.npy
linguistic_style,LINGUISTIC STYLE,linguistic_style__dense_information__sparse_information,dense information vs sparse information,dense information,sparse information,base_to_neg,35,2048,contrastive_hidden_states/data/steering_vectors/Qwen2.5-3B-Instruct/linguistic_style/linguistic_style__dense_information__sparse_information/base_to_neg.npy
linguistic_style,LINGUISTIC STYLE,linguistic_style__dense_information__sparse_information,dense information vs sparse information,dense information,sparse information,base_to_pos,35,2048,contrastive_hidden_states/data/steering_vectors/Qwen2.5-3B-Instruct/linguistic_style/linguistic_style__dense_information__sparse_information/base_to_pos.npy
linguistic_style,LINGUISTIC STYLE,linguistic_style__dense_information__sparse_information,dense information vs sparse information,dense information,sparse information,neg_to_pos,35,2048,contrastive_hidden_states/data/steering_vectors/Qwen2.5-3B-Instruct/linguistic_style/linguistic_style__dense_information__sparse_information/neg_to_pos.npy
linguistic_style,LINGUISTIC STYLE,linguistic_style__dense_information__sparse_information,dense information vs sparse information,dense information,sparse information,pos_to_neg,35,2048,contrastive_hidden_states/data/steering_vectors/Qwen2.5-3B-Instruct/linguistic_style/linguistic_style__dense_information__sparse_information/pos_to_neg.npy
linguistic_style,LINGUISTIC STYLE,linguistic_style__diagrammatic_description__narrative_description,diagrammatic description vs narrative description,diagrammatic description,narrative description,base_to_neg,35,2048,contrastive_hidden_states/data/steering_vectors/Qwen2.5-3B-Instruct/linguistic_style/linguistic_style__diagrammatic_description__narrative_description/base_to_neg.npy
linguistic_style,LINGUISTIC STYLE,linguistic_style__diagrammatic_description__narrative_description,diagrammatic description vs narrative description,diagrammatic description,narrative description,base_to_pos,35,2048,contrastive_hidden_states/data/steering_vectors/Qwen2.5-3B-Instruct/linguistic_style/linguistic_style__diagrammatic_description__narrative_description/base_to_pos.npy
linguistic_style,LINGUISTIC STYLE,linguistic_style__diagrammatic_description__narrative_description,diagrammatic description vs narrative description,diagrammatic description,narrative description,neg_to_pos,35,2048,contrastive_hidden_states/data/steering_vectors/Qwen2.5-3B-Instruct/linguistic_style/linguistic_style__diagrammatic_description__narrative_description/neg_to_pos.npy
linguistic_style,LINGUISTIC STYLE,linguistic_style__diagrammatic_description__narrative_description,diagrammatic description vs narrative description,diagrammatic description,narrative description,pos_to_neg,35,2048,contrastive_hidden_states/data/steering_vectors/Qwen2.5-3B-Instruct/linguistic_style/linguistic_style__diagrammatic_description__narrative_description/pos_to_neg.npy
linguistic_style,LINGUISTIC STYLE,linguistic_style__direct_phrasing__circumlocutory_phrasing,direct phrasing vs circumlocutory phrasing,direct phrasing,circumlocutory phrasing,base_to_neg,35,2048,contrastive_hidden_states/data/steering_vectors/Qwen2.5-3B-Instruct/linguistic_style/linguistic_style__direct_phrasing__circumlocutory_phrasing/base_to_neg.npy
linguistic_style,LINGUISTIC STYLE,linguistic_style__direct_phrasing__circumlocutory_phrasing,direct phrasing vs circumlocutory phrasing,direct phrasing,circumlocutory phrasing,base_to_pos,35,2048,contrastive_hidden_states/data/steering_vectors/Qwen2.5-3B-Instruct/linguistic_style/linguistic_style__direct_phrasing__circumlocutory_phrasing/base_to_pos.npy
linguistic_style,LINGUISTIC STYLE,linguistic_style__direct_phrasing__circumlocutory_phrasing,direct phrasing vs circumlocutory phrasing,direct phrasing,circumlocutory phrasing,neg_to_pos,35,2048,contrastive_hidden_states/data/steering_vectors/Qwen2.5-3B-Instruct/linguistic_style/linguistic_style__direct_phrasing__circumlocutory_phrasing/neg_to_pos.npy
linguistic_style,LINGUISTIC STYLE,linguistic_style__direct_phrasing__circumlocutory_phrasing,direct phrasing vs circumlocutory phrasing,direct phrasing,circumlocutory phrasing,pos_to_neg,35,2048,contrastive_hidden_states/data/steering_vectors/Qwen2.5-3B-Instruct/linguistic_style/linguistic_style__direct_phrasing__circumlocutory_phrasing/pos_to_neg.npy
linguistic_style,LINGUISTIC STYLE,linguistic_style__economical_wording__descriptive_wording,economical wording vs descriptive wording,economical wording,descriptive wording,base_to_neg,35,2048,contrastive_hidden_states/data/steering_vectors/Qwen2.5-3B-Instruct/linguistic_style/linguistic_style__economical_wording__descriptive_wording/base_to_neg.npy
linguistic_style,LINGUISTIC STYLE,linguistic_style__economical_wording__descriptive_wording,economical wording vs descriptive wording,economical wording,descriptive wording,base_to_pos,35,2048,contrastive_hidden_states/data/steering_vectors/Qwen2.5-3B-Instruct/linguistic_style/linguistic_style__economical_wording__descriptive_wording/base_to_pos.npy
linguistic_style,LINGUISTIC STYLE,linguistic_style__economical_wording__descriptive_wording,economical wording vs descriptive wording,economical wording,descriptive wording,neg_to_pos,35,2048,contrastive_hidden_states/data/steering_vectors/Qwen2.5-3B-Instruct/linguistic_style/linguistic_style__economical_wording__descriptive_wording/neg_to_pos.npy
linguistic_style,LINGUISTIC STYLE,linguistic_style__economical_wording__descriptive_wording,economical wording vs descriptive wording,economical wording,descriptive wording,pos_to_neg,35,2048,contrastive_hidden_states/data/steering_vectors/Qwen2.5-3B-Instruct/linguistic_style/linguistic_style__economical_wording__descriptive_wording/pos_to_neg.npy
linguistic_style,LINGUISTIC STYLE,linguistic_style__efficient_wording__redundant_wording,efficient wording vs redundant wording,efficient wording,redundant wording,base_to_neg,35,2048,contrastive_hidden_states/data/steering_vectors/Qwen2.5-3B-Instruct/linguistic_style/linguistic_style__efficient_wording__redundant_wording/base_to_neg.npy
linguistic_style,LINGUISTIC STYLE,linguistic_style__efficient_wording__redundant_wording,efficient wording vs redundant wording,efficient wording,redundant wording,base_to_pos,35,2048,contrastive_hidden_states/data/steering_vectors/Qwen2.5-3B-Instruct/linguistic_style/linguistic_style__efficient_wording__redundant_wording/base_to_pos.npy
linguistic_style,LINGUISTIC STYLE,linguistic_style__efficient_wording__redundant_wording,efficient wording vs redundant wording,efficient wording,redundant wording,neg_to_pos,35,2048,contrastive_hidden_states/data/steering_vectors/Qwen2.5-3B-Instruct/linguistic_style/linguistic_style__efficient_wording__redundant_wording/neg_to_pos.npy
linguistic_style,LINGUISTIC STYLE,linguistic_style__efficient_wording__redundant_wording,efficient wording vs redundant wording,efficient wording,redundant wording,pos_to_neg,35,2048,contrastive_hidden_states/data/steering_vectors/Qwen2.5-3B-Instruct/linguistic_style/linguistic_style__efficient_wording__redundant_wording/pos_to_neg.npy
linguistic_style,LINGUISTIC STYLE,linguistic_style__exact_wording__paraphrastic_wording,exact wording vs paraphrastic wording,exact wording,paraphrastic wording,base_to_neg,35,2048,contrastive_hidden_states/data/steering_vectors/Qwen2.5-3B-Instruct/linguistic_style/linguistic_style__exact_wording__paraphrastic_wording/base_to_neg.npy
linguistic_style,LINGUISTIC STYLE,linguistic_style__exact_wording__paraphrastic_wording,exact wording vs paraphrastic wording,exact wording,paraphrastic wording,base_to_pos,35,2048,contrastive_hidden_states/data/steering_vectors/Qwen2.5-3B-Instruct/linguistic_style/linguistic_style__exact_wording__paraphrastic_wording/base_to_pos.npy
linguistic_style,LINGUISTIC STYLE,linguistic_style__exact_wording__paraphrastic_wording,exact wording vs paraphrastic wording,exact wording,paraphrastic wording,neg_to_pos,35,2048,contrastive_hidden_states/data/steering_vectors/Qwen2.5-3B-Instruct/linguistic_style/linguistic_style__exact_wording__paraphrastic_wording/neg_to_pos.npy
linguistic_style,LINGUISTIC STYLE,linguistic_style__exact_wording__paraphrastic_wording,exact wording vs paraphrastic wording,exact wording,paraphrastic wording,pos_to_neg,35,2048,contrastive_hidden_states/data/steering_vectors/Qwen2.5-3B-Instruct/linguistic_style/linguistic_style__exact_wording__paraphrastic_wording/pos_to_neg.npy
linguistic_style,LINGUISTIC STYLE,linguistic_style__explicit_phrasing__implicit_phrasing,explicit phrasing vs implicit phrasing,explicit phrasing,implicit phrasing,base_to_neg,35,2048,contrastive_hidden_states/data/steering_vectors/Qwen2.5-3B-Instruct/linguistic_style/linguistic_style__explicit_phrasing__implicit_phrasing/base_to_neg.npy
linguistic_style,LINGUISTIC STYLE,linguistic_style__explicit_phrasing__implicit_phrasing,explicit phrasing vs implicit phrasing,explicit phrasing,implicit phrasing,base_to_pos,35,2048,contrastive_hidden_states/data/steering_vectors/Qwen2.5-3B-Instruct/linguistic_style/linguistic_style__explicit_phrasing__implicit_phrasing/base_to_pos.npy
linguistic_style,LINGUISTIC STYLE,linguistic_style__explicit_phrasing__implicit_phrasing,explicit phrasing vs implicit phrasing,explicit phrasing,implicit phrasing,neg_to_pos,35,2048,contrastive_hidden_states/data/steering_vectors/Qwen2.5-3B-Instruct/linguistic_style/linguistic_style__explicit_phrasing__implicit_phrasing/neg_to_pos.npy
linguistic_style,LINGUISTIC STYLE,linguistic_style__explicit_phrasing__implicit_phrasing,explicit phrasing vs implicit phrasing,explicit phrasing,implicit phrasing,pos_to_neg,35,2048,contrastive_hidden_states/data/steering_vectors/Qwen2.5-3B-Instruct/linguistic_style/linguistic_style__explicit_phrasing__implicit_phrasing/pos_to_neg.npy
linguistic_style,LINGUISTIC STYLE,linguistic_style__formal_register__informal_register,formal register vs informal register,formal register,informal register,base_to_neg,35,2048,contrastive_hidden_states/data/steering_vectors/Qwen2.5-3B-Instruct/linguistic_style/linguistic_style__formal_register__informal_register/base_to_neg.npy
linguistic_style,LINGUISTIC STYLE,linguistic_style__formal_register__informal_register,formal register vs informal register,formal register,informal register,base_to_pos,35,2048,contrastive_hidden_states/data/steering_vectors/Qwen2.5-3B-Instruct/linguistic_style/linguistic_style__formal_register__informal_register/base_to_pos.npy
linguistic_style,LINGUISTIC STYLE,linguistic_style__formal_register__informal_register,formal register vs informal register,formal register,informal register,neg_to_pos,35,2048,contrastive_hidden_states/data/steering_vectors/Qwen2.5-3B-Instruct/linguistic_style/linguistic_style__formal_register__informal_register/neg_to_pos.npy
linguistic_style,LINGUISTIC STYLE,linguistic_style__formal_register__informal_register,formal register vs informal register,formal register,informal register,pos_to_neg,35,2048,contrastive_hidden_states/data/steering_vectors/Qwen2.5-3B-Instruct/linguistic_style/linguistic_style__formal_register__informal_register/pos_to_neg.npy
linguistic_style,LINGUISTIC STYLE,linguistic_style__formulaic_structure__free_structure,formulaic structure vs free structure,formulaic structure,free structure,base_to_neg,35,2048,contrastive_hidden_states/data/steering_vectors/Qwen2.5-3B-Instruct/linguistic_style/linguistic_style__formulaic_structure__free_structure/base_to_neg.npy
linguistic_style,LINGUISTIC STYLE,linguistic_style__formulaic_structure__free_structure,formulaic structure vs free structure,formulaic structure,free structure,base_to_pos,35,2048,contrastive_hidden_states/data/steering_vectors/Qwen2.5-3B-Instruct/linguistic_style/linguistic_style__formulaic_structure__free_structure/base_to_pos.npy
linguistic_style,LINGUISTIC STYLE,linguistic_style__formulaic_structure__free_structure,formulaic structure vs free structure,formulaic structure,free structure,neg_to_pos,35,2048,contrastive_hidden_states/data/steering_vectors/Qwen2.5-3B-Instruct/linguistic_style/linguistic_style__formulaic_structure__free_structure/neg_to_pos.npy
linguistic_style,LINGUISTIC STYLE,linguistic_style__formulaic_structure__free_structure,formulaic structure vs free structure,formulaic structure,free structure,pos_to_neg,35,2048,contrastive_hidden_states/data/steering_vectors/Qwen2.5-3B-Instruct/linguistic_style/linguistic_style__formulaic_structure__free_structure/pos_to_neg.npy
linguistic_style,LINGUISTIC STYLE,linguistic_style__fully_specified__loosely_specified,fully specified vs loosely specified,fully specified,loosely specified,base_to_neg,35,2048,contrastive_hidden_states/data/steering_vectors/Qwen2.5-3B-Instruct/linguistic_style/linguistic_style__fully_specified__loosely_specified/base_to_neg.npy
linguistic_style,LINGUISTIC STYLE,linguistic_style__fully_specified__loosely_specified,fully specified vs loosely specified,fully specified,loosely specified,base_to_pos,35,2048,contrastive_hidden_states/data/steering_vectors/Qwen2.5-3B-Instruct/linguistic_style/linguistic_style__fully_specified__loosely_specified/base_to_pos.npy
linguistic_style,LINGUISTIC STYLE,linguistic_style__fully_specified__loosely_specified,fully specified vs loosely specified,fully specified,loosely specified,neg_to_pos,35,2048,contrastive_hidden_states/data/steering_vectors/Qwen2.5-3B-Instruct/linguistic_style/linguistic_style__fully_specified__loosely_specified/neg_to_pos.npy
linguistic_style,LINGUISTIC STYLE,linguistic_style__fully_specified__loosely_specified,fully specified vs loosely specified,fully specified,loosely specified,pos_to_neg,35,2048,contrastive_hidden_states/data/steering_vectors/Qwen2.5-3B-Instruct/linguistic_style/linguistic_style__fully_specified__loosely_specified/pos_to_neg.npy
linguistic_style,LINGUISTIC STYLE,linguistic_style__generalized_description__instance_based_description,generalized description vs instance-based description,generalized description,instance-based description,base_to_neg,35,2048,contrastive_hidden_states/data/steering_vectors/Qwen2.5-3B-Instruct/linguistic_style/linguistic_style__generalized_description__instance_based_description/base_to_neg.npy
linguistic_style,LINGUISTIC STYLE,linguistic_style__generalized_description__instance_based_description,generalized description vs instance-based description,generalized description,instance-based description,base_to_pos,35,2048,contrastive_hidden_states/data/steering_vectors/Qwen2.5-3B-Instruct/linguistic_style/linguistic_style__generalized_description__instance_based_description/base_to_pos.npy
linguistic_style,LINGUISTIC STYLE,linguistic_style__generalized_description__instance_based_description,generalized description vs instance-based description,generalized description,instance-based description,neg_to_pos,35,2048,contrastive_hidden_states/data/steering_vectors/Qwen2.5-3B-Instruct/linguistic_style/linguistic_style__generalized_description__instance_based_description/neg_to_pos.npy
linguistic_style,LINGUISTIC STYLE,linguistic_style__generalized_description__instance_based_description,generalized description vs instance-based description,generalized description,instance-based description,pos_to_neg,35,2048,contrastive_hidden_states/data/steering_vectors/Qwen2.5-3B-Instruct/linguistic_style/linguistic_style__generalized_description__instance_based_description/pos_to_neg.npy
linguistic_style,LINGUISTIC STYLE,linguistic_style__high_information_density__low_information_density,high information density vs low information density,high information density,low information density,base_to_neg,35,2048,contrastive_hidden_states/data/steering_vectors/Qwen2.5-3B-Instruct/linguistic_style/linguistic_style__high_information_density__low_information_density/base_to_neg.npy
linguistic_style,LINGUISTIC STYLE,linguistic_style__high_information_density__low_information_density,high information density vs low information density,high information density,low information density,base_to_pos,35,2048,contrastive_hidden_states/data/steering_vectors/Qwen2.5-3B-Instruct/linguistic_style/linguistic_style__high_information_density__low_information_density/base_to_pos.npy
linguistic_style,LINGUISTIC STYLE,linguistic_style__high_information_density__low_information_density,high information density vs low information density,high information density,low information density,neg_to_pos,35,2048,contrastive_hidden_states/data/steering_vectors/Qwen2.5-3B-Instruct/linguistic_style/linguistic_style__high_information_density__low_information_density/neg_to_pos.npy
linguistic_style,LINGUISTIC STYLE,linguistic_style__high_information_density__low_information_density,high information density vs low information density,high information density,low information density,pos_to_neg,35,2048,contrastive_hidden_states/data/steering_vectors/Qwen2.5-3B-Instruct/linguistic_style/linguistic_style__high_information_density__low_information_density/pos_to_neg.npy
linguistic_style,LINGUISTIC STYLE,linguistic_style__information_focused_wording__stylistic_wording,information-focused wording vs stylistic wording,information-focused wording,stylistic wording,base_to_neg,35,2048,contrastive_hidden_states/data/steering_vectors/Qwen2.5-3B-Instruct/linguistic_style/linguistic_style__information_focused_wording__stylistic_wording/base_to_neg.npy
linguistic_style,LINGUISTIC STYLE,linguistic_style__information_focused_wording__stylistic_wording,information-focused wording vs stylistic wording,information-focused wording,stylistic wording,base_to_pos,35,2048,contrastive_hidden_states/data/steering_vectors/Qwen2.5-3B-Instruct/linguistic_style/linguistic_style__information_focused_wording__stylistic_wording/base_to_pos.npy
linguistic_style,LINGUISTIC STYLE,linguistic_style__information_focused_wording__stylistic_wording,information-focused wording vs stylistic wording,information-focused wording,stylistic wording,neg_to_pos,35,2048,contrastive_hidden_states/data/steering_vectors/Qwen2.5-3B-Instruct/linguistic_style/linguistic_style__information_focused_wording__stylistic_wording/neg_to_pos.npy
linguistic_style,LINGUISTIC STYLE,linguistic_style__information_focused_wording__stylistic_wording,information-focused wording vs stylistic wording,information-focused wording,stylistic wording,pos_to_neg,35,2048,contrastive_hidden_states/data/steering_vectors/Qwen2.5-3B-Instruct/linguistic_style/linguistic_style__information_focused_wording__stylistic_wording/pos_to_neg.npy
linguistic_style,LINGUISTIC STYLE,linguistic_style__lean_prose__ornate_prose,lean prose vs ornate prose,lean prose,ornate prose,base_to_neg,35,2048,contrastive_hidden_states/data/steering_vectors/Qwen2.5-3B-Instruct/linguistic_style/linguistic_style__lean_prose__ornate_prose/base_to_neg.npy
linguistic_style,LINGUISTIC STYLE,linguistic_style__lean_prose__ornate_prose,lean prose vs ornate prose,lean prose,ornate prose,base_to_pos,35,2048,contrastive_hidden_states/data/steering_vectors/Qwen2.5-3B-Instruct/linguistic_style/linguistic_style__lean_prose__ornate_prose/base_to_pos.npy
linguistic_style,LINGUISTIC STYLE,linguistic_style__lean_prose__ornate_prose,lean prose vs ornate prose,lean prose,ornate prose,neg_to_pos,35,2048,contrastive_hidden_states/data/steering_vectors/Qwen2.5-3B-Instruct/linguistic_style/linguistic_style__lean_prose__ornate_prose/neg_to_pos.npy
linguistic_style,LINGUISTIC STYLE,linguistic_style__lean_prose__ornate_prose,lean prose vs ornate prose,lean prose,ornate prose,pos_to_neg,35,2048,contrastive_hidden_states/data/steering_vectors/Qwen2.5-3B-Instruct/linguistic_style/linguistic_style__lean_prose__ornate_prose/pos_to_neg.npy
linguistic_style,LINGUISTIC STYLE,linguistic_style__linear_explanation__digressive_explanation,linear explanation vs digressive explanation,linear explanation,digressive explanation,base_to_neg,35,2048,contrastive_hidden_states/data/steering_vectors/Qwen2.5-3B-Instruct/linguistic_style/linguistic_style__linear_explanation__digressive_explanation/base_to_neg.npy
linguistic_style,LINGUISTIC STYLE,linguistic_style__linear_explanation__digressive_explanation,linear explanation vs digressive explanation,linear explanation,digressive explanation,base_to_pos,35,2048,contrastive_hidden_states/data/steering_vectors/Qwen2.5-3B-Instruct/linguistic_style/linguistic_style__linear_explanation__digressive_explanation/base_to_pos.npy
linguistic_style,LINGUISTIC STYLE,linguistic_style__linear_explanation__digressive_explanation,linear explanation vs digressive explanation,linear explanation,digressive explanation,neg_to_pos,35,2048,contrastive_hidden_states/data/steering_vectors/Qwen2.5-3B-Instruct/linguistic_style/linguistic_style__linear_explanation__digressive_explanation/neg_to_pos.npy
linguistic_style,LINGUISTIC STYLE,linguistic_style__linear_explanation__digressive_explanation,linear explanation vs digressive explanation,linear explanation,digressive explanation,pos_to_neg,35,2048,contrastive_hidden_states/data/steering_vectors/Qwen2.5-3B-Instruct/linguistic_style/linguistic_style__linear_explanation__digressive_explanation/pos_to_neg.npy
linguistic_style,LINGUISTIC STYLE,linguistic_style__list_style__discursive_style,list-style vs discursive style,list-style,discursive style,base_to_neg,35,2048,contrastive_hidden_states/data/steering_vectors/Qwen2.5-3B-Instruct/linguistic_style/linguistic_style__list_style__discursive_style/base_to_neg.npy
linguistic_style,LINGUISTIC STYLE,linguistic_style__list_style__discursive_style,list-style vs discursive style,list-style,discursive style,base_to_pos,35,2048,contrastive_hidden_states/data/steering_vectors/Qwen2.5-3B-Instruct/linguistic_style/linguistic_style__list_style__discursive_style/base_to_pos.npy
linguistic_style,LINGUISTIC STYLE,linguistic_style__list_style__discursive_style,list-style vs discursive style,list-style,discursive style,neg_to_pos,35,2048,contrastive_hidden_states/data/steering_vectors/Qwen2.5-3B-Instruct/linguistic_style/linguistic_style__list_style__discursive_style/neg_to_pos.npy
linguistic_style,LINGUISTIC STYLE,linguistic_style__list_style__discursive_style,list-style vs discursive style,list-style,discursive style,pos_to_neg,35,2048,contrastive_hidden_states/data/steering_vectors/Qwen2.5-3B-Instruct/linguistic_style/linguistic_style__list_style__discursive_style/pos_to_neg.npy
linguistic_style,LINGUISTIC STYLE,linguistic_style__literal_phrasing__figurative_phrasing,literal phrasing vs figurative phrasing,literal phrasing,figurative phrasing,base_to_neg,35,2048,contrastive_hidden_states/data/steering_vectors/Qwen2.5-3B-Instruct/linguistic_style/linguistic_style__literal_phrasing__figurative_phrasing/base_to_neg.npy
linguistic_style,LINGUISTIC STYLE,linguistic_style__literal_phrasing__figurative_phrasing,literal phrasing vs figurative phrasing,literal phrasing,figurative phrasing,base_to_pos,35,2048,contrastive_hidden_states/data/steering_vectors/Qwen2.5-3B-Instruct/linguistic_style/linguistic_style__literal_phrasing__figurative_phrasing/base_to_pos.npy
linguistic_style,LINGUISTIC STYLE,linguistic_style__literal_phrasing__figurative_phrasing,literal phrasing vs figurative phrasing,literal phrasing,figurative phrasing,neg_to_pos,35,2048,contrastive_hidden_states/data/steering_vectors/Qwen2.5-3B-Instruct/linguistic_style/linguistic_style__literal_phrasing__figurative_phrasing/neg_to_pos.npy
linguistic_style,LINGUISTIC STYLE,linguistic_style__literal_phrasing__figurative_phrasing,literal phrasing vs figurative phrasing,literal phrasing,figurative phrasing,pos_to_neg,35,2048,contrastive_hidden_states/data/steering_vectors/Qwen2.5-3B-Instruct/linguistic_style/linguistic_style__literal_phrasing__figurative_phrasing/pos_to_neg.npy
linguistic_style,LINGUISTIC STYLE,linguistic_style__minimal__extensive,minimal vs extensive,minimal,extensive,base_to_neg,35,2048,contrastive_hidden_states/data/steering_vectors/Qwen2.5-3B-Instruct/linguistic_style/linguistic_style__minimal__extensive/base_to_neg.npy
linguistic_style,LINGUISTIC STYLE,linguistic_style__minimal__extensive,minimal vs extensive,minimal,extensive,base_to_pos,35,2048,contrastive_hidden_states/data/steering_vectors/Qwen2.5-3B-Instruct/linguistic_style/linguistic_style__minimal__extensive/base_to_pos.npy
linguistic_style,LINGUISTIC STYLE,linguistic_style__minimal__extensive,minimal vs extensive,minimal,extensive,neg_to_pos,35,2048,contrastive_hidden_states/data/steering_vectors/Qwen2.5-3B-Instruct/linguistic_style/linguistic_style__minimal__extensive/neg_to_pos.npy
linguistic_style,LINGUISTIC STYLE,linguistic_style__minimal__extensive,minimal vs extensive,minimal,extensive,pos_to_neg,35,2048,contrastive_hidden_states/data/steering_vectors/Qwen2.5-3B-Instruct/linguistic_style/linguistic_style__minimal__extensive/pos_to_neg.npy
linguistic_style,LINGUISTIC STYLE,linguistic_style__neutral_register__colloquial_register,neutral register vs colloquial register,neutral register,colloquial register,base_to_neg,35,2048,contrastive_hidden_states/data/steering_vectors/Qwen2.5-3B-Instruct/linguistic_style/linguistic_style__neutral_register__colloquial_register/base_to_neg.npy
linguistic_style,LINGUISTIC STYLE,linguistic_style__neutral_register__colloquial_register,neutral register vs colloquial register,neutral register,colloquial register,base_to_pos,35,2048,contrastive_hidden_states/data/steering_vectors/Qwen2.5-3B-Instruct/linguistic_style/linguistic_style__neutral_register__colloquial_register/base_to_pos.npy
linguistic_style,LINGUISTIC STYLE,linguistic_style__neutral_register__colloquial_register,neutral register vs colloquial register,neutral register,colloquial register,neg_to_pos,35,2048,contrastive_hidden_states/data/steering_vectors/Qwen2.5-3B-Instruct/linguistic_style/linguistic_style__neutral_register__colloquial_register/neg_to_pos.npy
linguistic_style,LINGUISTIC STYLE,linguistic_style__neutral_register__colloquial_register,neutral register vs colloquial register,neutral register,colloquial register,pos_to_neg,35,2048,contrastive_hidden_states/data/steering_vectors/Qwen2.5-3B-Instruct/linguistic_style/linguistic_style__neutral_register__colloquial_register/pos_to_neg.npy
linguistic_style,LINGUISTIC STYLE,linguistic_style__outline_style__narrative_style,outline-style vs narrative-style,outline-style,narrative-style,base_to_neg,35,2048,contrastive_hidden_states/data/steering_vectors/Qwen2.5-3B-Instruct/linguistic_style/linguistic_style__outline_style__narrative_style/base_to_neg.npy
linguistic_style,LINGUISTIC STYLE,linguistic_style__outline_style__narrative_style,outline-style vs narrative-style,outline-style,narrative-style,base_to_pos,35,2048,contrastive_hidden_states/data/steering_vectors/Qwen2.5-3B-Instruct/linguistic_style/linguistic_style__outline_style__narrative_style/base_to_pos.npy
linguistic_style,LINGUISTIC STYLE,linguistic_style__outline_style__narrative_style,outline-style vs narrative-style,outline-style,narrative-style,neg_to_pos,35,2048,contrastive_hidden_states/data/steering_vectors/Qwen2.5-3B-Instruct/linguistic_style/linguistic_style__outline_style__narrative_style/neg_to_pos.npy
linguistic_style,LINGUISTIC STYLE,linguistic_style__outline_style__narrative_style,outline-style vs narrative-style,outline-style,narrative-style,pos_to_neg,35,2048,contrastive_hidden_states/data/steering_vectors/Qwen2.5-3B-Instruct/linguistic_style/linguistic_style__outline_style__narrative_style/pos_to_neg.npy
linguistic_style,LINGUISTIC STYLE,linguistic_style__plain_language__technical_language,plain language vs technical language,plain language,technical language,base_to_neg,35,2048,contrastive_hidden_states/data/steering_vectors/Qwen2.5-3B-Instruct/linguistic_style/linguistic_style__plain_language__technical_language/base_to_neg.npy
linguistic_style,LINGUISTIC STYLE,linguistic_style__plain_language__technical_language,plain language vs technical language,plain language,technical language,base_to_pos,35,2048,contrastive_hidden_states/data/steering_vectors/Qwen2.5-3B-Instruct/linguistic_style/linguistic_style__plain_language__technical_language/base_to_pos.npy
linguistic_style,LINGUISTIC STYLE,linguistic_style__plain_language__technical_language,plain language vs technical language,plain language,technical language,neg_to_pos,35,2048,contrastive_hidden_states/data/steering_vectors/Qwen2.5-3B-Instruct/linguistic_style/linguistic_style__plain_language__technical_language/neg_to_pos.npy
linguistic_style,LINGUISTIC STYLE,linguistic_style__plain_language__technical_language,plain language vs technical language,plain language,technical language,pos_to_neg,35,2048,contrastive_hidden_states/data/steering_vectors/Qwen2.5-3B-Instruct/linguistic_style/linguistic_style__plain_language__technical_language/pos_to_neg.npy
linguistic_style,LINGUISTIC STYLE,linguistic_style__precise_wording__approximate_wording,precise wording vs approximate wording,precise wording,approximate wording,base_to_neg,35,2048,contrastive_hidden_states/data/steering_vectors/Qwen2.5-3B-Instruct/linguistic_style/linguistic_style__precise_wording__approximate_wording/base_to_neg.npy
linguistic_style,LINGUISTIC STYLE,linguistic_style__precise_wording__approximate_wording,precise wording vs approximate wording,precise wording,approximate wording,base_to_pos,35,2048,contrastive_hidden_states/data/steering_vectors/Qwen2.5-3B-Instruct/linguistic_style/linguistic_style__precise_wording__approximate_wording/base_to_pos.npy
linguistic_style,LINGUISTIC STYLE,linguistic_style__precise_wording__approximate_wording,precise wording vs approximate wording,precise wording,approximate wording,neg_to_pos,35,2048,contrastive_hidden_states/data/steering_vectors/Qwen2.5-3B-Instruct/linguistic_style/linguistic_style__precise_wording__approximate_wording/neg_to_pos.npy
linguistic_style,LINGUISTIC STYLE,linguistic_style__precise_wording__approximate_wording,precise wording vs approximate wording,precise wording,approximate wording,pos_to_neg,35,2048,contrastive_hidden_states/data/steering_vectors/Qwen2.5-3B-Instruct/linguistic_style/linguistic_style__precise_wording__approximate_wording/pos_to_neg.npy
linguistic_style,LINGUISTIC STYLE,linguistic_style__professional_register__conversational_register,professional register vs conversational register,professional register,conversational register,base_to_neg,35,2048,contrastive_hidden_states/data/steering_vectors/Qwen2.5-3B-Instruct/linguistic_style/linguistic_style__professional_register__conversational_register/base_to_neg.npy
linguistic_style,LINGUISTIC STYLE,linguistic_style__professional_register__conversational_register,professional register vs conversational register,professional register,conversational register,base_to_pos,35,2048,contrastive_hidden_states/data/steering_vectors/Qwen2.5-3B-Instruct/linguistic_style/linguistic_style__professional_register__conversational_register/base_to_pos.npy
linguistic_style,LINGUISTIC STYLE,linguistic_style__professional_register__conversational_register,professional register vs conversational register,professional register,conversational register,neg_to_pos,35,2048,contrastive_hidden_states/data/steering_vectors/Qwen2.5-3B-Instruct/linguistic_style/linguistic_style__professional_register__conversational_register/neg_to_pos.npy
linguistic_style,LINGUISTIC STYLE,linguistic_style__professional_register__conversational_register,professional register vs conversational register,professional register,conversational register,pos_to_neg,35,2048,contrastive_hidden_states/data/steering_vectors/Qwen2.5-3B-Instruct/linguistic_style/linguistic_style__professional_register__conversational_register/pos_to_neg.npy
linguistic_style,LINGUISTIC STYLE,linguistic_style__short_form__long_form,short-form vs long-form,short-form,long-form,base_to_neg,35,2048,contrastive_hidden_states/data/steering_vectors/Qwen2.5-3B-Instruct/linguistic_style/linguistic_style__short_form__long_form/base_to_neg.npy
linguistic_style,LINGUISTIC STYLE,linguistic_style__short_form__long_form,short-form vs long-form,short-form,long-form,base_to_pos,35,2048,contrastive_hidden_states/data/steering_vectors/Qwen2.5-3B-Instruct/linguistic_style/linguistic_style__short_form__long_form/base_to_pos.npy
linguistic_style,LINGUISTIC STYLE,linguistic_style__short_form__long_form,short-form vs long-form,short-form,long-form,neg_to_pos,35,2048,contrastive_hidden_states/data/steering_vectors/Qwen2.5-3B-Instruct/linguistic_style/linguistic_style__short_form__long_form/neg_to_pos.npy
linguistic_style,LINGUISTIC STYLE,linguistic_style__short_form__long_form,short-form vs long-form,short-form,long-form,pos_to_neg,35,2048,contrastive_hidden_states/data/steering_vectors/Qwen2.5-3B-Instruct/linguistic_style/linguistic_style__short_form__long_form/pos_to_neg.npy
linguistic_style,LINGUISTIC STYLE,linguistic_style__simple_wording__sophisticated_wording,simple wording vs sophisticated wording,simple wording,sophisticated wording,base_to_neg,35,2048,contrastive_hidden_states/data/steering_vectors/Qwen2.5-3B-Instruct/linguistic_style/linguistic_style__simple_wording__sophisticated_wording/base_to_neg.npy
linguistic_style,LINGUISTIC STYLE,linguistic_style__simple_wording__sophisticated_wording,simple wording vs sophisticated wording,simple wording,sophisticated wording,base_to_pos,35,2048,contrastive_hidden_states/data/steering_vectors/Qwen2.5-3B-Instruct/linguistic_style/linguistic_style__simple_wording__sophisticated_wording/base_to_pos.npy
linguistic_style,LINGUISTIC STYLE,linguistic_style__simple_wording__sophisticated_wording,simple wording vs sophisticated wording,simple wording,sophisticated wording,neg_to_pos,35,2048,contrastive_hidden_states/data/steering_vectors/Qwen2.5-3B-Instruct/linguistic_style/linguistic_style__simple_wording__sophisticated_wording/neg_to_pos.npy
linguistic_style,LINGUISTIC STYLE,linguistic_style__simple_wording__sophisticated_wording,simple wording vs sophisticated wording,simple wording,sophisticated wording,pos_to_neg,35,2048,contrastive_hidden_states/data/steering_vectors/Qwen2.5-3B-Instruct/linguistic_style/linguistic_style__simple_wording__sophisticated_wording/pos_to_neg.npy
linguistic_style,LINGUISTIC STYLE,linguistic_style__specific_wording__general_wording,specific wording vs general wording,specific wording,general wording,base_to_neg,35,2048,contrastive_hidden_states/data/steering_vectors/Qwen2.5-3B-Instruct/linguistic_style/linguistic_style__specific_wording__general_wording/base_to_neg.npy
linguistic_style,LINGUISTIC STYLE,linguistic_style__specific_wording__general_wording,specific wording vs general wording,specific wording,general wording,base_to_pos,35,2048,contrastive_hidden_states/data/steering_vectors/Qwen2.5-3B-Instruct/linguistic_style/linguistic_style__specific_wording__general_wording/base_to_pos.npy
linguistic_style,LINGUISTIC STYLE,linguistic_style__specific_wording__general_wording,specific wording vs general wording,specific wording,general wording,neg_to_pos,35,2048,contrastive_hidden_states/data/steering_vectors/Qwen2.5-3B-Instruct/linguistic_style/linguistic_style__specific_wording__general_wording/neg_to_pos.npy
linguistic_style,LINGUISTIC STYLE,linguistic_style__specific_wording__general_wording,specific wording vs general wording,specific wording,general wording,pos_to_neg,35,2048,contrastive_hidden_states/data/steering_vectors/Qwen2.5-3B-Instruct/linguistic_style/linguistic_style__specific_wording__general_wording/pos_to_neg.npy
linguistic_style,LINGUISTIC STYLE,linguistic_style__step_by_step__holistic_description,step-by-step vs holistic description,step-by-step,holistic description,base_to_neg,35,2048,contrastive_hidden_states/data/steering_vectors/Qwen2.5-3B-Instruct/linguistic_style/linguistic_style__step_by_step__holistic_description/base_to_neg.npy
linguistic_style,LINGUISTIC STYLE,linguistic_style__step_by_step__holistic_description,step-by-step vs holistic description,step-by-step,holistic description,base_to_pos,35,2048,contrastive_hidden_states/data/steering_vectors/Qwen2.5-3B-Instruct/linguistic_style/linguistic_style__step_by_step__holistic_description/base_to_pos.npy
linguistic_style,LINGUISTIC STYLE,linguistic_style__step_by_step__holistic_description,step-by-step vs holistic description,step-by-step,holistic description,neg_to_pos,35,2048,contrastive_hidden_states/data/steering_vectors/Qwen2.5-3B-Instruct/linguistic_style/linguistic_style__step_by_step__holistic_description/neg_to_pos.npy
linguistic_style,LINGUISTIC STYLE,linguistic_style__step_by_step__holistic_description,step-by-step vs holistic description,step-by-step,holistic description,pos_to_neg,35,2048,contrastive_hidden_states/data/steering_vectors/Qwen2.5-3B-Instruct/linguistic_style/linguistic_style__step_by_step__holistic_description/pos_to_neg.npy
linguistic_style,LINGUISTIC STYLE,linguistic_style__straightforward_style__rhetorical_style,straightforward style vs rhetorical style,straightforward style,rhetorical style,base_to_neg,35,2048,contrastive_hidden_states/data/steering_vectors/Qwen2.5-3B-Instruct/linguistic_style/linguistic_style__straightforward_style__rhetorical_style/base_to_neg.npy
linguistic_style,LINGUISTIC STYLE,linguistic_style__straightforward_style__rhetorical_style,straightforward style vs rhetorical style,straightforward style,rhetorical style,base_to_pos,35,2048,contrastive_hidden_states/data/steering_vectors/Qwen2.5-3B-Instruct/linguistic_style/linguistic_style__straightforward_style__rhetorical_style/base_to_pos.npy
linguistic_style,LINGUISTIC STYLE,linguistic_style__straightforward_style__rhetorical_style,straightforward style vs rhetorical style,straightforward style,rhetorical style,neg_to_pos,35,2048,contrastive_hidden_states/data/steering_vectors/Qwen2.5-3B-Instruct/linguistic_style/linguistic_style__straightforward_style__rhetorical_style/neg_to_pos.npy
linguistic_style,LINGUISTIC STYLE,linguistic_style__straightforward_style__rhetorical_style,straightforward style vs rhetorical style,straightforward style,rhetorical style,pos_to_neg,35,2048,contrastive_hidden_states/data/steering_vectors/Qwen2.5-3B-Instruct/linguistic_style/linguistic_style__straightforward_style__rhetorical_style/pos_to_neg.npy
linguistic_style,LINGUISTIC STYLE,linguistic_style__structured__free_flowing,structured vs free-flowing,structured,free-flowing,base_to_neg,35,2048,contrastive_hidden_states/data/steering_vectors/Qwen2.5-3B-Instruct/linguistic_style/linguistic_style__structured__free_flowing/base_to_neg.npy
linguistic_style,LINGUISTIC STYLE,linguistic_style__structured__free_flowing,structured vs free-flowing,structured,free-flowing,base_to_pos,35,2048,contrastive_hidden_states/data/steering_vectors/Qwen2.5-3B-Instruct/linguistic_style/linguistic_style__structured__free_flowing/base_to_pos.npy
linguistic_style,LINGUISTIC STYLE,linguistic_style__structured__free_flowing,structured vs free-flowing,structured,free-flowing,neg_to_pos,35,2048,contrastive_hidden_states/data/steering_vectors/Qwen2.5-3B-Instruct/linguistic_style/linguistic_style__structured__free_flowing/neg_to_pos.npy
linguistic_style,LINGUISTIC STYLE,linguistic_style__structured__free_flowing,structured vs free-flowing,structured,free-flowing,pos_to_neg,35,2048,contrastive_hidden_states/data/steering_vectors/Qwen2.5-3B-Instruct/linguistic_style/linguistic_style__structured__free_flowing/pos_to_neg.npy
linguistic_style,LINGUISTIC STYLE,linguistic_style__succinct__detailed,succinct vs detailed,succinct,detailed,base_to_neg,35,2048,contrastive_hidden_states/data/steering_vectors/Qwen2.5-3B-Instruct/linguistic_style/linguistic_style__succinct__detailed/base_to_neg.npy
linguistic_style,LINGUISTIC STYLE,linguistic_style__succinct__detailed,succinct vs detailed,succinct,detailed,base_to_pos,35,2048,contrastive_hidden_states/data/steering_vectors/Qwen2.5-3B-Instruct/linguistic_style/linguistic_style__succinct__detailed/base_to_pos.npy
linguistic_style,LINGUISTIC STYLE,linguistic_style__succinct__detailed,succinct vs detailed,succinct,detailed,neg_to_pos,35,2048,contrastive_hidden_states/data/steering_vectors/Qwen2.5-3B-Instruct/linguistic_style/linguistic_style__succinct__detailed/neg_to_pos.npy
linguistic_style,LINGUISTIC STYLE,linguistic_style__succinct__detailed,succinct vs detailed,succinct,detailed,pos_to_neg,35,2048,contrastive_hidden_states/data/steering_vectors/Qwen2.5-3B-Instruct/linguistic_style/linguistic_style__succinct__detailed/pos_to_neg.npy
linguistic_style,LINGUISTIC STYLE,linguistic_style__summary_style__full_exposition,summary-style vs full-exposition,summary-style,full-exposition,base_to_neg,35,2048,contrastive_hidden_states/data/steering_vectors/Qwen2.5-3B-Instruct/linguistic_style/linguistic_style__summary_style__full_exposition/base_to_neg.npy
linguistic_style,LINGUISTIC STYLE,linguistic_style__summary_style__full_exposition,summary-style vs full-exposition,summary-style,full-exposition,base_to_pos,35,2048,contrastive_hidden_states/data/steering_vectors/Qwen2.5-3B-Instruct/linguistic_style/linguistic_style__summary_style__full_exposition/base_to_pos.npy
linguistic_style,LINGUISTIC STYLE,linguistic_style__summary_style__full_exposition,summary-style vs full-exposition,summary-style,full-exposition,neg_to_pos,35,2048,contrastive_hidden_states/data/steering_vectors/Qwen2.5-3B-Instruct/linguistic_style/linguistic_style__summary_style__full_exposition/neg_to_pos.npy
linguistic_style,LINGUISTIC STYLE,linguistic_style__summary_style__full_exposition,summary-style vs full-exposition,summary-style,full-exposition,pos_to_neg,35,2048,contrastive_hidden_states/data/steering_vectors/Qwen2.5-3B-Instruct/linguistic_style/linguistic_style__summary_style__full_exposition/pos_to_neg.npy
linguistic_style,LINGUISTIC STYLE,linguistic_style__systematic_layout__impressionistic_layout,systematic layout vs impressionistic layout,systematic layout,impressionistic layout,base_to_neg,35,2048,contrastive_hidden_states/data/steering_vectors/Qwen2.5-3B-Instruct/linguistic_style/linguistic_style__systematic_layout__impressionistic_layout/base_to_neg.npy
linguistic_style,LINGUISTIC STYLE,linguistic_style__systematic_layout__impressionistic_layout,systematic layout vs impressionistic layout,systematic layout,impressionistic layout,base_to_pos,35,2048,contrastive_hidden_states/data/steering_vectors/Qwen2.5-3B-Instruct/linguistic_style/linguistic_style__systematic_layout__impressionistic_layout/base_to_pos.npy
linguistic_style,LINGUISTIC STYLE,linguistic_style__systematic_layout__impressionistic_layout,systematic layout vs impressionistic layout,systematic layout,impressionistic layout,neg_to_pos,35,2048,contrastive_hidden_states/data/steering_vectors/Qwen2.5-3B-Instruct/linguistic_style/linguistic_style__systematic_layout__impressionistic_layout/neg_to_pos.npy
linguistic_style,LINGUISTIC STYLE,linguistic_style__systematic_layout__impressionistic_layout,systematic layout vs impressionistic layout,systematic layout,impressionistic layout,pos_to_neg,35,2048,contrastive_hidden_states/data/steering_vectors/Qwen2.5-3B-Instruct/linguistic_style/linguistic_style__systematic_layout__impressionistic_layout/pos_to_neg.npy
linguistic_style,LINGUISTIC STYLE,linguistic_style__taxonomy_style__story_style,taxonomy-style vs story-style,taxonomy-style,story-style,base_to_neg,35,2048,contrastive_hidden_states/data/steering_vectors/Qwen2.5-3B-Instruct/linguistic_style/linguistic_style__taxonomy_style__story_style/base_to_neg.npy
linguistic_style,LINGUISTIC STYLE,linguistic_style__taxonomy_style__story_style,taxonomy-style vs story-style,taxonomy-style,story-style,base_to_pos,35,2048,contrastive_hidden_states/data/steering_vectors/Qwen2.5-3B-Instruct/linguistic_style/linguistic_style__taxonomy_style__story_style/base_to_pos.npy
linguistic_style,LINGUISTIC STYLE,linguistic_style__taxonomy_style__story_style,taxonomy-style vs story-style,taxonomy-style,story-style,neg_to_pos,35,2048,contrastive_hidden_states/data/steering_vectors/Qwen2.5-3B-Instruct/linguistic_style/linguistic_style__taxonomy_style__story_style/neg_to_pos.npy
linguistic_style,LINGUISTIC STYLE,linguistic_style__taxonomy_style__story_style,taxonomy-style vs story-style,taxonomy-style,story-style,pos_to_neg,35,2048,contrastive_hidden_states/data/steering_vectors/Qwen2.5-3B-Instruct/linguistic_style/linguistic_style__taxonomy_style__story_style/pos_to_neg.npy
linguistic_style,LINGUISTIC STYLE,linguistic_style__technical_register__lay_register,technical register vs lay register,technical register,lay register,base_to_neg,35,2048,contrastive_hidden_states/data/steering_vectors/Qwen2.5-3B-Instruct/linguistic_style/linguistic_style__technical_register__lay_register/base_to_neg.npy
linguistic_style,LINGUISTIC STYLE,linguistic_style__technical_register__lay_register,technical register vs lay register,technical register,lay register,base_to_pos,35,2048,contrastive_hidden_states/data/steering_vectors/Qwen2.5-3B-Instruct/linguistic_style/linguistic_style__technical_register__lay_register/base_to_pos.npy
linguistic_style,LINGUISTIC STYLE,linguistic_style__technical_register__lay_register,technical register vs lay register,technical register,lay register,neg_to_pos,35,2048,contrastive_hidden_states/data/steering_vectors/Qwen2.5-3B-Instruct/linguistic_style/linguistic_style__technical_register__lay_register/neg_to_pos.npy
linguistic_style,LINGUISTIC STYLE,linguistic_style__technical_register__lay_register,technical register vs lay register,technical register,lay register,pos_to_neg,35,2048,contrastive_hidden_states/data/steering_vectors/Qwen2.5-3B-Instruct/linguistic_style/linguistic_style__technical_register__lay_register/pos_to_neg.npy
linguistic_style,LINGUISTIC STYLE,linguistic_style__terminology_heavy__terminology_light,terminology-heavy vs terminology-light,terminology-heavy,terminology-light,base_to_neg,35,2048,contrastive_hidden_states/data/steering_vectors/Qwen2.5-3B-Instruct/linguistic_style/linguistic_style__terminology_heavy__terminology_light/base_to_neg.npy
linguistic_style,LINGUISTIC STYLE,linguistic_style__terminology_heavy__terminology_light,terminology-heavy vs terminology-light,terminology-heavy,terminology-light,base_to_pos,35,2048,contrastive_hidden_states/data/steering_vectors/Qwen2.5-3B-Instruct/linguistic_style/linguistic_style__terminology_heavy__terminology_light/base_to_pos.npy
linguistic_style,LINGUISTIC STYLE,linguistic_style__terminology_heavy__terminology_light,terminology-heavy vs terminology-light,terminology-heavy,terminology-light,neg_to_pos,35,2048,contrastive_hidden_states/data/steering_vectors/Qwen2.5-3B-Instruct/linguistic_style/linguistic_style__terminology_heavy__terminology_light/neg_to_pos.npy
linguistic_style,LINGUISTIC STYLE,linguistic_style__terminology_heavy__terminology_light,terminology-heavy vs terminology-light,terminology-heavy,terminology-light,pos_to_neg,35,2048,contrastive_hidden_states/data/steering_vectors/Qwen2.5-3B-Instruct/linguistic_style/linguistic_style__terminology_heavy__terminology_light/pos_to_neg.npy
linguistic_style,LINGUISTIC STYLE,linguistic_style__tight_structure__loose_structure,tight structure vs loose structure,tight structure,loose structure,base_to_neg,35,2048,contrastive_hidden_states/data/steering_vectors/Qwen2.5-3B-Instruct/linguistic_style/linguistic_style__tight_structure__loose_structure/base_to_neg.npy
linguistic_style,LINGUISTIC STYLE,linguistic_style__tight_structure__loose_structure,tight structure vs loose structure,tight structure,loose structure,base_to_pos,35,2048,contrastive_hidden_states/data/steering_vectors/Qwen2.5-3B-Instruct/linguistic_style/linguistic_style__tight_structure__loose_structure/base_to_pos.npy
linguistic_style,LINGUISTIC STYLE,linguistic_style__tight_structure__loose_structure,tight structure vs loose structure,tight structure,loose structure,neg_to_pos,35,2048,contrastive_hidden_states/data/steering_vectors/Qwen2.5-3B-Instruct/linguistic_style/linguistic_style__tight_structure__loose_structure/neg_to_pos.npy
linguistic_style,LINGUISTIC STYLE,linguistic_style__tight_structure__loose_structure,tight structure vs loose structure,tight structure,loose structure,pos_to_neg,35,2048,contrastive_hidden_states/data/steering_vectors/Qwen2.5-3B-Instruct/linguistic_style/linguistic_style__tight_structure__loose_structure/pos_to_neg.npy
linguistic_style,LINGUISTIC STYLE,linguistic_style__well_organized__loosely_organized,well-organized vs loosely organized,well-organized,loosely organized,base_to_neg,35,2048,contrastive_hidden_states/data/steering_vectors/Qwen2.5-3B-Instruct/linguistic_style/linguistic_style__well_organized__loosely_organized/base_to_neg.npy
linguistic_style,LINGUISTIC STYLE,linguistic_style__well_organized__loosely_organized,well-organized vs loosely organized,well-organized,loosely organized,base_to_pos,35,2048,contrastive_hidden_states/data/steering_vectors/Qwen2.5-3B-Instruct/linguistic_style/linguistic_style__well_organized__loosely_organized/base_to_pos.npy
linguistic_style,LINGUISTIC STYLE,linguistic_style__well_organized__loosely_organized,well-organized vs loosely organized,well-organized,loosely organized,neg_to_pos,35,2048,contrastive_hidden_states/data/steering_vectors/Qwen2.5-3B-Instruct/linguistic_style/linguistic_style__well_organized__loosely_organized/neg_to_pos.npy
linguistic_style,LINGUISTIC STYLE,linguistic_style__well_organized__loosely_organized,well-organized vs loosely organized,well-organized,loosely organized,pos_to_neg,35,2048,contrastive_hidden_states/data/steering_vectors/Qwen2.5-3B-Instruct/linguistic_style/linguistic_style__well_organized__loosely_organized/pos_to_neg.npy
semantic_framing,SEMANTIC FRAMING,semantic_framing__analytic_perspective__experiential_perspective,analytic perspective vs experiential perspective,analytic perspective,experiential perspective,base_to_neg,35,2048,contrastive_hidden_states/data/steering_vectors/Qwen2.5-3B-Instruct/semantic_framing/semantic_framing__analytic_perspective__experiential_perspective/base_to_neg.npy
semantic_framing,SEMANTIC FRAMING,semantic_framing__analytic_perspective__experiential_perspective,analytic perspective vs experiential perspective,analytic perspective,experiential perspective,base_to_pos,35,2048,contrastive_hidden_states/data/steering_vectors/Qwen2.5-3B-Instruct/semantic_framing/semantic_framing__analytic_perspective__experiential_perspective/base_to_pos.npy
semantic_framing,SEMANTIC FRAMING,semantic_framing__analytic_perspective__experiential_perspective,analytic perspective vs experiential perspective,analytic perspective,experiential perspective,neg_to_pos,35,2048,contrastive_hidden_states/data/steering_vectors/Qwen2.5-3B-Instruct/semantic_framing/semantic_framing__analytic_perspective__experiential_perspective/neg_to_pos.npy
semantic_framing,SEMANTIC FRAMING,semantic_framing__analytic_perspective__experiential_perspective,analytic perspective vs experiential perspective,analytic perspective,experiential perspective,pos_to_neg,35,2048,contrastive_hidden_states/data/steering_vectors/Qwen2.5-3B-Instruct/semantic_framing/semantic_framing__analytic_perspective__experiential_perspective/pos_to_neg.npy
semantic_framing,SEMANTIC FRAMING,semantic_framing__behavioral_perspective__structural_perspective,behavioral perspective vs structural perspective,behavioral perspective,structural perspective,base_to_neg,35,2048,contrastive_hidden_states/data/steering_vectors/Qwen2.5-3B-Instruct/semantic_framing/semantic_framing__behavioral_perspective__structural_perspective/base_to_neg.npy
semantic_framing,SEMANTIC FRAMING,semantic_framing__behavioral_perspective__structural_perspective,behavioral perspective vs structural perspective,behavioral perspective,structural perspective,base_to_pos,35,2048,contrastive_hidden_states/data/steering_vectors/Qwen2.5-3B-Instruct/semantic_framing/semantic_framing__behavioral_perspective__structural_perspective/base_to_pos.npy
semantic_framing,SEMANTIC FRAMING,semantic_framing__behavioral_perspective__structural_perspective,behavioral perspective vs structural perspective,behavioral perspective,structural perspective,neg_to_pos,35,2048,contrastive_hidden_states/data/steering_vectors/Qwen2.5-3B-Instruct/semantic_framing/semantic_framing__behavioral_perspective__structural_perspective/neg_to_pos.npy
semantic_framing,SEMANTIC FRAMING,semantic_framing__behavioral_perspective__structural_perspective,behavioral perspective vs structural perspective,behavioral perspective,structural perspective,pos_to_neg,35,2048,contrastive_hidden_states/data/steering_vectors/Qwen2.5-3B-Instruct/semantic_framing/semantic_framing__behavioral_perspective__structural_perspective/pos_to_neg.npy
semantic_framing,SEMANTIC FRAMING,semantic_framing__capability_perspective__limitation_perspective,capability perspective vs limitation perspective,capability perspective,limitation perspective,base_to_neg,35,2048,contrastive_hidden_states/data/steering_vectors/Qwen2.5-3B-Instruct/semantic_framing/semantic_framing__capability_perspective__limitation_perspective/base_to_neg.npy
semantic_framing,SEMANTIC FRAMING,semantic_framing__capability_perspective__limitation_perspective,capability perspective vs limitation perspective,capability perspective,limitation perspective,base_to_pos,35,2048,contrastive_hidden_states/data/steering_vectors/Qwen2.5-3B-Instruct/semantic_framing/semantic_framing__capability_perspective__limitation_perspective/base_to_pos.npy
semantic_framing,SEMANTIC FRAMING,semantic_framing__capability_perspective__limitation_perspective,capability perspective vs limitation perspective,capability perspective,limitation perspective,neg_to_pos,35,2048,contrastive_hidden_states/data/steering_vectors/Qwen2.5-3B-Instruct/semantic_framing/semantic_framing__capability_perspective__limitation_perspective/neg_to_pos.npy
semantic_framing,SEMANTIC FRAMING,semantic_framing__capability_perspective__limitation_perspective,capability perspective vs limitation perspective,capability perspective,limitation perspective,pos_to_neg,35,2048,contrastive_hidden_states/data/steering_vectors/Qwen2.5-3B-Instruct/semantic_framing/semantic_framing__capability_perspective__limitation_perspective/pos_to_neg.npy
semantic_framing,SEMANTIC FRAMING,semantic_framing__causal_perspective__correlational_perspective,causal perspective vs correlational perspective,causal perspective,correlational perspective,base_to_neg,35,2048,contrastive_hidden_states/data/steering_vectors/Qwen2.5-3B-Instruct/semantic_framing/semantic_framing__causal_perspective__correlational_perspective/base_to_neg.npy
semantic_framing,SEMANTIC FRAMING,semantic_framing__causal_perspective__correlational_perspective,causal perspective vs correlational perspective,causal perspective,correlational perspective,base_to_pos,35,2048,contrastive_hidden_states/data/steering_vectors/Qwen2.5-3B-Instruct/semantic_framing/semantic_framing__causal_perspective__correlational_perspective/base_to_pos.npy
semantic_framing,SEMANTIC FRAMING,semantic_framing__causal_perspective__correlational_perspective,causal perspective vs correlational perspective,causal perspective,correlational perspective,neg_to_pos,35,2048,contrastive_hidden_states/data/steering_vectors/Qwen2.5-3B-Instruct/semantic_framing/semantic_framing__causal_perspective__correlational_perspective/neg_to_pos.npy
semantic_framing,SEMANTIC FRAMING,semantic_framing__causal_perspective__correlational_perspective,causal perspective vs correlational perspective,causal perspective,correlational perspective,pos_to_neg,35,2048,contrastive_hidden_states/data/steering_vectors/Qwen2.5-3B-Instruct/semantic_framing/semantic_framing__causal_perspective__correlational_perspective/pos_to_neg.npy
semantic_framing,SEMANTIC FRAMING,semantic_framing__competition_perspective__cooperation_perspective,competition perspective vs cooperation perspective,competition perspective,cooperation perspective,base_to_neg,35,2048,contrastive_hidden_states/data/steering_vectors/Qwen2.5-3B-Instruct/semantic_framing/semantic_framing__competition_perspective__cooperation_perspective/base_to_neg.npy
semantic_framing,SEMANTIC FRAMING,semantic_framing__competition_perspective__cooperation_perspective,competition perspective vs cooperation perspective,competition perspective,cooperation perspective,base_to_pos,35,2048,contrastive_hidden_states/data/steering_vectors/Qwen2.5-3B-Instruct/semantic_framing/semantic_framing__competition_perspective__cooperation_perspective/base_to_pos.npy
semantic_framing,SEMANTIC FRAMING,semantic_framing__competition_perspective__cooperation_perspective,competition perspective vs cooperation perspective,competition perspective,cooperation perspective,neg_to_pos,35,2048,contrastive_hidden_states/data/steering_vectors/Qwen2.5-3B-Instruct/semantic_framing/semantic_framing__competition_perspective__cooperation_perspective/neg_to_pos.npy
semantic_framing,SEMANTIC FRAMING,semantic_framing__competition_perspective__cooperation_perspective,competition perspective vs cooperation perspective,competition perspective,cooperation perspective,pos_to_neg,35,2048,contrastive_hidden_states/data/steering_vectors/Qwen2.5-3B-Instruct/semantic_framing/semantic_framing__competition_perspective__cooperation_perspective/pos_to_neg.npy
semantic_framing,SEMANTIC FRAMING,semantic_framing__constraint_perspective__capability_perspective,constraint perspective vs capability perspective,constraint perspective,capability perspective,base_to_neg,35,2048,contrastive_hidden_states/data/steering_vectors/Qwen2.5-3B-Instruct/semantic_framing/semantic_framing__constraint_perspective__capability_perspective/base_to_neg.npy
semantic_framing,SEMANTIC FRAMING,semantic_framing__constraint_perspective__capability_perspective,constraint perspective vs capability perspective,constraint perspective,capability perspective,base_to_pos,35,2048,contrastive_hidden_states/data/steering_vectors/Qwen2.5-3B-Instruct/semantic_framing/semantic_framing__constraint_perspective__capability_perspective/base_to_pos.npy
semantic_framing,SEMANTIC FRAMING,semantic_framing__constraint_perspective__capability_perspective,constraint perspective vs capability perspective,constraint perspective,capability perspective,neg_to_pos,35,2048,contrastive_hidden_states/data/steering_vectors/Qwen2.5-3B-Instruct/semantic_framing/semantic_framing__constraint_perspective__capability_perspective/neg_to_pos.npy
semantic_framing,SEMANTIC FRAMING,semantic_framing__constraint_perspective__capability_perspective,constraint perspective vs capability perspective,constraint perspective,capability perspective,pos_to_neg,35,2048,contrastive_hidden_states/data/steering_vectors/Qwen2.5-3B-Instruct/semantic_framing/semantic_framing__constraint_perspective__capability_perspective/pos_to_neg.npy
semantic_framing,SEMANTIC FRAMING,semantic_framing__cost_benefit_perspective__duty_based_perspective,cost-benefit perspective vs duty-based perspective,cost-benefit perspective,duty-based perspective,base_to_neg,35,2048,contrastive_hidden_states/data/steering_vectors/Qwen2.5-3B-Instruct/semantic_framing/semantic_framing__cost_benefit_perspective__duty_based_perspective/base_to_neg.npy
semantic_framing,SEMANTIC FRAMING,semantic_framing__cost_benefit_perspective__duty_based_perspective,cost-benefit perspective vs duty-based perspective,cost-benefit perspective,duty-based perspective,base_to_pos,35,2048,contrastive_hidden_states/data/steering_vectors/Qwen2.5-3B-Instruct/semantic_framing/semantic_framing__cost_benefit_perspective__duty_based_perspective/base_to_pos.npy
semantic_framing,SEMANTIC FRAMING,semantic_framing__cost_benefit_perspective__duty_based_perspective,cost-benefit perspective vs duty-based perspective,cost-benefit perspective,duty-based perspective,neg_to_pos,35,2048,contrastive_hidden_states/data/steering_vectors/Qwen2.5-3B-Instruct/semantic_framing/semantic_framing__cost_benefit_perspective__duty_based_perspective/neg_to_pos.npy
semantic_framing,SEMANTIC FRAMING,semantic_framing__cost_benefit_perspective__duty_based_perspective,cost-benefit perspective vs duty-based perspective,cost-benefit perspective,duty-based perspective,pos_to_neg,35,2048,contrastive_hidden_states/data/steering_vectors/Qwen2.5-3B-Instruct/semantic_framing/semantic_framing__cost_benefit_perspective__duty_based_perspective/pos_to_neg.npy
semantic_framing,SEMANTIC FRAMING,semantic_framing__cost_effectiveness_perspective__moral_value_perspective,cost-effectiveness perspective vs moral-value perspective,cost-effectiveness perspective,moral-value perspective,base_to_neg,35,2048,contrastive_hidden_states/data/steering_vectors/Qwen2.5-3B-Instruct/semantic_framing/semantic_framing__cost_effectiveness_perspective__moral_value_perspective/base_to_neg.npy
semantic_framing,SEMANTIC FRAMING,semantic_framing__cost_effectiveness_perspective__moral_value_perspective,cost-effectiveness perspective vs moral-value perspective,cost-effectiveness perspective,moral-value perspective,base_to_pos,35,2048,contrastive_hidden_states/data/steering_vectors/Qwen2.5-3B-Instruct/semantic_framing/semantic_framing__cost_effectiveness_perspective__moral_value_perspective/base_to_pos.npy
semantic_framing,SEMANTIC FRAMING,semantic_framing__cost_effectiveness_perspective__moral_value_perspective,cost-effectiveness perspective vs moral-value perspective,cost-effectiveness perspective,moral-value perspective,neg_to_pos,35,2048,contrastive_hidden_states/data/steering_vectors/Qwen2.5-3B-Instruct/semantic_framing/semantic_framing__cost_effectiveness_perspective__moral_value_perspective/neg_to_pos.npy
semantic_framing,SEMANTIC FRAMING,semantic_framing__cost_effectiveness_perspective__moral_value_perspective,cost-effectiveness perspective vs moral-value perspective,cost-effectiveness perspective,moral-value perspective,pos_to_neg,35,2048,contrastive_hidden_states/data/steering_vectors/Qwen2.5-3B-Instruct/semantic_framing/semantic_framing__cost_effectiveness_perspective__moral_value_perspective/pos_to_neg.npy
semantic_framing,SEMANTIC FRAMING,semantic_framing__cost_perspective__benefit_perspective,cost perspective vs benefit perspective,cost perspective,benefit perspective,base_to_neg,35,2048,contrastive_hidden_states/data/steering_vectors/Qwen2.5-3B-Instruct/semantic_framing/semantic_framing__cost_perspective__benefit_perspective/base_to_neg.npy
semantic_framing,SEMANTIC FRAMING,semantic_framing__cost_perspective__benefit_perspective,cost perspective vs benefit perspective,cost perspective,benefit perspective,base_to_pos,35,2048,contrastive_hidden_states/data/steering_vectors/Qwen2.5-3B-Instruct/semantic_framing/semantic_framing__cost_perspective__benefit_perspective/base_to_pos.npy
semantic_framing,SEMANTIC FRAMING,semantic_framing__cost_perspective__benefit_perspective,cost perspective vs benefit perspective,cost perspective,benefit perspective,neg_to_pos,35,2048,contrastive_hidden_states/data/steering_vectors/Qwen2.5-3B-Instruct/semantic_framing/semantic_framing__cost_perspective__benefit_perspective/neg_to_pos.npy
semantic_framing,SEMANTIC FRAMING,semantic_framing__cost_perspective__benefit_perspective,cost perspective vs benefit perspective,cost perspective,benefit perspective,pos_to_neg,35,2048,contrastive_hidden_states/data/steering_vectors/Qwen2.5-3B-Instruct/semantic_framing/semantic_framing__cost_perspective__benefit_perspective/pos_to_neg.npy
semantic_framing,SEMANTIC FRAMING,semantic_framing__diagnostic_perspective__prescriptive_perspective,diagnostic perspective vs prescriptive perspective,diagnostic perspective,prescriptive perspective,base_to_neg,35,2048,contrastive_hidden_states/data/steering_vectors/Qwen2.5-3B-Instruct/semantic_framing/semantic_framing__diagnostic_perspective__prescriptive_perspective/base_to_neg.npy
semantic_framing,SEMANTIC FRAMING,semantic_framing__diagnostic_perspective__prescriptive_perspective,diagnostic perspective vs prescriptive perspective,diagnostic perspective,prescriptive perspective,base_to_pos,35,2048,contrastive_hidden_states/data/steering_vectors/Qwen2.5-3B-Instruct/semantic_framing/semantic_framing__diagnostic_perspective__prescriptive_perspective/base_to_pos.npy
semantic_framing,SEMANTIC FRAMING,semantic_framing__diagnostic_perspective__prescriptive_perspective,diagnostic perspective vs prescriptive perspective,diagnostic perspective,prescriptive perspective,neg_to_pos,35,2048,contrastive_hidden_states/data/steering_vectors/Qwen2.5-3B-Instruct/semantic_framing/semantic_framing__diagnostic_perspective__prescriptive_perspective/neg_to_pos.npy
semantic_framing,SEMANTIC FRAMING,semantic_framing__diagnostic_perspective__prescriptive_perspective,diagnostic perspective vs prescriptive perspective,diagnostic perspective,prescriptive perspective,pos_to_neg,35,2048,contrastive_hidden_states/data/steering_vectors/Qwen2.5-3B-Instruct/semantic_framing/semantic_framing__diagnostic_perspective__prescriptive_perspective/pos_to_neg.npy
semantic_framing,SEMANTIC FRAMING,semantic_framing__economic_perspective__ethical_perspective,economic perspective vs ethical perspective,economic perspective,ethical perspective,base_to_neg,35,2048,contrastive_hidden_states/data/steering_vectors/Qwen2.5-3B-Instruct/semantic_framing/semantic_framing__economic_perspective__ethical_perspective/base_to_neg.npy
semantic_framing,SEMANTIC FRAMING,semantic_framing__economic_perspective__ethical_perspective,economic perspective vs ethical perspective,economic perspective,ethical perspective,base_to_pos,35,2048,contrastive_hidden_states/data/steering_vectors/Qwen2.5-3B-Instruct/semantic_framing/semantic_framing__economic_perspective__ethical_perspective/base_to_pos.npy
semantic_framing,SEMANTIC FRAMING,semantic_framing__economic_perspective__ethical_perspective,economic perspective vs ethical perspective,economic perspective,ethical perspective,neg_to_pos,35,2048,contrastive_hidden_states/data/steering_vectors/Qwen2.5-3B-Instruct/semantic_framing/semantic_framing__economic_perspective__ethical_perspective/neg_to_pos.npy
semantic_framing,SEMANTIC FRAMING,semantic_framing__economic_perspective__ethical_perspective,economic perspective vs ethical perspective,economic perspective,ethical perspective,pos_to_neg,35,2048,contrastive_hidden_states/data/steering_vectors/Qwen2.5-3B-Instruct/semantic_framing/semantic_framing__economic_perspective__ethical_perspective/pos_to_neg.npy
semantic_framing,SEMANTIC FRAMING,semantic_framing__efficiency_analysis_perspective__equity_analysis_perspective,efficiency-analysis perspective vs equity-analysis perspective,efficiency-analysis perspective,equity-analysis perspective,base_to_neg,35,2048,contrastive_hidden_states/data/steering_vectors/Qwen2.5-3B-Instruct/semantic_framing/semantic_framing__efficiency_analysis_perspective__equity_analysis_perspective/base_to_neg.npy
semantic_framing,SEMANTIC FRAMING,semantic_framing__efficiency_analysis_perspective__equity_analysis_perspective,efficiency-analysis perspective vs equity-analysis perspective,efficiency-analysis perspective,equity-analysis perspective,base_to_pos,35,2048,contrastive_hidden_states/data/steering_vectors/Qwen2.5-3B-Instruct/semantic_framing/semantic_framing__efficiency_analysis_perspective__equity_analysis_perspective/base_to_pos.npy
semantic_framing,SEMANTIC FRAMING,semantic_framing__efficiency_analysis_perspective__equity_analysis_perspective,efficiency-analysis perspective vs equity-analysis perspective,efficiency-analysis perspective,equity-analysis perspective,neg_to_pos,35,2048,contrastive_hidden_states/data/steering_vectors/Qwen2.5-3B-Instruct/semantic_framing/semantic_framing__efficiency_analysis_perspective__equity_analysis_perspective/neg_to_pos.npy
semantic_framing,SEMANTIC FRAMING,semantic_framing__efficiency_analysis_perspective__equity_analysis_perspective,efficiency-analysis perspective vs equity-analysis perspective,efficiency-analysis perspective,equity-analysis perspective,pos_to_neg,35,2048,contrastive_hidden_states/data/steering_vectors/Qwen2.5-3B-Instruct/semantic_framing/semantic_framing__efficiency_analysis_perspective__equity_analysis_perspective/pos_to_neg.npy
semantic_framing,SEMANTIC FRAMING,semantic_framing__efficiency_perspective__fairness_perspective,efficiency perspective vs fairness perspective,efficiency perspective,fairness perspective,base_to_neg,35,2048,contrastive_hidden_states/data/steering_vectors/Qwen2.5-3B-Instruct/semantic_framing/semantic_framing__efficiency_perspective__fairness_perspective/base_to_neg.npy
semantic_framing,SEMANTIC FRAMING,semantic_framing__efficiency_perspective__fairness_perspective,efficiency perspective vs fairness perspective,efficiency perspective,fairness perspective,base_to_pos,35,2048,contrastive_hidden_states/data/steering_vectors/Qwen2.5-3B-Instruct/semantic_framing/semantic_framing__efficiency_perspective__fairness_perspective/base_to_pos.npy
semantic_framing,SEMANTIC FRAMING,semantic_framing__efficiency_perspective__fairness_perspective,efficiency perspective vs fairness perspective,efficiency perspective,fairness perspective,neg_to_pos,35,2048,contrastive_hidden_states/data/steering_vectors/Qwen2.5-3B-Instruct/semantic_framing/semantic_framing__efficiency_perspective__fairness_perspective/neg_to_pos.npy
semantic_framing,SEMANTIC FRAMING,semantic_framing__efficiency_perspective__fairness_perspective,efficiency perspective vs fairness perspective,efficiency perspective,fairness perspective,pos_to_neg,35,2048,contrastive_hidden_states/data/steering_vectors/Qwen2.5-3B-Instruct/semantic_framing/semantic_framing__efficiency_perspective__fairness_perspective/pos_to_neg.npy
semantic_framing,SEMANTIC FRAMING,semantic_framing__effort_perspective__outcome_perspective,effort perspective vs outcome perspective,effort perspective,outcome perspective,base_to_neg,35,2048,contrastive_hidden_states/data/steering_vectors/Qwen2.5-3B-Instruct/semantic_framing/semantic_framing__effort_perspective__outcome_perspective/base_to_neg.npy
semantic_framing,SEMANTIC FRAMING,semantic_framing__effort_perspective__outcome_perspective,effort perspective vs outcome perspective,effort perspective,outcome perspective,base_to_pos,35,2048,contrastive_hidden_states/data/steering_vectors/Qwen2.5-3B-Instruct/semantic_framing/semantic_framing__effort_perspective__outcome_perspective/base_to_pos.npy
semantic_framing,SEMANTIC FRAMING,semantic_framing__effort_perspective__outcome_perspective,effort perspective vs outcome perspective,effort perspective,outcome perspective,neg_to_pos,35,2048,contrastive_hidden_states/data/steering_vectors/Qwen2.5-3B-Instruct/semantic_framing/semantic_framing__effort_perspective__outcome_perspective/neg_to_pos.npy
semantic_framing,SEMANTIC FRAMING,semantic_framing__effort_perspective__outcome_perspective,effort perspective vs outcome perspective,effort perspective,outcome perspective,pos_to_neg,35,2048,contrastive_hidden_states/data/steering_vectors/Qwen2.5-3B-Instruct/semantic_framing/semantic_framing__effort_perspective__outcome_perspective/pos_to_neg.npy
semantic_framing,SEMANTIC FRAMING,semantic_framing__evidence_perspective__narrative_perspective,evidence perspective vs narrative perspective,evidence perspective,narrative perspective,base_to_neg,35,2048,contrastive_hidden_states/data/steering_vectors/Qwen2.5-3B-Instruct/semantic_framing/semantic_framing__evidence_perspective__narrative_perspective/base_to_neg.npy
semantic_framing,SEMANTIC FRAMING,semantic_framing__evidence_perspective__narrative_perspective,evidence perspective vs narrative perspective,evidence perspective,narrative perspective,base_to_pos,35,2048,contrastive_hidden_states/data/steering_vectors/Qwen2.5-3B-Instruct/semantic_framing/semantic_framing__evidence_perspective__narrative_perspective/base_to_pos.npy
semantic_framing,SEMANTIC FRAMING,semantic_framing__evidence_perspective__narrative_perspective,evidence perspective vs narrative perspective,evidence perspective,narrative perspective,neg_to_pos,35,2048,contrastive_hidden_states/data/steering_vectors/Qwen2.5-3B-Instruct/semantic_framing/semantic_framing__evidence_perspective__narrative_perspective/neg_to_pos.npy
semantic_framing,SEMANTIC FRAMING,semantic_framing__evidence_perspective__narrative_perspective,evidence perspective vs narrative perspective,evidence perspective,narrative perspective,pos_to_neg,35,2048,contrastive_hidden_states/data/steering_vectors/Qwen2.5-3B-Instruct/semantic_framing/semantic_framing__evidence_perspective__narrative_perspective/pos_to_neg.npy
semantic_framing,SEMANTIC FRAMING,semantic_framing__feasibility_perspective__desirability_perspective,feasibility perspective vs desirability perspective,feasibility perspective,desirability perspective,base_to_neg,35,2048,contrastive_hidden_states/data/steering_vectors/Qwen2.5-3B-Instruct/semantic_framing/semantic_framing__feasibility_perspective__desirability_perspective/base_to_neg.npy
semantic_framing,SEMANTIC FRAMING,semantic_framing__feasibility_perspective__desirability_perspective,feasibility perspective vs desirability perspective,feasibility perspective,desirability perspective,base_to_pos,35,2048,contrastive_hidden_states/data/steering_vectors/Qwen2.5-3B-Instruct/semantic_framing/semantic_framing__feasibility_perspective__desirability_perspective/base_to_pos.npy
semantic_framing,SEMANTIC FRAMING,semantic_framing__feasibility_perspective__desirability_perspective,feasibility perspective vs desirability perspective,feasibility perspective,desirability perspective,neg_to_pos,35,2048,contrastive_hidden_states/data/steering_vectors/Qwen2.5-3B-Instruct/semantic_framing/semantic_framing__feasibility_perspective__desirability_perspective/neg_to_pos.npy
semantic_framing,SEMANTIC FRAMING,semantic_framing__feasibility_perspective__desirability_perspective,feasibility perspective vs desirability perspective,feasibility perspective,desirability perspective,pos_to_neg,35,2048,contrastive_hidden_states/data/steering_vectors/Qwen2.5-3B-Instruct/semantic_framing/semantic_framing__feasibility_perspective__desirability_perspective/pos_to_neg.npy
semantic_framing,SEMANTIC FRAMING,semantic_framing__growth_perspective__sustainability_perspective,growth perspective vs sustainability perspective,growth perspective,sustainability perspective,base_to_neg,35,2048,contrastive_hidden_states/data/steering_vectors/Qwen2.5-3B-Instruct/semantic_framing/semantic_framing__growth_perspective__sustainability_perspective/base_to_neg.npy
semantic_framing,SEMANTIC FRAMING,semantic_framing__growth_perspective__sustainability_perspective,growth perspective vs sustainability perspective,growth perspective,sustainability perspective,base_to_pos,35,2048,contrastive_hidden_states/data/steering_vectors/Qwen2.5-3B-Instruct/semantic_framing/semantic_framing__growth_perspective__sustainability_perspective/base_to_pos.npy
semantic_framing,SEMANTIC FRAMING,semantic_framing__growth_perspective__sustainability_perspective,growth perspective vs sustainability perspective,growth perspective,sustainability perspective,neg_to_pos,35,2048,contrastive_hidden_states/data/steering_vectors/Qwen2.5-3B-Instruct/semantic_framing/semantic_framing__growth_perspective__sustainability_perspective/neg_to_pos.npy
semantic_framing,SEMANTIC FRAMING,semantic_framing__growth_perspective__sustainability_perspective,growth perspective vs sustainability perspective,growth perspective,sustainability perspective,pos_to_neg,35,2048,contrastive_hidden_states/data/steering_vectors/Qwen2.5-3B-Instruct/semantic_framing/semantic_framing__growth_perspective__sustainability_perspective/pos_to_neg.npy
semantic_framing,SEMANTIC FRAMING,semantic_framing__impact_measurement_perspective__principle_based_perspective,impact-measurement perspective vs principle-based perspective,impact-measurement perspective,principle-based perspective,base_to_neg,35,2048,contrastive_hidden_states/data/steering_vectors/Qwen2.5-3B-Instruct/semantic_framing/semantic_framing__impact_measurement_perspective__principle_based_perspective/base_to_neg.npy
semantic_framing,SEMANTIC FRAMING,semantic_framing__impact_measurement_perspective__principle_based_perspective,impact-measurement perspective vs principle-based perspective,impact-measurement perspective,principle-based perspective,base_to_pos,35,2048,contrastive_hidden_states/data/steering_vectors/Qwen2.5-3B-Instruct/semantic_framing/semantic_framing__impact_measurement_perspective__principle_based_perspective/base_to_pos.npy
semantic_framing,SEMANTIC FRAMING,semantic_framing__impact_measurement_perspective__principle_based_perspective,impact-measurement perspective vs principle-based perspective,impact-measurement perspective,principle-based perspective,neg_to_pos,35,2048,contrastive_hidden_states/data/steering_vectors/Qwen2.5-3B-Instruct/semantic_framing/semantic_framing__impact_measurement_perspective__principle_based_perspective/neg_to_pos.npy
semantic_framing,SEMANTIC FRAMING,semantic_framing__impact_measurement_perspective__principle_based_perspective,impact-measurement perspective vs principle-based perspective,impact-measurement perspective,principle-based perspective,pos_to_neg,35,2048,contrastive_hidden_states/data/steering_vectors/Qwen2.5-3B-Instruct/semantic_framing/semantic_framing__impact_measurement_perspective__principle_based_perspective/pos_to_neg.npy
semantic_framing,SEMANTIC FRAMING,semantic_framing__implementation_perspective__design_perspective,implementation perspective vs design perspective,implementation perspective,design perspective,base_to_neg,35,2048,contrastive_hidden_states/data/steering_vectors/Qwen2.5-3B-Instruct/semantic_framing/semantic_framing__implementation_perspective__design_perspective/base_to_neg.npy
semantic_framing,SEMANTIC FRAMING,semantic_framing__implementation_perspective__design_perspective,implementation perspective vs design perspective,implementation perspective,design perspective,base_to_pos,35,2048,contrastive_hidden_states/data/steering_vectors/Qwen2.5-3B-Instruct/semantic_framing/semantic_framing__implementation_perspective__design_perspective/base_to_pos.npy
semantic_framing,SEMANTIC FRAMING,semantic_framing__implementation_perspective__design_perspective,implementation perspective vs design perspective,implementation perspective,design perspective,neg_to_pos,35,2048,contrastive_hidden_states/data/steering_vectors/Qwen2.5-3B-Instruct/semantic_framing/semantic_framing__implementation_perspective__design_perspective/neg_to_pos.npy
semantic_framing,SEMANTIC FRAMING,semantic_framing__implementation_perspective__design_perspective,implementation perspective vs design perspective,implementation perspective,design perspective,pos_to_neg,35,2048,contrastive_hidden_states/data/steering_vectors/Qwen2.5-3B-Instruct/semantic_framing/semantic_framing__implementation_perspective__design_perspective/pos_to_neg.npy
semantic_framing,SEMANTIC FRAMING,semantic_framing__incentive_perspective__norm_perspective,incentive perspective vs norm perspective,incentive perspective,norm perspective,base_to_neg,35,2048,contrastive_hidden_states/data/steering_vectors/Qwen2.5-3B-Instruct/semantic_framing/semantic_framing__incentive_perspective__norm_perspective/base_to_neg.npy
semantic_framing,SEMANTIC FRAMING,semantic_framing__incentive_perspective__norm_perspective,incentive perspective vs norm perspective,incentive perspective,norm perspective,base_to_pos,35,2048,contrastive_hidden_states/data/steering_vectors/Qwen2.5-3B-Instruct/semantic_framing/semantic_framing__incentive_perspective__norm_perspective/base_to_pos.npy
semantic_framing,SEMANTIC FRAMING,semantic_framing__incentive_perspective__norm_perspective,incentive perspective vs norm perspective,incentive perspective,norm perspective,neg_to_pos,35,2048,contrastive_hidden_states/data/steering_vectors/Qwen2.5-3B-Instruct/semantic_framing/semantic_framing__incentive_perspective__norm_perspective/neg_to_pos.npy
semantic_framing,SEMANTIC FRAMING,semantic_framing__incentive_perspective__norm_perspective,incentive perspective vs norm perspective,incentive perspective,norm perspective,pos_to_neg,35,2048,contrastive_hidden_states/data/steering_vectors/Qwen2.5-3B-Instruct/semantic_framing/semantic_framing__incentive_perspective__norm_perspective/pos_to_neg.npy
semantic_framing,SEMANTIC FRAMING,semantic_framing__individual_impact_perspective__system_impact_perspective,individual-impact perspective vs system-impact perspective,individual-impact perspective,system-impact perspective,base_to_neg,35,2048,contrastive_hidden_states/data/steering_vectors/Qwen2.5-3B-Instruct/semantic_framing/semantic_framing__individual_impact_perspective__system_impact_perspective/base_to_neg.npy
semantic_framing,SEMANTIC FRAMING,semantic_framing__individual_impact_perspective__system_impact_perspective,individual-impact perspective vs system-impact perspective,individual-impact perspective,system-impact perspective,base_to_pos,35,2048,contrastive_hidden_states/data/steering_vectors/Qwen2.5-3B-Instruct/semantic_framing/semantic_framing__individual_impact_perspective__system_impact_perspective/base_to_pos.npy
semantic_framing,SEMANTIC FRAMING,semantic_framing__individual_impact_perspective__system_impact_perspective,individual-impact perspective vs system-impact perspective,individual-impact perspective,system-impact perspective,neg_to_pos,35,2048,contrastive_hidden_states/data/steering_vectors/Qwen2.5-3B-Instruct/semantic_framing/semantic_framing__individual_impact_perspective__system_impact_perspective/neg_to_pos.npy
semantic_framing,SEMANTIC FRAMING,semantic_framing__individual_impact_perspective__system_impact_perspective,individual-impact perspective vs system-impact perspective,individual-impact perspective,system-impact perspective,pos_to_neg,35,2048,contrastive_hidden_states/data/steering_vectors/Qwen2.5-3B-Instruct/semantic_framing/semantic_framing__individual_impact_perspective__system_impact_perspective/pos_to_neg.npy
semantic_framing,SEMANTIC FRAMING,semantic_framing__individual_perspective__societal_perspective,individual perspective vs societal perspective,individual perspective,societal perspective,base_to_neg,35,2048,contrastive_hidden_states/data/steering_vectors/Qwen2.5-3B-Instruct/semantic_framing/semantic_framing__individual_perspective__societal_perspective/base_to_neg.npy
semantic_framing,SEMANTIC FRAMING,semantic_framing__individual_perspective__societal_perspective,individual perspective vs societal perspective,individual perspective,societal perspective,base_to_pos,35,2048,contrastive_hidden_states/data/steering_vectors/Qwen2.5-3B-Instruct/semantic_framing/semantic_framing__individual_perspective__societal_perspective/base_to_pos.npy
semantic_framing,SEMANTIC FRAMING,semantic_framing__individual_perspective__societal_perspective,individual perspective vs societal perspective,individual perspective,societal perspective,neg_to_pos,35,2048,contrastive_hidden_states/data/steering_vectors/Qwen2.5-3B-Instruct/semantic_framing/semantic_framing__individual_perspective__societal_perspective/neg_to_pos.npy
semantic_framing,SEMANTIC FRAMING,semantic_framing__individual_perspective__societal_perspective,individual perspective vs societal perspective,individual perspective,societal perspective,pos_to_neg,35,2048,contrastive_hidden_states/data/steering_vectors/Qwen2.5-3B-Instruct/semantic_framing/semantic_framing__individual_perspective__societal_perspective/pos_to_neg.npy
semantic_framing,SEMANTIC FRAMING,semantic_framing__innovation_benefit_perspective__innovation_risk_perspective,innovation-benefit perspective vs innovation-risk perspective,innovation-benefit perspective,innovation-risk perspective,base_to_neg,35,2048,contrastive_hidden_states/data/steering_vectors/Qwen2.5-3B-Instruct/semantic_framing/semantic_framing__innovation_benefit_perspective__innovation_risk_perspective/base_to_neg.npy
semantic_framing,SEMANTIC FRAMING,semantic_framing__innovation_benefit_perspective__innovation_risk_perspective,innovation-benefit perspective vs innovation-risk perspective,innovation-benefit perspective,innovation-risk perspective,base_to_pos,35,2048,contrastive_hidden_states/data/steering_vectors/Qwen2.5-3B-Instruct/semantic_framing/semantic_framing__innovation_benefit_perspective__innovation_risk_perspective/base_to_pos.npy
semantic_framing,SEMANTIC FRAMING,semantic_framing__innovation_benefit_perspective__innovation_risk_perspective,innovation-benefit perspective vs innovation-risk perspective,innovation-benefit perspective,innovation-risk perspective,neg_to_pos,35,2048,contrastive_hidden_states/data/steering_vectors/Qwen2.5-3B-Instruct/semantic_framing/semantic_framing__innovation_benefit_perspective__innovation_risk_perspective/neg_to_pos.npy
semantic_framing,SEMANTIC FRAMING,semantic_framing__innovation_benefit_perspective__innovation_risk_perspective,innovation-benefit perspective vs innovation-risk perspective,innovation-benefit perspective,innovation-risk perspective,pos_to_neg,35,2048,contrastive_hidden_states/data/steering_vectors/Qwen2.5-3B-Instruct/semantic_framing/semantic_framing__innovation_benefit_perspective__innovation_risk_perspective/pos_to_neg.npy
semantic_framing,SEMANTIC FRAMING,semantic_framing__innovation_perspective__regulation_perspective,innovation perspective vs regulation perspective,innovation perspective,regulation perspective,base_to_neg,35,2048,contrastive_hidden_states/data/steering_vectors/Qwen2.5-3B-Instruct/semantic_framing/semantic_framing__innovation_perspective__regulation_perspective/base_to_neg.npy
semantic_framing,SEMANTIC FRAMING,semantic_framing__innovation_perspective__regulation_perspective,innovation perspective vs regulation perspective,innovation perspective,regulation perspective,base_to_pos,35,2048,contrastive_hidden_states/data/steering_vectors/Qwen2.5-3B-Instruct/semantic_framing/semantic_framing__innovation_perspective__regulation_perspective/base_to_pos.npy
semantic_framing,SEMANTIC FRAMING,semantic_framing__innovation_perspective__regulation_perspective,innovation perspective vs regulation perspective,innovation perspective,regulation perspective,neg_to_pos,35,2048,contrastive_hidden_states/data/steering_vectors/Qwen2.5-3B-Instruct/semantic_framing/semantic_framing__innovation_perspective__regulation_perspective/neg_to_pos.npy
semantic_framing,SEMANTIC FRAMING,semantic_framing__innovation_perspective__regulation_perspective,innovation perspective vs regulation perspective,innovation perspective,regulation perspective,pos_to_neg,35,2048,contrastive_hidden_states/data/steering_vectors/Qwen2.5-3B-Instruct/semantic_framing/semantic_framing__innovation_perspective__regulation_perspective/pos_to_neg.npy
semantic_framing,SEMANTIC FRAMING,semantic_framing__local_perspective__global_perspective,local perspective vs global perspective,local perspective,global perspective,base_to_neg,35,2048,contrastive_hidden_states/data/steering_vectors/Qwen2.5-3B-Instruct/semantic_framing/semantic_framing__local_perspective__global_perspective/base_to_neg.npy
semantic_framing,SEMANTIC FRAMING,semantic_framing__local_perspective__global_perspective,local perspective vs global perspective,local perspective,global perspective,base_to_pos,35,2048,contrastive_hidden_states/data/steering_vectors/Qwen2.5-3B-Instruct/semantic_framing/semantic_framing__local_perspective__global_perspective/base_to_pos.npy
semantic_framing,SEMANTIC FRAMING,semantic_framing__local_perspective__global_perspective,local perspective vs global perspective,local perspective,global perspective,neg_to_pos,35,2048,contrastive_hidden_states/data/steering_vectors/Qwen2.5-3B-Instruct/semantic_framing/semantic_framing__local_perspective__global_perspective/neg_to_pos.npy
semantic_framing,SEMANTIC FRAMING,semantic_framing__local_perspective__global_perspective,local perspective vs global perspective,local perspective,global perspective,pos_to_neg,35,2048,contrastive_hidden_states/data/steering_vectors/Qwen2.5-3B-Instruct/semantic_framing/semantic_framing__local_perspective__global_perspective/pos_to_neg.npy
semantic_framing,SEMANTIC FRAMING,semantic_framing__logic_perspective__empathy_perspective,logic perspective vs empathy perspective,logic perspective,empathy perspective,base_to_neg,35,2048,contrastive_hidden_states/data/steering_vectors/Qwen2.5-3B-Instruct/semantic_framing/semantic_framing__logic_perspective__empathy_perspective/base_to_neg.npy
semantic_framing,SEMANTIC FRAMING,semantic_framing__logic_perspective__empathy_perspective,logic perspective vs empathy perspective,logic perspective,empathy perspective,base_to_pos,35,2048,contrastive_hidden_states/data/steering_vectors/Qwen2.5-3B-Instruct/semantic_framing/semantic_framing__logic_perspective__empathy_perspective/base_to_pos.npy
semantic_framing,SEMANTIC FRAMING,semantic_framing__logic_perspective__empathy_perspective,logic perspective vs empathy perspective,logic perspective,empathy perspective,neg_to_pos,35,2048,contrastive_hidden_states/data/steering_vectors/Qwen2.5-3B-Instruct/semantic_framing/semantic_framing__logic_perspective__empathy_perspective/neg_to_pos.npy
semantic_framing,SEMANTIC FRAMING,semantic_framing__logic_perspective__empathy_perspective,logic perspective vs empathy perspective,logic perspective,empathy perspective,pos_to_neg,35,2048,contrastive_hidden_states/data/steering_vectors/Qwen2.5-3B-Instruct/semantic_framing/semantic_framing__logic_perspective__empathy_perspective/pos_to_neg.npy
semantic_framing,SEMANTIC FRAMING,semantic_framing__mechanistic_perspective__holistic_perspective,mechanistic perspective vs holistic perspective,mechanistic perspective,holistic perspective,base_to_neg,35,2048,contrastive_hidden_states/data/steering_vectors/Qwen2.5-3B-Instruct/semantic_framing/semantic_framing__mechanistic_perspective__holistic_perspective/base_to_neg.npy
semantic_framing,SEMANTIC FRAMING,semantic_framing__mechanistic_perspective__holistic_perspective,mechanistic perspective vs holistic perspective,mechanistic perspective,holistic perspective,base_to_pos,35,2048,contrastive_hidden_states/data/steering_vectors/Qwen2.5-3B-Instruct/semantic_framing/semantic_framing__mechanistic_perspective__holistic_perspective/base_to_pos.npy
semantic_framing,SEMANTIC FRAMING,semantic_framing__mechanistic_perspective__holistic_perspective,mechanistic perspective vs holistic perspective,mechanistic perspective,holistic perspective,neg_to_pos,35,2048,contrastive_hidden_states/data/steering_vectors/Qwen2.5-3B-Instruct/semantic_framing/semantic_framing__mechanistic_perspective__holistic_perspective/neg_to_pos.npy
semantic_framing,SEMANTIC FRAMING,semantic_framing__mechanistic_perspective__holistic_perspective,mechanistic perspective vs holistic perspective,mechanistic perspective,holistic perspective,pos_to_neg,35,2048,contrastive_hidden_states/data/steering_vectors/Qwen2.5-3B-Instruct/semantic_framing/semantic_framing__mechanistic_perspective__holistic_perspective/pos_to_neg.npy
semantic_framing,SEMANTIC FRAMING,semantic_framing__micro_level_perspective__macro_level_perspective,micro-level perspective vs macro-level perspective,micro-level perspective,macro-level perspective,base_to_neg,35,2048,contrastive_hidden_states/data/steering_vectors/Qwen2.5-3B-Instruct/semantic_framing/semantic_framing__micro_level_perspective__macro_level_perspective/base_to_neg.npy
semantic_framing,SEMANTIC FRAMING,semantic_framing__micro_level_perspective__macro_level_perspective,micro-level perspective vs macro-level perspective,micro-level perspective,macro-level perspective,base_to_pos,35,2048,contrastive_hidden_states/data/steering_vectors/Qwen2.5-3B-Instruct/semantic_framing/semantic_framing__micro_level_perspective__macro_level_perspective/base_to_pos.npy
semantic_framing,SEMANTIC FRAMING,semantic_framing__micro_level_perspective__macro_level_perspective,micro-level perspective vs macro-level perspective,micro-level perspective,macro-level perspective,neg_to_pos,35,2048,contrastive_hidden_states/data/steering_vectors/Qwen2.5-3B-Instruct/semantic_framing/semantic_framing__micro_level_perspective__macro_level_perspective/neg_to_pos.npy
semantic_framing,SEMANTIC FRAMING,semantic_framing__micro_level_perspective__macro_level_perspective,micro-level perspective vs macro-level perspective,micro-level perspective,macro-level perspective,pos_to_neg,35,2048,contrastive_hidden_states/data/steering_vectors/Qwen2.5-3B-Instruct/semantic_framing/semantic_framing__micro_level_perspective__macro_level_perspective/pos_to_neg.npy
semantic_framing,SEMANTIC FRAMING,semantic_framing__operational_perspective__strategic_perspective,operational perspective vs strategic perspective,operational perspective,strategic perspective,base_to_neg,35,2048,contrastive_hidden_states/data/steering_vectors/Qwen2.5-3B-Instruct/semantic_framing/semantic_framing__operational_perspective__strategic_perspective/base_to_neg.npy
semantic_framing,SEMANTIC FRAMING,semantic_framing__operational_perspective__strategic_perspective,operational perspective vs strategic perspective,operational perspective,strategic perspective,base_to_pos,35,2048,contrastive_hidden_states/data/steering_vectors/Qwen2.5-3B-Instruct/semantic_framing/semantic_framing__operational_perspective__strategic_perspective/base_to_pos.npy
semantic_framing,SEMANTIC FRAMING,semantic_framing__operational_perspective__strategic_perspective,operational perspective vs strategic perspective,operational perspective,strategic perspective,neg_to_pos,35,2048,contrastive_hidden_states/data/steering_vectors/Qwen2.5-3B-Instruct/semantic_framing/semantic_framing__operational_perspective__strategic_perspective/neg_to_pos.npy
semantic_framing,SEMANTIC FRAMING,semantic_framing__operational_perspective__strategic_perspective,operational perspective vs strategic perspective,operational perspective,strategic perspective,pos_to_neg,35,2048,contrastive_hidden_states/data/steering_vectors/Qwen2.5-3B-Instruct/semantic_framing/semantic_framing__operational_perspective__strategic_perspective/pos_to_neg.npy
semantic_framing,SEMANTIC FRAMING,semantic_framing__optimization_perspective__resilience_perspective,optimization perspective vs resilience perspective,optimization perspective,resilience perspective,base_to_neg,35,2048,contrastive_hidden_states/data/steering_vectors/Qwen2.5-3B-Instruct/semantic_framing/semantic_framing__optimization_perspective__resilience_perspective/base_to_neg.npy
semantic_framing,SEMANTIC FRAMING,semantic_framing__optimization_perspective__resilience_perspective,optimization perspective vs resilience perspective,optimization perspective,resilience perspective,base_to_pos,35,2048,contrastive_hidden_states/data/steering_vectors/Qwen2.5-3B-Instruct/semantic_framing/semantic_framing__optimization_perspective__resilience_perspective/base_to_pos.npy
semantic_framing,SEMANTIC FRAMING,semantic_framing__optimization_perspective__resilience_perspective,optimization perspective vs resilience perspective,optimization perspective,resilience perspective,neg_to_pos,35,2048,contrastive_hidden_states/data/steering_vectors/Qwen2.5-3B-Instruct/semantic_framing/semantic_framing__optimization_perspective__resilience_perspective/neg_to_pos.npy
semantic_framing,SEMANTIC FRAMING,semantic_framing__optimization_perspective__resilience_perspective,optimization perspective vs resilience perspective,optimization perspective,resilience perspective,pos_to_neg,35,2048,contrastive_hidden_states/data/steering_vectors/Qwen2.5-3B-Instruct/semantic_framing/semantic_framing__optimization_perspective__resilience_perspective/pos_to_neg.npy
semantic_framing,SEMANTIC FRAMING,semantic_framing__optimization_perspective__satisficing_perspective,optimization perspective vs satisficing perspective,optimization perspective,satisficing perspective,base_to_neg,35,2048,contrastive_hidden_states/data/steering_vectors/Qwen2.5-3B-Instruct/semantic_framing/semantic_framing__optimization_perspective__satisficing_perspective/base_to_neg.npy
semantic_framing,SEMANTIC FRAMING,semantic_framing__optimization_perspective__satisficing_perspective,optimization perspective vs satisficing perspective,optimization perspective,satisficing perspective,base_to_pos,35,2048,contrastive_hidden_states/data/steering_vectors/Qwen2.5-3B-Instruct/semantic_framing/semantic_framing__optimization_perspective__satisficing_perspective/base_to_pos.npy
semantic_framing,SEMANTIC FRAMING,semantic_framing__optimization_perspective__satisficing_perspective,optimization perspective vs satisficing perspective,optimization perspective,satisficing perspective,neg_to_pos,35,2048,contrastive_hidden_states/data/steering_vectors/Qwen2.5-3B-Instruct/semantic_framing/semantic_framing__optimization_perspective__satisficing_perspective/neg_to_pos.npy
semantic_framing,SEMANTIC FRAMING,semantic_framing__optimization_perspective__satisficing_perspective,optimization perspective vs satisficing perspective,optimization perspective,satisficing perspective,pos_to_neg,35,2048,contrastive_hidden_states/data/steering_vectors/Qwen2.5-3B-Instruct/semantic_framing/semantic_framing__optimization_perspective__satisficing_perspective/pos_to_neg.npy
semantic_framing,SEMANTIC FRAMING,semantic_framing__output_perspective__process_perspective,output perspective vs process perspective,output perspective,process perspective,base_to_neg,35,2048,contrastive_hidden_states/data/steering_vectors/Qwen2.5-3B-Instruct/semantic_framing/semantic_framing__output_perspective__process_perspective/base_to_neg.npy
semantic_framing,SEMANTIC FRAMING,semantic_framing__output_perspective__process_perspective,output perspective vs process perspective,output perspective,process perspective,base_to_pos,35,2048,contrastive_hidden_states/data/steering_vectors/Qwen2.5-3B-Instruct/semantic_framing/semantic_framing__output_perspective__process_perspective/base_to_pos.npy
semantic_framing,SEMANTIC FRAMING,semantic_framing__output_perspective__process_perspective,output perspective vs process perspective,output perspective,process perspective,neg_to_pos,35,2048,contrastive_hidden_states/data/steering_vectors/Qwen2.5-3B-Instruct/semantic_framing/semantic_framing__output_perspective__process_perspective/neg_to_pos.npy
semantic_framing,SEMANTIC FRAMING,semantic_framing__output_perspective__process_perspective,output perspective vs process perspective,output perspective,process perspective,pos_to_neg,35,2048,contrastive_hidden_states/data/steering_vectors/Qwen2.5-3B-Instruct/semantic_framing/semantic_framing__output_perspective__process_perspective/pos_to_neg.npy
semantic_framing,SEMANTIC FRAMING,semantic_framing__performance_metric_perspective__well_being_perspective,performance-metric perspective vs well-being perspective,performance-metric perspective,well-being perspective,base_to_neg,35,2048,contrastive_hidden_states/data/steering_vectors/Qwen2.5-3B-Instruct/semantic_framing/semantic_framing__performance_metric_perspective__well_being_perspective/base_to_neg.npy
semantic_framing,SEMANTIC FRAMING,semantic_framing__performance_metric_perspective__well_being_perspective,performance-metric perspective vs well-being perspective,performance-metric perspective,well-being perspective,base_to_pos,35,2048,contrastive_hidden_states/data/steering_vectors/Qwen2.5-3B-Instruct/semantic_framing/semantic_framing__performance_metric_perspective__well_being_perspective/base_to_pos.npy
semantic_framing,SEMANTIC FRAMING,semantic_framing__performance_metric_perspective__well_being_perspective,performance-metric perspective vs well-being perspective,performance-metric perspective,well-being perspective,neg_to_pos,35,2048,contrastive_hidden_states/data/steering_vectors/Qwen2.5-3B-Instruct/semantic_framing/semantic_framing__performance_metric_perspective__well_being_perspective/neg_to_pos.npy
semantic_framing,SEMANTIC FRAMING,semantic_framing__performance_metric_perspective__well_being_perspective,performance-metric perspective vs well-being perspective,performance-metric perspective,well-being perspective,pos_to_neg,35,2048,contrastive_hidden_states/data/steering_vectors/Qwen2.5-3B-Instruct/semantic_framing/semantic_framing__performance_metric_perspective__well_being_perspective/pos_to_neg.npy
semantic_framing,SEMANTIC FRAMING,semantic_framing__performance_perspective__safety_perspective,performance perspective vs safety perspective,performance perspective,safety perspective,base_to_neg,35,2048,contrastive_hidden_states/data/steering_vectors/Qwen2.5-3B-Instruct/semantic_framing/semantic_framing__performance_perspective__safety_perspective/base_to_neg.npy
semantic_framing,SEMANTIC FRAMING,semantic_framing__performance_perspective__safety_perspective,performance perspective vs safety perspective,performance perspective,safety perspective,base_to_pos,35,2048,contrastive_hidden_states/data/steering_vectors/Qwen2.5-3B-Instruct/semantic_framing/semantic_framing__performance_perspective__safety_perspective/base_to_pos.npy
semantic_framing,SEMANTIC FRAMING,semantic_framing__performance_perspective__safety_perspective,performance perspective vs safety perspective,performance perspective,safety perspective,neg_to_pos,35,2048,contrastive_hidden_states/data/steering_vectors/Qwen2.5-3B-Instruct/semantic_framing/semantic_framing__performance_perspective__safety_perspective/neg_to_pos.npy
semantic_framing,SEMANTIC FRAMING,semantic_framing__performance_perspective__safety_perspective,performance perspective vs safety perspective,performance perspective,safety perspective,pos_to_neg,35,2048,contrastive_hidden_states/data/steering_vectors/Qwen2.5-3B-Instruct/semantic_framing/semantic_framing__performance_perspective__safety_perspective/pos_to_neg.npy
semantic_framing,SEMANTIC FRAMING,semantic_framing__practical_perspective__theoretical_perspective,practical perspective vs theoretical perspective,practical perspective,theoretical perspective,base_to_neg,35,2048,contrastive_hidden_states/data/steering_vectors/Qwen2.5-3B-Instruct/semantic_framing/semantic_framing__practical_perspective__theoretical_perspective/base_to_neg.npy
semantic_framing,SEMANTIC FRAMING,semantic_framing__practical_perspective__theoretical_perspective,practical perspective vs theoretical perspective,practical perspective,theoretical perspective,base_to_pos,35,2048,contrastive_hidden_states/data/steering_vectors/Qwen2.5-3B-Instruct/semantic_framing/semantic_framing__practical_perspective__theoretical_perspective/base_to_pos.npy
semantic_framing,SEMANTIC FRAMING,semantic_framing__practical_perspective__theoretical_perspective,practical perspective vs theoretical perspective,practical perspective,theoretical perspective,neg_to_pos,35,2048,contrastive_hidden_states/data/steering_vectors/Qwen2.5-3B-Instruct/semantic_framing/semantic_framing__practical_perspective__theoretical_perspective/neg_to_pos.npy
semantic_framing,SEMANTIC FRAMING,semantic_framing__practical_perspective__theoretical_perspective,practical perspective vs theoretical perspective,practical perspective,theoretical perspective,pos_to_neg,35,2048,contrastive_hidden_states/data/steering_vectors/Qwen2.5-3B-Instruct/semantic_framing/semantic_framing__practical_perspective__theoretical_perspective/pos_to_neg.npy
semantic_framing,SEMANTIC FRAMING,semantic_framing__precision_perspective__robustness_perspective,precision perspective vs robustness perspective,precision perspective,robustness perspective,base_to_neg,35,2048,contrastive_hidden_states/data/steering_vectors/Qwen2.5-3B-Instruct/semantic_framing/semantic_framing__precision_perspective__robustness_perspective/base_to_neg.npy
semantic_framing,SEMANTIC FRAMING,semantic_framing__precision_perspective__robustness_perspective,precision perspective vs robustness perspective,precision perspective,robustness perspective,base_to_pos,35,2048,contrastive_hidden_states/data/steering_vectors/Qwen2.5-3B-Instruct/semantic_framing/semantic_framing__precision_perspective__robustness_perspective/base_to_pos.npy
semantic_framing,SEMANTIC FRAMING,semantic_framing__precision_perspective__robustness_perspective,precision perspective vs robustness perspective,precision perspective,robustness perspective,neg_to_pos,35,2048,contrastive_hidden_states/data/steering_vectors/Qwen2.5-3B-Instruct/semantic_framing/semantic_framing__precision_perspective__robustness_perspective/neg_to_pos.npy
semantic_framing,SEMANTIC FRAMING,semantic_framing__precision_perspective__robustness_perspective,precision perspective vs robustness perspective,precision perspective,robustness perspective,pos_to_neg,35,2048,contrastive_hidden_states/data/steering_vectors/Qwen2.5-3B-Instruct/semantic_framing/semantic_framing__precision_perspective__robustness_perspective/pos_to_neg.npy
semantic_framing,SEMANTIC FRAMING,semantic_framing__prediction_perspective__explanation_perspective,prediction perspective vs explanation perspective,prediction perspective,explanation perspective,base_to_neg,35,2048,contrastive_hidden_states/data/steering_vectors/Qwen2.5-3B-Instruct/semantic_framing/semantic_framing__prediction_perspective__explanation_perspective/base_to_neg.npy
semantic_framing,SEMANTIC FRAMING,semantic_framing__prediction_perspective__explanation_perspective,prediction perspective vs explanation perspective,prediction perspective,explanation perspective,base_to_pos,35,2048,contrastive_hidden_states/data/steering_vectors/Qwen2.5-3B-Instruct/semantic_framing/semantic_framing__prediction_perspective__explanation_perspective/base_to_pos.npy
semantic_framing,SEMANTIC FRAMING,semantic_framing__prediction_perspective__explanation_perspective,prediction perspective vs explanation perspective,prediction perspective,explanation perspective,neg_to_pos,35,2048,contrastive_hidden_states/data/steering_vectors/Qwen2.5-3B-Instruct/semantic_framing/semantic_framing__prediction_perspective__explanation_perspective/neg_to_pos.npy
semantic_framing,SEMANTIC FRAMING,semantic_framing__prediction_perspective__explanation_perspective,prediction perspective vs explanation perspective,prediction perspective,explanation perspective,pos_to_neg,35,2048,contrastive_hidden_states/data/steering_vectors/Qwen2.5-3B-Instruct/semantic_framing/semantic_framing__prediction_perspective__explanation_perspective/pos_to_neg.npy
semantic_framing,SEMANTIC FRAMING,semantic_framing__problem_perspective__solution_perspective,problem perspective vs solution perspective,problem perspective,solution perspective,base_to_neg,35,2048,contrastive_hidden_states/data/steering_vectors/Qwen2.5-3B-Instruct/semantic_framing/semantic_framing__problem_perspective__solution_perspective/base_to_neg.npy
semantic_framing,SEMANTIC FRAMING,semantic_framing__problem_perspective__solution_perspective,problem perspective vs solution perspective,problem perspective,solution perspective,base_to_pos,35,2048,contrastive_hidden_states/data/steering_vectors/Qwen2.5-3B-Instruct/semantic_framing/semantic_framing__problem_perspective__solution_perspective/base_to_pos.npy
semantic_framing,SEMANTIC FRAMING,semantic_framing__problem_perspective__solution_perspective,problem perspective vs solution perspective,problem perspective,solution perspective,neg_to_pos,35,2048,contrastive_hidden_states/data/steering_vectors/Qwen2.5-3B-Instruct/semantic_framing/semantic_framing__problem_perspective__solution_perspective/neg_to_pos.npy
semantic_framing,SEMANTIC FRAMING,semantic_framing__problem_perspective__solution_perspective,problem perspective vs solution perspective,problem perspective,solution perspective,pos_to_neg,35,2048,contrastive_hidden_states/data/steering_vectors/Qwen2.5-3B-Instruct/semantic_framing/semantic_framing__problem_perspective__solution_perspective/pos_to_neg.npy
semantic_framing,SEMANTIC FRAMING,semantic_framing__process_perspective__outcome_perspective,process perspective vs outcome perspective,process perspective,outcome perspective,base_to_neg,35,2048,contrastive_hidden_states/data/steering_vectors/Qwen2.5-3B-Instruct/semantic_framing/semantic_framing__process_perspective__outcome_perspective/base_to_neg.npy
semantic_framing,SEMANTIC FRAMING,semantic_framing__process_perspective__outcome_perspective,process perspective vs outcome perspective,process perspective,outcome perspective,base_to_pos,35,2048,contrastive_hidden_states/data/steering_vectors/Qwen2.5-3B-Instruct/semantic_framing/semantic_framing__process_perspective__outcome_perspective/base_to_pos.npy
semantic_framing,SEMANTIC FRAMING,semantic_framing__process_perspective__outcome_perspective,process perspective vs outcome perspective,process perspective,outcome perspective,neg_to_pos,35,2048,contrastive_hidden_states/data/steering_vectors/Qwen2.5-3B-Instruct/semantic_framing/semantic_framing__process_perspective__outcome_perspective/neg_to_pos.npy
semantic_framing,SEMANTIC FRAMING,semantic_framing__process_perspective__outcome_perspective,process perspective vs outcome perspective,process perspective,outcome perspective,pos_to_neg,35,2048,contrastive_hidden_states/data/steering_vectors/Qwen2.5-3B-Instruct/semantic_framing/semantic_framing__process_perspective__outcome_perspective/pos_to_neg.npy
semantic_framing,SEMANTIC FRAMING,semantic_framing__producer_perspective__consumer_perspective,producer perspective vs consumer perspective,producer perspective,consumer perspective,base_to_neg,35,2048,contrastive_hidden_states/data/steering_vectors/Qwen2.5-3B-Instruct/semantic_framing/semantic_framing__producer_perspective__consumer_perspective/base_to_neg.npy
semantic_framing,SEMANTIC FRAMING,semantic_framing__producer_perspective__consumer_perspective,producer perspective vs consumer perspective,producer perspective,consumer perspective,base_to_pos,35,2048,contrastive_hidden_states/data/steering_vectors/Qwen2.5-3B-Instruct/semantic_framing/semantic_framing__producer_perspective__consumer_perspective/base_to_pos.npy
semantic_framing,SEMANTIC FRAMING,semantic_framing__producer_perspective__consumer_perspective,producer perspective vs consumer perspective,producer perspective,consumer perspective,neg_to_pos,35,2048,contrastive_hidden_states/data/steering_vectors/Qwen2.5-3B-Instruct/semantic_framing/semantic_framing__producer_perspective__consumer_perspective/neg_to_pos.npy
semantic_framing,SEMANTIC FRAMING,semantic_framing__producer_perspective__consumer_perspective,producer perspective vs consumer perspective,producer perspective,consumer perspective,pos_to_neg,35,2048,contrastive_hidden_states/data/steering_vectors/Qwen2.5-3B-Instruct/semantic_framing/semantic_framing__producer_perspective__consumer_perspective/pos_to_neg.npy
semantic_framing,SEMANTIC FRAMING,semantic_framing__quantitative_perspective__qualitative_perspective,quantitative perspective vs qualitative perspective,quantitative perspective,qualitative perspective,base_to_neg,35,2048,contrastive_hidden_states/data/steering_vectors/Qwen2.5-3B-Instruct/semantic_framing/semantic_framing__quantitative_perspective__qualitative_perspective/base_to_neg.npy
semantic_framing,SEMANTIC FRAMING,semantic_framing__quantitative_perspective__qualitative_perspective,quantitative perspective vs qualitative perspective,quantitative perspective,qualitative perspective,base_to_pos,35,2048,contrastive_hidden_states/data/steering_vectors/Qwen2.5-3B-Instruct/semantic_framing/semantic_framing__quantitative_perspective__qualitative_perspective/base_to_pos.npy
semantic_framing,SEMANTIC FRAMING,semantic_framing__quantitative_perspective__qualitative_perspective,quantitative perspective vs qualitative perspective,quantitative perspective,qualitative perspective,neg_to_pos,35,2048,contrastive_hidden_states/data/steering_vectors/Qwen2.5-3B-Instruct/semantic_framing/semantic_framing__quantitative_perspective__qualitative_perspective/neg_to_pos.npy
semantic_framing,SEMANTIC FRAMING,semantic_framing__quantitative_perspective__qualitative_perspective,quantitative perspective vs qualitative perspective,quantitative perspective,qualitative perspective,pos_to_neg,35,2048,contrastive_hidden_states/data/steering_vectors/Qwen2.5-3B-Instruct/semantic_framing/semantic_framing__quantitative_perspective__qualitative_perspective/pos_to_neg.npy
semantic_framing,SEMANTIC FRAMING,semantic_framing__resource_allocation_perspective__value_distribution_perspective,resource-allocation perspective vs value-distribution perspective,resource-allocation perspective,value-distribution perspective,base_to_neg,35,2048,contrastive_hidden_states/data/steering_vectors/Qwen2.5-3B-Instruct/semantic_framing/semantic_framing__resource_allocation_perspective__value_distribution_perspective/base_to_neg.npy
semantic_framing,SEMANTIC FRAMING,semantic_framing__resource_allocation_perspective__value_distribution_perspective,resource-allocation perspective vs value-distribution perspective,resource-allocation perspective,value-distribution perspective,base_to_pos,35,2048,contrastive_hidden_states/data/steering_vectors/Qwen2.5-3B-Instruct/semantic_framing/semantic_framing__resource_allocation_perspective__value_distribution_perspective/base_to_pos.npy
semantic_framing,SEMANTIC FRAMING,semantic_framing__resource_allocation_perspective__value_distribution_perspective,resource-allocation perspective vs value-distribution perspective,resource-allocation perspective,value-distribution perspective,neg_to_pos,35,2048,contrastive_hidden_states/data/steering_vectors/Qwen2.5-3B-Instruct/semantic_framing/semantic_framing__resource_allocation_perspective__value_distribution_perspective/neg_to_pos.npy
semantic_framing,SEMANTIC FRAMING,semantic_framing__resource_allocation_perspective__value_distribution_perspective,resource-allocation perspective vs value-distribution perspective,resource-allocation perspective,value-distribution perspective,pos_to_neg,35,2048,contrastive_hidden_states/data/steering_vectors/Qwen2.5-3B-Instruct/semantic_framing/semantic_framing__resource_allocation_perspective__value_distribution_perspective/pos_to_neg.npy
semantic_framing,SEMANTIC FRAMING,semantic_framing__resource_perspective__impact_perspective,resource perspective vs impact perspective,resource perspective,impact perspective,base_to_neg,35,2048,contrastive_hidden_states/data/steering_vectors/Qwen2.5-3B-Instruct/semantic_framing/semantic_framing__resource_perspective__impact_perspective/base_to_neg.npy
semantic_framing,SEMANTIC FRAMING,semantic_framing__resource_perspective__impact_perspective,resource perspective vs impact perspective,resource perspective,impact perspective,base_to_pos,35,2048,contrastive_hidden_states/data/steering_vectors/Qwen2.5-3B-Instruct/semantic_framing/semantic_framing__resource_perspective__impact_perspective/base_to_pos.npy
semantic_framing,SEMANTIC FRAMING,semantic_framing__resource_perspective__impact_perspective,resource perspective vs impact perspective,resource perspective,impact perspective,neg_to_pos,35,2048,contrastive_hidden_states/data/steering_vectors/Qwen2.5-3B-Instruct/semantic_framing/semantic_framing__resource_perspective__impact_perspective/neg_to_pos.npy
semantic_framing,SEMANTIC FRAMING,semantic_framing__resource_perspective__impact_perspective,resource perspective vs impact perspective,resource perspective,impact perspective,pos_to_neg,35,2048,contrastive_hidden_states/data/steering_vectors/Qwen2.5-3B-Instruct/semantic_framing/semantic_framing__resource_perspective__impact_perspective/pos_to_neg.npy
semantic_framing,SEMANTIC FRAMING,semantic_framing__risk_perspective__opportunity_perspective,risk perspective vs opportunity perspective,risk perspective,opportunity perspective,base_to_neg,35,2048,contrastive_hidden_states/data/steering_vectors/Qwen2.5-3B-Instruct/semantic_framing/semantic_framing__risk_perspective__opportunity_perspective/base_to_neg.npy
semantic_framing,SEMANTIC FRAMING,semantic_framing__risk_perspective__opportunity_perspective,risk perspective vs opportunity perspective,risk perspective,opportunity perspective,base_to_pos,35,2048,contrastive_hidden_states/data/steering_vectors/Qwen2.5-3B-Instruct/semantic_framing/semantic_framing__risk_perspective__opportunity_perspective/base_to_pos.npy
semantic_framing,SEMANTIC FRAMING,semantic_framing__risk_perspective__opportunity_perspective,risk perspective vs opportunity perspective,risk perspective,opportunity perspective,neg_to_pos,35,2048,contrastive_hidden_states/data/steering_vectors/Qwen2.5-3B-Instruct/semantic_framing/semantic_framing__risk_perspective__opportunity_perspective/neg_to_pos.npy
semantic_framing,SEMANTIC FRAMING,semantic_framing__risk_perspective__opportunity_perspective,risk perspective vs opportunity perspective,risk perspective,opportunity perspective,pos_to_neg,35,2048,contrastive_hidden_states/data/steering_vectors/Qwen2.5-3B-Instruct/semantic_framing/semantic_framing__risk_perspective__opportunity_perspective/pos_to_neg.npy
semantic_framing,SEMANTIC FRAMING,semantic_framing__scalability_perspective__feasibility_perspective,scalability perspective vs feasibility perspective,scalability perspective,feasibility perspective,base_to_neg,35,2048,contrastive_hidden_states/data/steering_vectors/Qwen2.5-3B-Instruct/semantic_framing/semantic_framing__scalability_perspective__feasibility_perspective/base_to_neg.npy
semantic_framing,SEMANTIC FRAMING,semantic_framing__scalability_perspective__feasibility_perspective,scalability perspective vs feasibility perspective,scalability perspective,feasibility perspective,base_to_pos,35,2048,contrastive_hidden_states/data/steering_vectors/Qwen2.5-3B-Instruct/semantic_framing/semantic_framing__scalability_perspective__feasibility_perspective/base_to_pos.npy
semantic_framing,SEMANTIC FRAMING,semantic_framing__scalability_perspective__feasibility_perspective,scalability perspective vs feasibility perspective,scalability perspective,feasibility perspective,neg_to_pos,35,2048,contrastive_hidden_states/data/steering_vectors/Qwen2.5-3B-Instruct/semantic_framing/semantic_framing__scalability_perspective__feasibility_perspective/neg_to_pos.npy
semantic_framing,SEMANTIC FRAMING,semantic_framing__scalability_perspective__feasibility_perspective,scalability perspective vs feasibility perspective,scalability perspective,feasibility perspective,pos_to_neg,35,2048,contrastive_hidden_states/data/steering_vectors/Qwen2.5-3B-Instruct/semantic_framing/semantic_framing__scalability_perspective__feasibility_perspective/pos_to_neg.npy
semantic_framing,SEMANTIC FRAMING,semantic_framing__short_term_perspective__long_term_perspective,short-term perspective vs long-term perspective,short-term perspective,long-term perspective,base_to_neg,35,2048,contrastive_hidden_states/data/steering_vectors/Qwen2.5-3B-Instruct/semantic_framing/semantic_framing__short_term_perspective__long_term_perspective/base_to_neg.npy
semantic_framing,SEMANTIC FRAMING,semantic_framing__short_term_perspective__long_term_perspective,short-term perspective vs long-term perspective,short-term perspective,long-term perspective,base_to_pos,35,2048,contrastive_hidden_states/data/steering_vectors/Qwen2.5-3B-Instruct/semantic_framing/semantic_framing__short_term_perspective__long_term_perspective/base_to_pos.npy
semantic_framing,SEMANTIC FRAMING,semantic_framing__short_term_perspective__long_term_perspective,short-term perspective vs long-term perspective,short-term perspective,long-term perspective,neg_to_pos,35,2048,contrastive_hidden_states/data/steering_vectors/Qwen2.5-3B-Instruct/semantic_framing/semantic_framing__short_term_perspective__long_term_perspective/neg_to_pos.npy
semantic_framing,SEMANTIC FRAMING,semantic_framing__short_term_perspective__long_term_perspective,short-term perspective vs long-term perspective,short-term perspective,long-term perspective,pos_to_neg,35,2048,contrastive_hidden_states/data/steering_vectors/Qwen2.5-3B-Instruct/semantic_framing/semantic_framing__short_term_perspective__long_term_perspective/pos_to_neg.npy
semantic_framing,SEMANTIC FRAMING,semantic_framing__supply_perspective__demand_perspective,supply perspective vs demand perspective,supply perspective,demand perspective,base_to_neg,35,2048,contrastive_hidden_states/data/steering_vectors/Qwen2.5-3B-Instruct/semantic_framing/semantic_framing__supply_perspective__demand_perspective/base_to_neg.npy
semantic_framing,SEMANTIC FRAMING,semantic_framing__supply_perspective__demand_perspective,supply perspective vs demand perspective,supply perspective,demand perspective,base_to_pos,35,2048,contrastive_hidden_states/data/steering_vectors/Qwen2.5-3B-Instruct/semantic_framing/semantic_framing__supply_perspective__demand_perspective/base_to_pos.npy
semantic_framing,SEMANTIC FRAMING,semantic_framing__supply_perspective__demand_perspective,supply perspective vs demand perspective,supply perspective,demand perspective,neg_to_pos,35,2048,contrastive_hidden_states/data/steering_vectors/Qwen2.5-3B-Instruct/semantic_framing/semantic_framing__supply_perspective__demand_perspective/neg_to_pos.npy
semantic_framing,SEMANTIC FRAMING,semantic_framing__supply_perspective__demand_perspective,supply perspective vs demand perspective,supply perspective,demand perspective,pos_to_neg,35,2048,contrastive_hidden_states/data/steering_vectors/Qwen2.5-3B-Instruct/semantic_framing/semantic_framing__supply_perspective__demand_perspective/pos_to_neg.npy
semantic_framing,SEMANTIC FRAMING,semantic_framing__technical_perspective__human_centered_perspective,technical perspective vs human-centered perspective,technical perspective,human-centered perspective,base_to_neg,35,2048,contrastive_hidden_states/data/steering_vectors/Qwen2.5-3B-Instruct/semantic_framing/semantic_framing__technical_perspective__human_centered_perspective/base_to_neg.npy
semantic_framing,SEMANTIC FRAMING,semantic_framing__technical_perspective__human_centered_perspective,technical perspective vs human-centered perspective,technical perspective,human-centered perspective,base_to_pos,35,2048,contrastive_hidden_states/data/steering_vectors/Qwen2.5-3B-Instruct/semantic_framing/semantic_framing__technical_perspective__human_centered_perspective/base_to_pos.npy
semantic_framing,SEMANTIC FRAMING,semantic_framing__technical_perspective__human_centered_perspective,technical perspective vs human-centered perspective,technical perspective,human-centered perspective,neg_to_pos,35,2048,contrastive_hidden_states/data/steering_vectors/Qwen2.5-3B-Instruct/semantic_framing/semantic_framing__technical_perspective__human_centered_perspective/neg_to_pos.npy
semantic_framing,SEMANTIC FRAMING,semantic_framing__technical_perspective__human_centered_perspective,technical perspective vs human-centered perspective,technical perspective,human-centered perspective,pos_to_neg,35,2048,contrastive_hidden_states/data/steering_vectors/Qwen2.5-3B-Instruct/semantic_framing/semantic_framing__technical_perspective__human_centered_perspective/pos_to_neg.npy
semantic_framing,SEMANTIC FRAMING,semantic_framing__tradeoff_perspective__win_win_perspective,tradeoff perspective vs win-win perspective,tradeoff perspective,win-win perspective,base_to_neg,35,2048,contrastive_hidden_states/data/steering_vectors/Qwen2.5-3B-Instruct/semantic_framing/semantic_framing__tradeoff_perspective__win_win_perspective/base_to_neg.npy
semantic_framing,SEMANTIC FRAMING,semantic_framing__tradeoff_perspective__win_win_perspective,tradeoff perspective vs win-win perspective,tradeoff perspective,win-win perspective,base_to_pos,35,2048,contrastive_hidden_states/data/steering_vectors/Qwen2.5-3B-Instruct/semantic_framing/semantic_framing__tradeoff_perspective__win_win_perspective/base_to_pos.npy
semantic_framing,SEMANTIC FRAMING,semantic_framing__tradeoff_perspective__win_win_perspective,tradeoff perspective vs win-win perspective,tradeoff perspective,win-win perspective,neg_to_pos,35,2048,contrastive_hidden_states/data/steering_vectors/Qwen2.5-3B-Instruct/semantic_framing/semantic_framing__tradeoff_perspective__win_win_perspective/neg_to_pos.npy
semantic_framing,SEMANTIC FRAMING,semantic_framing__tradeoff_perspective__win_win_perspective,tradeoff perspective vs win-win perspective,tradeoff perspective,win-win perspective,pos_to_neg,35,2048,contrastive_hidden_states/data/steering_vectors/Qwen2.5-3B-Instruct/semantic_framing/semantic_framing__tradeoff_perspective__win_win_perspective/pos_to_neg.npy
semantic_framing,SEMANTIC FRAMING,semantic_framing__utility_perspective__rights_perspective,utility perspective vs rights perspective,utility perspective,rights perspective,base_to_neg,35,2048,contrastive_hidden_states/data/steering_vectors/Qwen2.5-3B-Instruct/semantic_framing/semantic_framing__utility_perspective__rights_perspective/base_to_neg.npy
semantic_framing,SEMANTIC FRAMING,semantic_framing__utility_perspective__rights_perspective,utility perspective vs rights perspective,utility perspective,rights perspective,base_to_pos,35,2048,contrastive_hidden_states/data/steering_vectors/Qwen2.5-3B-Instruct/semantic_framing/semantic_framing__utility_perspective__rights_perspective/base_to_pos.npy
semantic_framing,SEMANTIC FRAMING,semantic_framing__utility_perspective__rights_perspective,utility perspective vs rights perspective,utility perspective,rights perspective,neg_to_pos,35,2048,contrastive_hidden_states/data/steering_vectors/Qwen2.5-3B-Instruct/semantic_framing/semantic_framing__utility_perspective__rights_perspective/neg_to_pos.npy
semantic_framing,SEMANTIC FRAMING,semantic_framing__utility_perspective__rights_perspective,utility perspective vs rights perspective,utility perspective,rights perspective,pos_to_neg,35,2048,contrastive_hidden_states/data/steering_vectors/Qwen2.5-3B-Instruct/semantic_framing/semantic_framing__utility_perspective__rights_perspective/pos_to_neg.npy
